sweeps,scope,variable,chains,draws,mean,rhat_rank,ess_bulk,ess_tail,ess_mean,mcse_mean,ess_bulk_per_sec,mcse_target,ess_target,status
1,compact_aligned,energy_kBT,4,1500,-648.1404073197365,1.0127879356742753,518.2059478823209,1188.309718511247,523.3596063314134,0.25341587151234624,4.509002293609615,nan,400,high_rhat
1,compact_aligned,local_beta_deg,4,1500,12.93204255104804,1.0099886734421057,496.9479706251427,1059.6318050429443,498.9721670628841,0.0661047628830298,4.324032845455221,0.25,400,checks_passed
1,compact_aligned,magnetization,4,1500,0.9654154757465281,1.0075502298804344,481.6249041015908,878.9408894290754,480.50959590537997,0.00040026192046904046,4.190704113158389,0.002,400,checks_passed
1,compact_aligned,abs_muB,4,1500,0.9654154757465281,1.0075502298804344,481.6249041015908,878.9408894290754,480.50959590537997,0.00040026192046904046,4.190704113158389,nan,400,checks_passed
1,compact_aligned,particle_muB_0,4,1500,0.9700349656856215,1.005037308680741,573.5480225653038,705.9522994396362,555.2498387803288,0.0015001382100705586,4.9905435470406765,nan,400,checks_passed
1,compact_aligned,particle_muB_1,4,1500,0.9672034558765124,1.0057625591242287,466.09864499491283,485.70538912262987,346.7912371551373,0.0025196820998631114,4.055607365988118,nan,400,low_ess
1,compact_aligned,particle_muB_2,4,1500,0.969599036327395,1.005905894854313,541.5317855776475,665.7776811301618,549.6180011945695,0.0015673749857295094,4.711964563916242,nan,400,checks_passed
1,compact_aligned,particle_muB_3,4,1500,0.9706204849200036,1.0065983171950503,500.8403927472254,734.41344698524,544.959388347533,0.001566788717622442,4.35790150394494,nan,400,checks_passed
1,compact_aligned,particle_muB_4,4,1500,0.9681025067104798,1.0100074296951844,598.380740538731,703.4091302921059,542.2649931833365,0.0017104963913939257,5.206617451163775,nan,400,high_rhat
1,compact_aligned,particle_muB_5,4,1500,0.9635018262096245,1.0043325925576272,514.1122346766273,543.8473950059655,369.1303644470425,0.0026810157469365262,4.473382165532574,nan,400,low_ess
1,compact_aligned,particle_muB_6,4,1500,0.9682671720838599,1.0061870328144533,519.2906150106207,775.9057810805575,494.3915285669828,0.0016087383634437167,4.518440175573906,nan,400,checks_passed
1,compact_aligned,particle_muB_7,4,1500,0.9553010421153189,1.0082988636895989,472.26590247794576,498.27986476359507,364.11192336544553,0.0031297936455592177,4.109269772315017,nan,400,low_ess
1,compact_aligned,particle_muB_8,4,1500,0.9531226097290919,1.009804430892051,534.6843422694284,680.4478053832752,468.14954130160135,0.0030241360925612436,4.652383739519504,nan,400,checks_passed
1,compact_aligned,particle_muB_9,4,1500,0.9563689829226149,1.00657915645769,502.7185922022831,630.0840173938462,452.17911316866576,0.002559978477121273,4.37424405208689,nan,400,checks_passed
1,compact_aligned,particle_muB_10,4,1500,0.9567753939764373,1.0073735714464673,478.0908159619703,655.1592757868613,462.8220763564763,0.0024678789601898887,4.159953382502966,nan,400,checks_passed
1,compact_aligned,particle_muB_11,4,1500,0.9500528568773031,1.0051005801529829,517.0787379767163,380.73604812186466,307.50814808771446,0.0038941353988624565,4.499194239359136,nan,400,low_ess
1,compact_aligned,particle_muB_12,4,1500,0.9527290499799863,1.0103765871763077,501.3220569320555,580.7216144545602,462.9304446202324,0.0027237673942612866,4.362092549846717,nan,400,high_rhat
1,compact_aligned,particle_muB_13,4,1500,0.9588310595360784,1.0031492687838022,579.2715109909287,778.5415978033618,568.5667580639122,0.0019922952930897207,5.040344639722175,nan,400,checks_passed
1,compact_aligned,particle_muB_14,4,1500,0.9583463895479414,1.0050437249873039,555.2053816825711,730.0443285142112,503.1065494147267,0.0025697176963257787,4.830940960175192,nan,400,checks_passed
1,compact_aligned,particle_muB_15,4,1500,0.9570749981657036,1.0073888778351439,462.11405607806574,394.5112853838276,364.8496990236838,0.003103576877470434,4.020936747793603,nan,400,low_ess
1,compact_aligned,particle_muB_16,4,1500,0.9588788355246238,1.004848109617908,479.84348662473144,530.598717021101,431.2012778724072,0.0026672463922673465,4.175203682254691,nan,400,checks_passed
1,compact_aligned,particle_muB_17,4,1500,0.9590130611764526,1.0064756187725907,503.24387280762573,549.8774595872586,359.9499435508543,0.0029785387295600237,4.378814612235722,nan,400,low_ess
1,compact_aligned,particle_muB_18,4,1500,0.960951363980563,1.0035170653268437,541.2632529507058,521.7021159887157,400.3888879565527,0.0027542508673445974,4.7096280136783735,nan,400,checks_passed
1,compact_aligned,particle_muB_19,4,1500,0.9752165775935863,1.0084959432752252,605.310540554772,802.9833943411794,586.0155918976842,0.0011371766707234303,5.266914875950727,nan,400,checks_passed
1,compact_aligned,particle_muB_20,4,1500,0.9752435048141302,1.0052781623889857,496.4076352189896,773.8013366452675,574.6330535663874,0.0011472337362518096,4.319331290801865,nan,400,checks_passed
1,compact_aligned,particle_muB_21,4,1500,0.9761641363996647,1.0034021437201222,593.8661134031162,760.9276058502016,535.9354957737118,0.0011068959624731278,5.167334875978239,nan,400,checks_passed
1,compact_aligned,particle_muB_22,4,1500,0.9748368625609392,1.0062761028005034,505.2457151972883,650.2713941785306,487.8454964890926,0.0012024513148409714,4.396232999584073,nan,400,checks_passed
1,compact_aligned,particle_muB_23,4,1500,0.9771888544520049,1.0081199312456595,481.3004465461932,781.4707967367916,493.0910236707279,0.001184737543120117,4.18788095015255,nan,400,checks_passed
1,compact_aligned,particle_muB_24,4,1500,0.9752515570702553,1.0051592971200214,729.1664626256246,1021.3423328477318,726.8192499454534,0.0010244782548793844,6.3446073242462635,nan,400,checks_passed
1,compact_aligned,particle_muB_25,4,1500,0.9778878325338726,1.0101604753653968,426.8439763075029,791.0000759407995,474.83295708503385,0.0012162332875770576,3.7140454988004965,nan,400,high_rhat
1,compact_aligned,particle_muB_26,4,1500,0.9796534283861915,1.0103064534476958,520.0602392844081,779.3181681749861,620.7879412332369,0.0008663221663417715,4.525136813522401,nan,400,high_rhat
1,compact_aligned,particle_beta_0,4,1500,12.182048522183939,1.005037308680741,573.5480225653044,705.9522994396362,549.5658193327645,0.30396011570519044,4.990543547040683,nan,400,checks_passed
1,compact_aligned,particle_beta_1,4,1500,12.502250523639816,1.0057625591242287,466.09864499491295,485.7053891226298,378.0451861172174,0.4077434144578575,4.055607365988119,nan,400,low_ess
1,compact_aligned,particle_beta_2,4,1500,12.258897351818751,1.005905894854313,541.5317855776472,665.7776811301618,520.8265867460028,0.3157185454544893,4.711964563916238,nan,400,checks_passed
1,compact_aligned,particle_beta_3,4,1500,12.020445484691193,1.0065983171950503,500.8403927472255,734.41344698524,517.9734515550351,0.313522647414096,4.357901503944942,nan,400,checks_passed
1,compact_aligned,particle_beta_4,4,1500,12.584010735295863,1.0110088022268753,598.380740538731,703.4091302921059,545.8406515132594,0.3147058686734819,5.206617451163775,nan,400,high_rhat
1,compact_aligned,particle_beta_5,4,1500,13.290052035282642,1.0043325925576272,514.1122346766273,535.5526452059828,417.0124326406065,0.40286280996152046,4.473382165532574,nan,400,checks_passed
1,compact_aligned,particle_beta_6,4,1500,12.697746044699809,1.0061870328144533,519.2906150106207,775.9057810805576,490.52986741922183,0.3183422650995455,4.518440175573906,nan,400,checks_passed
1,compact_aligned,particle_beta_7,4,1500,14.67187851144501,1.0082988636895989,472.26590247794553,498.279864763595,410.32978473914477,0.4544993930916961,4.109269772315015,nan,400,checks_passed
1,compact_aligned,particle_beta_8,4,1500,14.941312261448052,1.009804430892051,534.6843422694284,685.0530177811339,481.0635556774218,0.4378420920219646,4.652383739519504,nan,400,checks_passed
1,compact_aligned,particle_beta_9,4,1500,14.687754869612313,1.00657915645769,502.71859220228265,630.0840173938464,462.65133879552883,0.4063289204643884,4.374244052086886,nan,400,checks_passed
1,compact_aligned,particle_beta_10,4,1500,14.520804283953373,1.0073735714464673,478.0908159619705,655.1592757868614,455.32297382415845,0.4148767021286839,4.159953382502968,nan,400,checks_passed
1,compact_aligned,particle_beta_11,4,1500,15.509357853296608,1.0051005801529829,517.0787379767166,380.73604812186414,390.9319577742598,0.4952049888530005,4.499194239359139,nan,400,low_ess
1,compact_aligned,particle_beta_12,4,1500,15.353752451243922,1.0103197859689612,501.32205693205503,574.5303154328199,458.8766503689528,0.4207947580439607,4.362092549846714,nan,400,high_rhat
1,compact_aligned,particle_beta_13,4,1500,14.323321731832408,1.0026908676371185,579.2715109909287,778.5415978033618,549.8732011638632,0.3559601633235505,5.040344639722175,nan,400,checks_passed
1,compact_aligned,particle_beta_14,4,1500,14.142492616882334,1.0050437249873039,555.2053816825709,730.0443285142112,504.27875516164863,0.39683244969072023,4.83094096017519,nan,400,checks_passed
1,compact_aligned,particle_beta_15,4,1500,14.296527381742216,1.0073888778351439,462.1140560780658,394.5112853838278,397.7766553639555,0.4587566571917872,4.020936747793604,nan,400,low_ess
1,compact_aligned,particle_beta_16,4,1500,14.085699906899288,1.004848109617908,479.8434866247316,530.598717021101,434.7066716575719,0.4212464944433232,4.1752036822546925,nan,400,checks_passed
1,compact_aligned,particle_beta_17,4,1500,14.040426167941124,1.0064756187725907,503.2438728076257,533.2961648721978,398.41754060932476,0.4416177752377362,4.378814612235722,nan,400,low_ess
1,compact_aligned,particle_beta_18,4,1500,13.697544302215402,1.0035170653268437,541.2632529507055,524.9224582095684,447.8781014446913,0.4068737354832884,4.709628013678371,nan,400,checks_passed
1,compact_aligned,particle_beta_19,4,1500,11.219463835209,1.0084959432752252,605.3105405547714,802.9833943411794,592.6503152254543,0.2545094945331423,5.266914875950721,nan,400,checks_passed
1,compact_aligned,particle_beta_20,4,1500,11.187617839174278,1.0052781623889857,496.40763521898924,766.4133004659606,514.6042502088163,0.27503145985671884,4.319331290801862,nan,400,checks_passed
1,compact_aligned,particle_beta_21,4,1500,11.054779981700774,1.0034021437201222,593.8661134031158,760.9276058502016,548.2793289103222,0.25505094517807647,5.167334875978236,nan,400,checks_passed
1,compact_aligned,particle_beta_22,4,1500,11.37950501586943,1.0062761028005034,505.24571519728806,654.3568000327659,484.8447339613997,0.27708122815577474,4.396232999584071,nan,400,checks_passed
1,compact_aligned,particle_beta_23,4,1500,10.644175743715772,1.0074520977598234,481.30044654619314,781.4707967367912,473.680109436821,0.28263339558094785,4.18788095015255,nan,400,checks_passed
1,compact_aligned,particle_beta_24,4,1500,11.154802157108223,1.0047782450393314,729.1664626256244,1021.3423328477318,709.3518864315225,0.2363030635227836,6.344607324246262,nan,400,checks_passed
1,compact_aligned,particle_beta_25,4,1500,10.490664979103038,1.0101604753653968,426.8439763075025,791.0000759408001,442.48443234747094,0.2870950957653846,3.714045498800493,nan,400,high_rhat
1,compact_aligned,particle_beta_26,4,1500,10.227816290292465,1.0103064534476958,520.0602392844081,788.1606135598121,549.9837656585073,0.23342090809922394,4.525136813522401,nan,400,high_rhat
1,compact_tilted40,energy_kBT,4,1500,-583.884038896258,1.0217630274976683,236.58023130920827,631.7389307028749,230.10368673091338,0.3836859951819115,2.1612124939128705,nan,400,"high_rhat,low_ess"
1,compact_tilted40,local_beta_deg,4,1500,26.47819122095716,1.0410496618939682,71.7161985294299,155.94964489011105,70.46890467871044,0.4292759797347638,0.6551432612100375,0.25,400,"high_rhat,low_ess,high_mcse"
1,compact_tilted40,magnetization,4,1500,0.8335410442053377,1.0551015278331777,63.141738747688514,55.20612057905064,52.02187548210585,0.0031152450840023424,0.576813683517501,0.002,400,"high_rhat,low_ess,high_mcse"
1,compact_tilted40,abs_muB,4,1500,0.8335420602339112,1.0551020356257144,63.13940398237174,55.20612057905064,52.018417595357384,0.0031151502146885028,0.5767923549223556,nan,400,"high_rhat,low_ess"
1,compact_tilted40,particle_muB_0,4,1500,0.8048978804422384,1.0238564165033621,146.30373578057623,156.51378941168466,112.09412548110039,0.01395758644738579,1.3365168337410522,nan,400,"high_rhat,low_ess"
1,compact_tilted40,particle_muB_1,4,1500,0.8185258764700101,1.045450380071603,107.19426923739799,132.32864938743697,81.72833194741311,0.014739333487023972,0.9792432472894765,nan,400,"high_rhat,low_ess"
1,compact_tilted40,particle_muB_2,4,1500,0.825527541852177,1.008719764804283,459.6973597593238,606.0105462172189,420.35881833940886,0.004503023015986047,4.199436579433002,nan,400,checks_passed
1,compact_tilted40,particle_muB_3,4,1500,0.8174124562267375,1.0207838699047376,393.31058246173217,543.5396139996757,368.6305694971984,0.005033959110613364,3.592978754397552,nan,400,"high_rhat,low_ess"
1,compact_tilted40,particle_muB_4,4,1500,0.8584332423078966,1.0071429597697363,528.566426511381,976.5102829822767,539.5628252161675,0.0036827547632547184,4.8285706650875735,nan,400,checks_passed
1,compact_tilted40,particle_muB_5,4,1500,0.8173097156646258,1.0059389918821124,266.48922140704656,263.30776349938617,207.15068273930754,0.008028932083212283,2.4344377026382813,nan,400,low_ess
1,compact_tilted40,particle_muB_6,4,1500,0.8137779820687776,1.0229198809957893,179.14049705101425,195.72088018961563,130.03012026403897,0.011177251825493994,1.6364878766493305,nan,400,"high_rhat,low_ess"
1,compact_tilted40,particle_muB_7,4,1500,0.8405708926904408,1.0375551523818245,121.52212158957886,726.6824819756209,123.95724570648969,0.007897524455852789,1.1101313326680073,nan,400,"high_rhat,low_ess"
1,compact_tilted40,particle_muB_8,4,1500,0.83572623650126,1.0277767327227356,258.6143083677468,509.0006507409651,223.1141889983989,0.006693964522351453,2.3624986384365565,nan,400,"high_rhat,low_ess"
1,compact_tilted40,particle_muB_9,4,1500,0.7814186456765766,1.0158974540558832,285.28223338205464,210.018773359112,207.81887546152765,0.007597297039916522,2.606116004134053,nan,400,"high_rhat,low_ess"
1,compact_tilted40,particle_muB_10,4,1500,0.800615029689287,1.0060697467641906,493.85556788075723,877.9885594609096,492.98627635893075,0.004437633930855485,4.511479330229166,nan,400,checks_passed
1,compact_tilted40,particle_muB_11,4,1500,0.8142144766452936,1.0676864225644482,78.20856021978084,122.97698698942688,47.14947796772808,0.022067801141301423,0.7144524144834944,nan,400,"high_rhat,low_ess"
1,compact_tilted40,particle_muB_12,4,1500,0.8612910392321789,1.0039293965416498,572.386614063401,797.47643733837,518.4421769628195,0.0038704641217306786,5.228877724975653,nan,400,checks_passed
1,compact_tilted40,particle_muB_13,4,1500,0.8215040984141724,1.0138017073114358,399.3111022081324,429.46003100136284,339.9320261173367,0.005453025730334104,3.647794823238661,nan,400,"high_rhat,low_ess"
1,compact_tilted40,particle_muB_14,4,1500,0.8682324609011555,1.008866772726403,427.66787578555176,951.204866428712,394.3214034357193,0.00400677104246565,3.90684019234424,nan,400,low_ess
1,compact_tilted40,particle_muB_15,4,1500,0.8257233129479385,1.0107669052653743,529.3740447906729,596.1411617903336,431.6807791835517,0.004716811074370153,4.83594843585844,nan,400,high_rhat
1,compact_tilted40,particle_muB_16,4,1500,0.8577051814647048,1.0120992803457136,368.88077190779984,351.4075929650683,282.7611566859369,0.005307154863601327,3.3698070569953438,nan,400,"high_rhat,low_ess"
1,compact_tilted40,particle_muB_17,4,1500,0.8243673394072278,1.0075377158278673,499.33956442761814,771.9971676784871,495.3952874383008,0.004168842995760809,4.5615768459347805,nan,400,checks_passed
1,compact_tilted40,particle_muB_18,4,1500,0.8154197619363295,1.007251790939765,508.4112109970901,521.4114611336491,392.18596831462185,0.005138759399379226,4.644448334384211,nan,400,low_ess
1,compact_tilted40,particle_muB_19,4,1500,0.84246197654862,1.0083925769405533,372.0225480713951,409.9117598503414,335.4077378421797,0.0049512536704548514,3.3985078738821324,nan,400,low_ess
1,compact_tilted40,particle_muB_20,4,1500,0.8652495342194448,1.0096158517007354,482.22563944719997,695.5948774928507,495.2546822581937,0.0035837367500892417,4.4052373737697295,nan,400,checks_passed
1,compact_tilted40,particle_muB_21,4,1500,0.859088150331511,1.0140358054271583,414.19862056825383,826.5761355301353,404.8371191479423,0.00393608194069683,3.783795580804914,nan,400,high_rhat
1,compact_tilted40,particle_muB_22,4,1500,0.861536953392306,1.0077426387326174,519.787962181291,637.0775936577729,474.9206946920365,0.0036935648455118904,4.748377460936198,nan,400,checks_passed
1,compact_tilted40,particle_muB_23,4,1500,0.8473602142091228,1.003944503628088,641.377079294302,927.5280307107159,638.6465490701304,0.003235146981744268,5.85912081245919,nan,400,checks_passed
1,compact_tilted40,particle_muB_24,4,1500,0.8393015124149749,1.0144152490344316,380.68777760381437,741.8867336453322,392.73120038283787,0.004380786310163678,3.477666653229215,nan,400,"high_rhat,low_ess"
1,compact_tilted40,particle_muB_25,4,1500,0.8475193037283297,1.010627344604739,617.5335256971331,974.4719343331091,631.6702162995133,0.0028968685433605557,5.6413047014159465,nan,400,high_rhat
1,compact_tilted40,particle_muB_26,4,1500,0.8404173781607824,1.0231726219291908,344.0670698637551,760.4889429515596,334.0360700964785,0.004355665836133496,3.143128426320873,nan,400,"high_rhat,low_ess"
1,compact_tilted40,particle_beta_0,4,1500,32.27309653833372,1.0482983536636483,77.01689757852492,100.38492297512929,56.230416643898415,3.4635995536679327,0.7035663139223473,nan,400,"high_rhat,low_ess"
1,compact_tilted40,particle_beta_1,4,1500,31.527814779569244,1.0566481054934516,78.9593325358414,168.60243825045671,64.70689474811397,2.719471995154958,0.7213108848661415,nan,400,"high_rhat,low_ess"
1,compact_tilted40,particle_beta_2,4,1500,29.15291358131029,1.0343771819350278,127.71121091282055,226.70736094423035,106.8955536413356,2.128841665593885,1.1666700261053742,nan,400,"high_rhat,low_ess"
1,compact_tilted40,particle_beta_3,4,1500,25.54904612269922,1.0649196282577797,84.91844174299656,194.87950799539234,43.21166798153365,3.1365033260718134,0.7757486593151077,nan,400,"high_rhat,low_ess"
1,compact_tilted40,particle_beta_4,4,1500,27.423590105742342,1.0363906436348467,92.35618450477462,310.57577245013744,68.28290459957809,2.244727798855764,0.8436940767927645,nan,400,"high_rhat,low_ess"
1,compact_tilted40,particle_beta_5,4,1500,26.08060823252569,1.0060243301246896,179.44466712552784,158.96826418679407,130.80988511795618,1.6251768528234374,1.6392665372401811,nan,400,low_ess
1,compact_tilted40,particle_beta_6,4,1500,35.27131530387379,1.1226542027092883,26.48767564293667,38.73296850471088,18.83753954134233,5.720367151833608,0.24197074800982418,nan,400,"high_rhat,low_ess"
1,compact_tilted40,particle_beta_7,4,1500,34.9906959745094,1.0888797031867534,42.34733708565549,268.99697218892436,31.113297245930685,3.936597729575001,0.38685224664372136,nan,400,"high_rhat,low_ess"
1,compact_tilted40,particle_beta_8,4,1500,37.65031596770737,1.0773547416992366,53.148818200784476,391.42433303837703,47.64722085485789,3.2439689439822215,0.4855261544744644,nan,400,"high_rhat,low_ess"
1,compact_tilted40,particle_beta_9,4,1500,21.80920815247971,1.0360355175596676,80.7944189886625,29.47409955676602,36.16856444498193,3.5127845745514565,0.7380748035896111,nan,400,"high_rhat,low_ess"
1,compact_tilted40,particle_beta_10,4,1500,17.243196018849368,1.0105239831725543,310.4562409961785,256.2157597078926,214.5221988520961,0.8413103411248236,2.8360861055090645,nan,400,"high_rhat,low_ess"
1,compact_tilted40,particle_beta_11,4,1500,40.033066932841024,1.1775295484564519,18.34442787997866,89.86994754120487,15.469713252891864,7.157601802687796,0.16758038703612657,nan,400,"high_rhat,low_ess"
1,compact_tilted40,particle_beta_12,4,1500,24.7853399771726,1.0189609990161896,252.4238993525173,189.4435529857803,172.2003980815038,1.2631931534016128,2.3059478893223635,nan,400,"high_rhat,low_ess"
1,compact_tilted40,particle_beta_13,4,1500,22.007022930500924,1.027055085633438,102.31008695433448,50.025508366532726,51.118506952738,2.5583001344029297,0.9346251669270964,nan,400,"high_rhat,low_ess"
1,compact_tilted40,particle_beta_14,4,1500,40.491500325594835,1.0417256433145226,144.26443905897727,567.2246451758139,142.3943012634364,1.6291482454768416,1.3178874092573352,nan,400,"high_rhat,low_ess"
1,compact_tilted40,particle_beta_15,4,1500,20.43669817261626,1.0052647985968433,273.15638424039173,158.03805144774742,173.11980475566213,1.136015884340908,2.4953437028338112,nan,400,low_ess
1,compact_tilted40,particle_beta_16,4,1500,44.83522592336444,1.045011693678948,124.23484294352107,263.36065649421676,124.7922345489718,1.7529981147247242,1.1349126394162519,nan,400,"high_rhat,low_ess"
1,compact_tilted40,particle_beta_17,4,1500,18.938309847639463,1.0053123791043377,359.62738248707365,459.85535996823796,297.9205170974955,0.755375517840227,3.2852753075907337,nan,400,low_ess
1,compact_tilted40,particle_beta_18,4,1500,23.431611958532137,1.0224629923304172,107.4030344188244,65.2022958722458,59.04383063653912,2.5753141176873595,0.9811503631794896,nan,400,"high_rhat,low_ess"
1,compact_tilted40,particle_beta_19,4,1500,21.09924297998465,1.0189460803810557,248.5244208178897,381.3351931600091,216.85758389971772,0.9289760882834001,2.270325294475174,nan,400,"high_rhat,low_ess"
1,compact_tilted40,particle_beta_20,4,1500,23.66831890165836,1.0674430349265152,47.863140339049174,74.95977112091306,28.664815696947592,2.9530464216572603,0.43724032361545817,nan,400,"high_rhat,low_ess"
1,compact_tilted40,particle_beta_21,4,1500,21.53500363172702,1.0223736366640397,239.9583358204501,393.347753842513,212.73353282896795,0.9876797997605203,2.192072222280864,nan,400,"high_rhat,low_ess"
1,compact_tilted40,particle_beta_22,4,1500,24.504174925833976,1.0341335215514664,143.5911916512976,393.50776287765564,118.0340267492623,1.5483413825945935,1.311737145979124,nan,400,"high_rhat,low_ess"
1,compact_tilted40,particle_beta_23,4,1500,21.421835074429865,1.029845349986598,204.2564688122549,189.745766405187,160.13206565270175,1.2388570915397599,1.8659278077322088,nan,400,"high_rhat,low_ess"
1,compact_tilted40,particle_beta_24,4,1500,18.18518119512049,1.031058982944021,181.8584297021563,335.8910855291469,144.08752939103283,1.0558930605011936,1.6613167897447134,nan,400,"high_rhat,low_ess"
1,compact_tilted40,particle_beta_25,4,1500,15.72691389570553,1.0067392570276854,497.8249304715023,490.2746751163435,402.24745752506664,0.44870440073133844,4.547740331313303,nan,400,checks_passed
1,compact_tilted40,particle_beta_26,4,1500,14.83991551552153,1.017979165266851,453.06989146147146,623.0251765877158,414.01315575108634,0.43642362304531696,4.138893197557577,nan,400,high_rhat
1,expanded_aligned,energy_kBT,4,1500,-613.2349007234574,1.0094360785294754,449.8927931209252,782.0074560914389,429.15647009587667,0.2925502155464647,3.7838342363418893,nan,400,checks_passed
1,expanded_aligned,local_beta_deg,4,1500,12.690160859966976,1.0087915838063615,456.97526124535904,630.2595820014602,433.51618559192065,0.0705908788475001,3.8434015060932625,0.25,400,checks_passed
1,expanded_aligned,magnetization,4,1500,0.9669271096759626,1.0078646670725315,450.348760374978,661.675658028765,412.96574052936177,0.0004225260987468056,3.787669159979068,0.002,400,checks_passed
1,expanded_aligned,abs_muB,4,1500,0.9669271096759626,1.0078646670725315,450.348760374978,661.675658028765,412.96574052936177,0.0004225260987468056,3.787669159979068,nan,400,checks_passed
1,expanded_aligned,particle_muB_0,4,1500,0.9666163501215357,1.0080128129316472,598.456557912326,628.5950059448624,486.6137150353151,0.00195962768966473,5.0333333794554145,nan,400,checks_passed
1,expanded_aligned,particle_muB_1,4,1500,0.968802973466101,1.0060152258933923,495.81056239254457,537.296290182677,459.6872964311656,0.0017183514245391472,4.170026747275712,nan,400,checks_passed
1,expanded_aligned,particle_muB_2,4,1500,0.9689790209181406,1.0078684149119805,577.2213013908439,627.170552527521,526.0912017806629,0.0015447103777824712,4.854733740003334,nan,400,checks_passed
1,expanded_aligned,particle_muB_3,4,1500,0.9712498331392759,1.0045614607447326,622.8609771672078,671.4206111080733,456.08504898262623,0.001746342895670302,5.238587338857788,nan,400,checks_passed
1,expanded_aligned,particle_muB_4,4,1500,0.9701229768646878,1.0167413431045562,422.7479295932854,546.8873310762634,338.0573237129918,0.002119186422955353,3.5555317039892445,nan,400,"high_rhat,low_ess"
1,expanded_aligned,particle_muB_5,4,1500,0.9699773796644131,1.0085057772023491,539.1887572556805,749.706537770742,520.6746288212058,0.0016043542496196918,4.5348601061193285,nan,400,checks_passed
1,expanded_aligned,particle_muB_6,4,1500,0.968159187451172,1.001463031032454,548.5404650579405,534.6736684436114,421.6302297549076,0.002150399466285156,4.613512871159168,nan,400,checks_passed
1,expanded_aligned,particle_muB_7,4,1500,0.9601359907022478,1.009125629493973,609.3147803996512,823.4731527172862,579.9356356503864,0.002164516823831326,5.124656722753147,nan,400,checks_passed
1,expanded_aligned,particle_muB_8,4,1500,0.960661990789735,1.0038525612656526,556.6078185162276,671.5702350324947,509.7066739232479,0.0020860215338600616,4.681363542872268,nan,400,checks_passed
1,expanded_aligned,particle_muB_9,4,1500,0.9592733279006661,1.0067247136764295,574.7016023096023,681.7803939241619,504.6821147558037,0.0024992278431024734,4.833541749834426,nan,400,checks_passed
1,expanded_aligned,particle_muB_10,4,1500,0.955347305945407,1.007000393378225,540.9678902973485,525.0723604438484,426.1807218380256,0.0027123059744034454,4.5498235476703055,nan,400,checks_passed
1,expanded_aligned,particle_muB_11,4,1500,0.9647695428190152,1.0060754279621857,605.3003021186037,719.3380734030255,572.7423231423115,0.0017238602717788941,5.0908928559094395,nan,400,checks_passed
1,expanded_aligned,particle_muB_12,4,1500,0.9561667036934423,1.0039825674392613,501.51511181145537,439.6051646647169,359.35633115706906,0.0032283855025114078,4.218004998370695,nan,400,low_ess
1,expanded_aligned,particle_muB_13,4,1500,0.9575063902208527,1.0119117690055477,483.3840128885959,745.6378539397642,476.30163767347125,0.0025402249493931476,4.065512951607952,nan,400,high_rhat
1,expanded_aligned,particle_muB_14,4,1500,0.9619978356509855,1.0130159217354509,613.4699571017394,758.0443502062889,539.9380203612736,0.0021118571081489,5.1596039370757945,nan,400,high_rhat
1,expanded_aligned,particle_muB_15,4,1500,0.9591590912501395,1.0177415160245866,573.7825402803101,688.8542724308929,436.5782547315375,0.002867798173409112,4.825811956370446,nan,400,high_rhat
1,expanded_aligned,particle_muB_16,4,1500,0.96334106275057,1.004260470998834,469.1135243646032,480.5384354335296,360.7845717032769,0.002651499848399245,3.945490662137994,nan,400,low_ess
1,expanded_aligned,particle_muB_17,4,1500,0.9634398366835015,1.0055273278696457,443.9815789552241,520.5921272913356,395.0819170370805,0.002410752231213441,3.734117826387047,nan,400,low_ess
1,expanded_aligned,particle_muB_18,4,1500,0.9562473317488196,1.0075131253244727,520.303233648762,524.1962647791278,416.09180449610795,0.002899026900209016,4.376022952273448,nan,400,checks_passed
1,expanded_aligned,particle_muB_19,4,1500,0.9734246508830274,1.006287142293781,605.3088035437651,858.2079007191336,552.1622941784406,0.001385605964483553,5.090964357351728,nan,400,checks_passed
1,expanded_aligned,particle_muB_20,4,1500,0.972990500736439,1.0062998699334629,550.6743747686179,810.0175951874489,558.6751089089015,0.0012128737788941815,4.631460170480215,nan,400,checks_passed
1,expanded_aligned,particle_muB_21,4,1500,0.97576945261128,1.00969370018522,605.9790314118184,824.4653684168416,643.9389873238299,0.0010935058485662544,5.0966013250739675,nan,400,checks_passed
1,expanded_aligned,particle_muB_22,4,1500,0.9749193578260312,1.0062841023484872,595.1965094749936,684.3525395715086,523.6037948472166,0.0011994585456612467,5.005914663090256,nan,400,checks_passed
1,expanded_aligned,particle_muB_23,4,1500,0.9760879638836789,1.0039259349594605,576.1287889808519,757.1008547798398,544.7682137714561,0.0011243970839870602,4.845545137910202,nan,400,checks_passed
1,expanded_aligned,particle_muB_24,4,1500,0.974101685176398,1.006219683173152,514.1018656150572,784.0883487184586,528.6315262706885,0.0012838822709741468,4.3238661961820455,nan,400,checks_passed
1,expanded_aligned,particle_muB_25,4,1500,0.9783271448186776,1.0078230952781002,464.58206303260397,887.354596397462,480.11564515544467,0.0010781082831467395,3.9073786968190265,nan,400,checks_passed
1,expanded_aligned,particle_muB_26,4,1500,0.9794570735347485,1.0158652736907863,483.0299169884127,922.6108226253119,439.6078263655626,0.001020074637258028,4.062534819460586,nan,400,high_rhat
1,expanded_aligned,particle_beta_0,4,1500,12.847493968638354,1.0076427888386363,598.456557912326,621.6085198156632,522.9231102089155,0.3318186978474923,5.0333333794554145,nan,400,checks_passed
1,expanded_aligned,particle_beta_1,4,1500,12.46529185598559,1.0060152258933923,495.8105623925446,537.296290182677,453.2696055740945,0.33901487061621793,4.170026747275712,nan,400,checks_passed
1,expanded_aligned,particle_beta_2,4,1500,12.535196188602226,1.0078684149119805,577.2213013908435,625.2285178812004,547.3586329484839,0.2993796816217644,4.85473374000333,nan,400,checks_passed
1,expanded_aligned,particle_beta_3,4,1500,11.912500707401088,1.0034623719068476,622.8609771672074,671.4206111080733,534.352055360775,0.30405822255048987,5.2385873388577835,nan,400,checks_passed
1,expanded_aligned,particle_beta_4,4,1500,12.206767416264688,1.0167413431045562,422.7479295932854,546.8873310762633,363.13643863003284,0.3709028249591459,3.5555317039892445,nan,400,"high_rhat,low_ess"
1,expanded_aligned,particle_beta_5,4,1500,12.119482190095155,1.0085057772023491,539.1887572556803,798.1494484657956,515.3986024246312,0.3200555767206171,4.534860106119328,nan,400,checks_passed
1,expanded_aligned,particle_beta_6,4,1500,12.384085361467912,1.0014888902636752,548.5404650579409,526.542867623206,458.6369903567711,0.3590562054252161,4.613512871159171,nan,400,checks_passed
1,expanded_aligned,particle_beta_7,4,1500,13.944279280970703,1.0080126570274188,609.3147803996513,812.8864456923557,578.5760747576805,0.3535835291100713,5.124656722753149,nan,400,checks_passed
1,expanded_aligned,particle_beta_8,4,1500,13.952610049494453,1.0038525612656526,556.6078185162277,671.5702350324947,516.4331544427864,0.3626613001003494,4.681363542872269,nan,400,checks_passed
1,expanded_aligned,particle_beta_9,4,1500,14.073616664353407,1.0058207922905447,574.7016023096021,677.0644450303009,520.1953351087157,0.37989003443539093,4.833541749834424,nan,400,checks_passed
1,expanded_aligned,particle_beta_10,4,1500,14.80482769304421,1.0064658854331914,540.9678902973488,525.0723604438484,479.8634993976274,0.4081810258455985,4.549823547670308,nan,400,checks_passed
1,expanded_aligned,particle_beta_11,4,1500,13.255631267188495,1.0060754279621857,605.3003021186041,719.3380734030255,564.0418066179482,0.32330386608224215,5.090892855909443,nan,400,checks_passed
1,expanded_aligned,particle_beta_12,4,1500,14.450352843556624,1.0044112691012532,501.51511181145526,453.8079650570137,402.8657807649958,0.46109904109226063,4.218004998370694,nan,400,checks_passed
1,expanded_aligned,particle_beta_13,4,1500,14.348454070621917,1.0119117690055477,483.384012888596,735.0804679675712,428.8276283104514,0.4287322186935896,4.0655129516079525,nan,400,high_rhat
1,expanded_aligned,particle_beta_14,4,1500,13.711582362902044,1.0130159217354506,613.4699571017401,754.2626488068762,567.504194690098,0.3409603739690266,5.159603937075801,nan,400,high_rhat
1,expanded_aligned,particle_beta_15,4,1500,13.8890145276534,1.0177415160245866,573.7825402803101,691.3500157358784,496.6291483033748,0.40512756074568823,4.825811956370446,nan,400,high_rhat
1,expanded_aligned,particle_beta_16,4,1500,13.11518436629224,1.0034550432136593,469.11352436460294,480.5384354335294,397.80330750589445,0.4289168907671975,3.9454906621379915,nan,400,low_ess
1,expanded_aligned,particle_beta_17,4,1500,13.290953980067357,1.0055273278696457,443.9815789552242,522.8028489114125,410.6789958626551,0.40569468587492014,3.734117826387048,nan,400,checks_passed
1,expanded_aligned,particle_beta_18,4,1500,14.500047396956118,1.0075131253244727,520.3032336487622,521.3845631509287,451.701176230399,0.4295562341488536,4.37602295227345,nan,400,checks_passed
1,expanded_aligned,particle_beta_19,4,1500,11.481001644124282,1.0079348148312879,605.3088035437651,854.4712603476925,577.4247333408792,0.27816514050011887,5.090964357351728,nan,400,checks_passed
1,expanded_aligned,particle_beta_20,4,1500,11.769366937605271,1.0062998699334629,550.6743747686177,804.0491588713592,537.2015736554706,0.2747877449403631,4.631460170480214,nan,400,checks_passed
1,expanded_aligned,particle_beta_21,4,1500,11.05962676395658,1.0080752136668618,605.9790314118187,821.5830885409715,603.8676461776206,0.25185608494341066,5.09660132507397,nan,400,checks_passed
1,expanded_aligned,particle_beta_22,4,1500,11.321872834922509,1.0062841023484872,595.1965094749941,684.3525395715086,554.5837050476009,0.26190808529368403,5.00591466309026,nan,400,checks_passed
1,expanded_aligned,particle_beta_23,4,1500,11.001383980456357,1.0044747061998596,576.1287889808519,757.1008547798398,541.1000007421163,0.26284781663598916,4.845545137910202,nan,400,checks_passed
1,expanded_aligned,particle_beta_24,4,1500,11.380830197865182,1.006219683173152,514.1018656150572,784.0883487184592,497.320754636288,0.2914919608938063,4.3238661961820455,nan,400,checks_passed
1,expanded_aligned,particle_beta_25,4,1500,10.535408817292012,1.0078230952781002,464.5820630326045,887.3545963974618,443.13544659385707,0.2706302670040035,3.9073786968190305,nan,400,checks_passed
1,expanded_aligned,particle_beta_26,4,1500,10.277479851330181,1.0143056532195733,483.02991698841277,948.409885372269,438.6728628430219,0.26253567353247237,4.062534819460587,nan,400,high_rhat
1,expanded_tilted,energy_kBT,4,1500,-548.0147792406476,1.0248253468924535,254.4601261300415,763.7988100314896,252.7421388151373,0.372728441134489,2.191471337172142,nan,400,"high_rhat,low_ess"
1,expanded_tilted,local_beta_deg,4,1500,26.166839069960144,1.0597947207288587,60.31278234408311,365.8788724609368,63.74518378029044,0.4195162726329369,0.5194280761482174,0.25,400,"high_rhat,low_ess,high_mcse"
1,expanded_tilted,magnetization,4,1500,0.8475208023067623,1.0276946372731512,243.9783738968226,556.3019694963803,233.96824701845014,0.0012702867029771498,2.10119998530344,0.002,400,"high_rhat,low_ess"
1,expanded_tilted,abs_muB,4,1500,0.8475208023067623,1.0276946372731512,243.9783738968226,556.3019694963803,233.96824701845014,0.0012702867029771498,2.10119998530344,nan,400,"high_rhat,low_ess"
1,expanded_tilted,particle_muB_0,4,1500,0.849135033072717,1.0101826481121692,377.70846575649045,367.33180479853047,263.14356565938533,0.006159541055809924,3.2529154532038564,nan,400,"high_rhat,low_ess"
1,expanded_tilted,particle_muB_1,4,1500,0.8656071247363846,1.0069722488355695,712.0220290297398,644.2777637331451,598.1661887987269,0.003361669243312707,6.132103649341107,nan,400,checks_passed
1,expanded_tilted,particle_muB_2,4,1500,0.8352634026694932,1.0037544415191941,543.6476435280866,718.5096932465477,507.05421602485455,0.00396955538146225,4.682023256186405,nan,400,checks_passed
1,expanded_tilted,particle_muB_3,4,1500,0.8408733502466448,1.004079660594821,674.2530761823376,905.1578500919849,639.5951181563637,0.0033939520667874475,5.806828413260352,nan,400,checks_passed
1,expanded_tilted,particle_muB_4,4,1500,0.8601512553897458,1.0174126667247938,382.74383485442854,221.07659783678272,236.51018083006284,0.006358210548351671,3.2962812536459043,nan,400,"high_rhat,low_ess"
1,expanded_tilted,particle_muB_5,4,1500,0.8510249544106974,1.012347161477756,407.17054339560565,268.2011342859218,293.17578187323875,0.006007932972720566,3.50664989742348,nan,400,"high_rhat,low_ess"
1,expanded_tilted,particle_muB_6,4,1500,0.8434996837847469,1.0041968881862418,449.0593418515748,627.1266230622886,392.20336486263056,0.0046886005322875676,3.8674062271516343,nan,400,low_ess
1,expanded_tilted,particle_muB_7,4,1500,0.8492066364860757,1.0046174330325808,629.7174191842937,944.5035877121296,567.7123229916737,0.003614353794191188,5.423276706053127,nan,400,checks_passed
1,expanded_tilted,particle_muB_8,4,1500,0.8538970861213153,1.0115228594992256,639.0339661994618,1043.9336841619804,603.6932958027572,0.00346832684704536,5.503513032489291,nan,400,high_rhat
1,expanded_tilted,particle_muB_9,4,1500,0.8060154583020929,1.0127309136911702,377.8611811117077,494.4032058828645,316.7989369118009,0.006153337944909513,3.2542306742909264,nan,400,"high_rhat,low_ess"
1,expanded_tilted,particle_muB_10,4,1500,0.8071749796101709,1.0104809665967784,499.8811864379869,778.7305555277599,467.88894296142774,0.004906101857861474,4.305096082168139,nan,400,high_rhat
1,expanded_tilted,particle_muB_11,4,1500,0.8702771503753983,1.013680479486708,539.2920057226028,661.6384380075365,441.21470992486866,0.004178812932176075,4.644511463863614,nan,400,high_rhat
1,expanded_tilted,particle_muB_12,4,1500,0.8546925412697414,1.0175237082145077,249.98721553664382,149.70723002851696,179.898101761367,0.008084169174661702,2.152949563610829,nan,400,"high_rhat,low_ess"
1,expanded_tilted,particle_muB_13,4,1500,0.8404651746327142,1.0042995124114589,525.5172395792687,602.9755752014435,483.8646399511128,0.004217454835011273,4.525879890271063,nan,400,checks_passed
1,expanded_tilted,particle_muB_14,4,1500,0.8702790861545864,1.0102451440829987,580.5922772242831,627.6375140545833,520.2986763069249,0.003532608910286273,5.000199259000152,nan,400,high_rhat
1,expanded_tilted,particle_muB_15,4,1500,0.836327103977174,1.0057945942399504,477.80346384347183,535.4999523027853,435.899202489819,0.004386655171888358,4.114957465985926,nan,400,checks_passed
1,expanded_tilted,particle_muB_16,4,1500,0.8690925822673283,1.010012053039064,475.6729302637202,1031.1269318754464,378.3571363182352,0.004274405785207407,4.096608802311514,nan,400,"high_rhat,low_ess"
1,expanded_tilted,particle_muB_17,4,1500,0.8104585392234234,1.038923514477505,262.2701704319393,92.69277240475819,67.87112499178669,0.014816382261085961,2.2587333026908842,nan,400,"high_rhat,low_ess"
1,expanded_tilted,particle_muB_18,4,1500,0.831980352467176,1.0078966570461525,473.81747012275844,585.7921288811691,432.88478900035796,0.004657896668614377,4.080629136742595,nan,400,checks_passed
1,expanded_tilted,particle_muB_19,4,1500,0.8674582944172081,1.0104600349330437,598.9862926232105,913.5696188966796,596.392791804026,0.003184985201173061,5.158612909638886,nan,400,high_rhat
1,expanded_tilted,particle_muB_20,4,1500,0.8571623648968549,1.0023018041251355,654.5291221876679,608.743766626582,512.2203408210357,0.0038534102332325793,5.636961014024171,nan,400,checks_passed
1,expanded_tilted,particle_muB_21,4,1500,0.8714441456776434,1.0030497286385425,738.0929708523468,910.456252329843,705.1644877037336,0.0028294177952048073,6.356632822560677,nan,400,checks_passed
1,expanded_tilted,particle_muB_22,4,1500,0.8626962884120203,1.0049402293741927,655.3918892427713,682.1131727711064,628.2860692698099,0.003207326792363876,5.644391369815747,nan,400,checks_passed
1,expanded_tilted,particle_muB_23,4,1500,0.834576491571804,1.0452855883127452,74.37711132389057,316.1032787392854,67.59399366362614,0.011630766058285986,0.6405534339972355,nan,400,"high_rhat,low_ess"
1,expanded_tilted,particle_muB_24,4,1500,0.845018116662887,1.0046799573215452,436.5330918591719,671.4731165322233,440.01628879042505,0.00390025783491635,3.7595271726290607,nan,400,checks_passed
1,expanded_tilted,particle_muB_25,4,1500,0.8494284684255713,1.006467893838783,621.4459128675879,605.8261458592173,661.4508542548745,0.0029546474542235853,5.352040519527638,nan,400,checks_passed
1,expanded_tilted,particle_muB_26,4,1500,0.8498559970209608,1.0062942127149404,568.6418202980989,846.3137721382417,544.3115604098167,0.003235532046035615,4.897279071785991,nan,400,checks_passed
1,expanded_tilted,particle_beta_0,4,1500,26.570361786641065,1.047719408517284,85.46224331972878,69.45285454714822,51.34470890980989,2.6140793684412924,0.7360212363877542,nan,400,"high_rhat,low_ess"
1,expanded_tilted,particle_beta_1,4,1500,24.77839889550863,1.0315705085494733,193.0240155389839,132.36498167570016,130.56871472938803,1.4154872335246067,1.6623688900608988,nan,400,"high_rhat,low_ess"
1,expanded_tilted,particle_beta_2,4,1500,25.459766036660977,1.095288095846079,33.98502678847434,165.2610182022299,26.604744395381193,3.6092489903943057,0.2926871617673705,nan,400,"high_rhat,low_ess"
1,expanded_tilted,particle_beta_3,4,1500,25.558096633338895,1.031551296161461,151.54167677785452,181.2790426456373,124.25456224205264,1.6459311248885349,1.3051130882327495,nan,400,"high_rhat,low_ess"
1,expanded_tilted,particle_beta_4,4,1500,24.80684263852555,1.03602906431655,109.16731223056865,132.86373638662945,78.3003618796353,1.895499962410127,0.9401749474381353,nan,400,"high_rhat,low_ess"
1,expanded_tilted,particle_beta_5,4,1500,28.447450662846887,1.0596784253746356,91.21370704440385,171.4269748718366,61.449463180623646,2.6119607503364795,0.7855542146625877,nan,400,"high_rhat,low_ess"
1,expanded_tilted,particle_beta_6,4,1500,24.381298894206157,1.0032852941644643,298.6789369799502,251.14649481524944,215.15468873482587,1.0714743905450308,2.572294289731274,nan,400,low_ess
1,expanded_tilted,particle_beta_7,4,1500,36.2925265036972,1.022498642341747,158.40337792770492,530.2238502322105,139.69881210489226,1.7518507996970278,1.3642076961889429,nan,400,"high_rhat,low_ess"
1,expanded_tilted,particle_beta_8,4,1500,35.76022232305274,1.0656811990991784,54.163887159213985,477.2822846275536,53.87810931115008,2.730189543725356,0.4664723232848786,nan,400,"high_rhat,low_ess"
1,expanded_tilted,particle_beta_9,4,1500,24.060738762903366,1.0195253024196305,123.12058134671679,97.67484288205279,76.99100319091283,2.424935380418927,1.0603438312351234,nan,400,"high_rhat,low_ess"
1,expanded_tilted,particle_beta_10,4,1500,25.098406067588726,1.1262920061430306,27.017711162092667,129.05415341857093,19.02892427282548,4.9267143079800615,0.23268297673272192,nan,400,"high_rhat,low_ess"
1,expanded_tilted,particle_beta_11,4,1500,28.045481989445378,1.0167650313724508,213.8421148206641,329.08281248946645,201.180985049988,1.2491255575366995,1.84165932964392,nan,400,"high_rhat,low_ess"
1,expanded_tilted,particle_beta_12,4,1500,33.35967941521927,1.049077114870337,102.60636745929219,149.07870524402608,83.15232262131165,2.4866785303751016,0.8836705251944951,nan,400,"high_rhat,low_ess"
1,expanded_tilted,particle_beta_13,4,1500,23.48039619487786,1.0116432268059552,155.40335841873616,192.763418931633,105.5307114319118,1.6579573499959583,1.338370812175522,nan,400,"high_rhat,low_ess"
1,expanded_tilted,particle_beta_14,4,1500,41.191295670531304,1.0243021860716186,236.2257064384389,514.8123444592038,228.23540348014106,1.3061095684450699,2.034432162854934,nan,400,"high_rhat,low_ess"
1,expanded_tilted,particle_beta_15,4,1500,25.314304683622815,1.0718551462968466,65.48387793140732,161.9606250307403,46.026223364345654,2.707069071715932,0.5639627855101352,nan,400,"high_rhat,low_ess"
1,expanded_tilted,particle_beta_16,4,1500,41.08147257653618,1.008735313417955,177.12489640425284,408.7913168121033,165.35368617352668,1.5123216779379438,1.5254418814959418,nan,400,low_ess
1,expanded_tilted,particle_beta_17,4,1500,27.863606649811747,1.133248395327875,26.73921941355539,24.86545604918059,14.651004765459914,6.124689223624837,0.23028453932785128,nan,400,"high_rhat,low_ess"
1,expanded_tilted,particle_beta_18,4,1500,24.620533400333787,1.014501074660259,182.86456608796064,275.8834090248554,141.06241910743677,1.5223093108858803,1.5748732866751305,nan,400,"high_rhat,low_ess"
1,expanded_tilted,particle_beta_19,4,1500,21.54334131787936,1.0251658782173512,249.18268503514113,291.04931816736115,183.23855129493873,0.9963861537927483,2.1460207549179384,nan,400,"high_rhat,low_ess"
1,expanded_tilted,particle_beta_20,4,1500,20.432601053514897,1.0156656095361691,391.286238895735,317.5560255750723,291.5311064331374,0.7398175330957653,3.3698504760296877,nan,400,"high_rhat,low_ess"
1,expanded_tilted,particle_beta_21,4,1500,24.203911981619175,1.0170939457872135,320.17784269245004,503.69020916622395,279.57522841989936,0.8844495005887903,2.757447996781754,nan,400,"high_rhat,low_ess"
1,expanded_tilted,particle_beta_22,4,1500,22.92486802045454,1.0229841746804982,221.9546213709164,252.8008934709085,164.48218274372036,1.206927330304855,1.9115261722328984,nan,400,"high_rhat,low_ess"
1,expanded_tilted,particle_beta_23,4,1500,20.02394615529876,1.0196589561321576,321.1617551613711,262.7008642296232,235.50188758882135,0.9014168137171835,2.7659216857903997,nan,400,"high_rhat,low_ess"
1,expanded_tilted,particle_beta_24,4,1500,19.1371374573992,1.0314085471535255,250.25168164382345,243.55214860368432,196.9188688412839,0.9227320906530145,2.1552272088448863,nan,400,"high_rhat,low_ess"
1,expanded_tilted,particle_beta_25,4,1500,16.196795301051544,1.0113697032630309,410.60564293035316,339.8701690751628,335.5713613104054,0.5340852636300489,3.5362337944576474,nan,400,"high_rhat,low_ess"
1,expanded_tilted,particle_beta_26,4,1500,15.871173816357814,1.0034602785663125,571.4221031370431,696.8441311055955,542.8107381239128,0.371859111528527,4.921223531153523,nan,400,checks_passed
5,compact_aligned,energy_kBT,4,1500,-648.4518148528457,1.0012547039140411,2158.313868916836,3427.244768476972,2125.1217334909543,0.12450360016742909,8.425970040408982,nan,400,checks_passed
5,compact_aligned,local_beta_deg,4,1500,12.839447503041008,1.0015896336156094,1988.379654997896,2975.1692662110895,1968.0012823878221,0.03335828366791652,7.7625537431120435,0.25,400,checks_passed
5,compact_aligned,magnetization,4,1500,0.9658790158116339,1.00173434213282,1960.2073162611591,2708.1633777580555,1869.195698828261,0.00020387967968652428,7.652570072255529,0.002,400,checks_passed
5,compact_aligned,abs_muB,4,1500,0.9658790158116339,1.00173434213282,1960.2073162611591,2708.1633777580555,1869.195698828261,0.00020387967968652428,7.652570072255529,nan,400,checks_passed
5,compact_aligned,particle_muB_0,4,1500,0.9691258537461324,1.0025291333600055,2487.224001665869,2885.4039243699895,2069.6673942969132,0.0008406780465786311,9.710021894239274,nan,400,checks_passed
5,compact_aligned,particle_muB_1,4,1500,0.9688808822552553,1.000690307691361,2310.149153392039,2753.2156590811005,2012.4906677646563,0.0008310684032638432,9.018728849259658,nan,400,checks_passed
5,compact_aligned,particle_muB_2,4,1500,0.9704809569492405,1.000562898900261,2550.92709818112,2900.5418185137887,2241.882723289486,0.0007629713248888651,9.958716206243192,nan,400,checks_passed
5,compact_aligned,particle_muB_3,4,1500,0.9708436507497327,1.0029941229941997,2407.9454609105355,2915.8812109304527,2342.338833836825,0.000751257853037736,9.40052167794913,nan,400,checks_passed
5,compact_aligned,particle_muB_4,4,1500,0.9674720358058121,1.0007824907284393,2317.0630056771556,2543.4615350017057,1810.38317830881,0.0009881782457342191,9.045720248915279,nan,400,checks_passed
5,compact_aligned,particle_muB_5,4,1500,0.9682419995447332,1.000288608230772,2604.917852763359,2638.7768753995147,2030.1152624374988,0.00093919254046082,10.169493928205071,nan,400,checks_passed
5,compact_aligned,particle_muB_6,4,1500,0.9695262786139547,1.0005607631234812,2852.5942869905575,2976.087629727991,2324.8524922923743,0.0007969020227876595,11.13641270891097,nan,400,checks_passed
5,compact_aligned,particle_muB_7,4,1500,0.956421577519749,1.0011064775674952,2371.085642706116,2431.3840249543514,1796.2852557584122,0.0013977354600652277,9.256622438659512,nan,400,checks_passed
5,compact_aligned,particle_muB_8,4,1500,0.9553929317674638,1.0007742321749835,2443.2594718219098,2401.2782410673585,2040.717970983321,0.001279225704744509,9.538386148094634,nan,400,checks_passed
5,compact_aligned,particle_muB_9,4,1500,0.9542125038008901,1.001453212024031,2431.0314004600755,2453.16816774514,1988.3006356688813,0.001366990401716228,9.490648252123782,nan,400,checks_passed
5,compact_aligned,particle_muB_10,4,1500,0.9555329050331499,1.0017433615025333,2211.80101182744,2885.5527542623554,2047.7609732292403,0.0013061731271780664,8.634781682775902,nan,400,checks_passed
5,compact_aligned,particle_muB_11,4,1500,0.9561817856296232,1.0032435646096014,2310.6273722177402,2527.3222726970375,1774.6766383585782,0.001378011007501135,9.020595796211234,nan,400,checks_passed
5,compact_aligned,particle_muB_12,4,1500,0.9560774395069709,1.0007958137309148,2238.2139107011453,2355.9469214975506,1942.2725885061282,0.0013587680909495224,8.73789657157652,nan,400,checks_passed
5,compact_aligned,particle_muB_13,4,1500,0.9570304763867911,1.0014958025192253,2298.7184669218987,2563.5793876868543,1999.319463534205,0.0013465777807553218,8.974103911651742,nan,400,checks_passed
5,compact_aligned,particle_muB_14,4,1500,0.9587602527055755,1.0018205107587868,2463.0352946667003,2722.9412889297582,2073.1926390944,0.0011973424697050003,9.615590160548237,nan,400,checks_passed
5,compact_aligned,particle_muB_15,4,1500,0.9583535684814005,1.0010605638364698,2463.736991046265,2608.3653100296933,1966.581108996525,0.001254724387091406,9.618329554830424,nan,400,checks_passed
5,compact_aligned,particle_muB_16,4,1500,0.9578589777730595,1.001483589014676,2043.9868933524767,2115.0702870633772,1647.1292565494707,0.0015125711894524256,7.979642152334341,nan,400,checks_passed
5,compact_aligned,particle_muB_17,4,1500,0.9565493507008347,1.0015468300818606,2283.6389750546105,2140.7914364792514,1595.394244124059,0.0015419731204254204,8.91523418536762,nan,400,checks_passed
5,compact_aligned,particle_muB_18,4,1500,0.9589192518599639,1.0006188114214412,2263.829161337245,2611.616346168815,1978.9081204271613,0.0012675853032667198,8.837897473922414,nan,400,checks_passed
5,compact_aligned,particle_muB_19,4,1500,0.9756471957678892,1.001458954819595,2552.439274817494,2970.705339020278,2485.4509471179713,0.0005627956230033009,9.96461968266402,nan,400,checks_passed
5,compact_aligned,particle_muB_20,4,1500,0.9757105552273461,1.0021862269101918,2553.028837824936,3410.5408223232484,2578.2507566569607,0.000533933518370347,9.966921312797236,nan,400,checks_passed
5,compact_aligned,particle_muB_21,4,1500,0.9762130153825156,1.0020489986775125,2496.727306852373,3229.9684574782427,2372.4621921321905,0.0005325439859666617,9.747122413278488,nan,400,checks_passed
5,compact_aligned,particle_muB_22,4,1500,0.9755893076205455,0.9999967611201597,2353.107402188863,3413.949763774968,2635.586090004633,0.0005537987070112709,9.186436114900372,nan,400,checks_passed
5,compact_aligned,particle_muB_23,4,1500,0.9761922752541886,1.000730923888861,2372.900769772958,3106.2893856383043,2310.9781924084214,0.0005842518644193559,9.263708621306534,nan,400,checks_passed
5,compact_aligned,particle_muB_24,4,1500,0.9749901936905747,1.0015058007601754,2167.0703635787204,3589.852684449043,2403.3024763082126,0.0005672319256722882,8.460155041368582,nan,400,checks_passed
5,compact_aligned,particle_muB_25,4,1500,0.9792826310183169,1.001004195514016,2373.0812702844787,3348.5670749864794,2328.8095149073783,0.00047597627617835126,9.264413288002263,nan,400,checks_passed
5,compact_aligned,particle_muB_26,4,1500,0.9792455741224075,1.0009776353995874,2222.409036682855,3366.374051409899,2432.8190531939813,0.00044815612541089647,8.676194982716607,nan,400,checks_passed
5,compact_aligned,particle_beta_0,4,1500,12.400198677249689,1.0025291333600055,2487.224001665868,2885.4039243699895,2254.048795765013,0.15147855116716902,9.71002189423927,nan,400,checks_passed
5,compact_aligned,particle_beta_1,4,1500,12.484735833738581,1.0006668612700838,2310.149153392041,2753.2156590811005,2131.8595082785287,0.1548885333193971,9.018728849259666,nan,400,checks_passed
5,compact_aligned,particle_beta_2,4,1500,12.136312141681003,1.000562898900261,2550.927098181124,2900.5418185137887,2350.130237812033,0.14440731480302518,9.958716206243208,nan,400,checks_passed
5,compact_aligned,particle_beta_3,4,1500,12.05314041904497,1.0030955361937115,2407.9454609105355,2915.8812109304504,2381.794168326583,0.14290883595850262,9.40052167794913,nan,400,checks_passed
5,compact_aligned,particle_beta_4,4,1500,12.656380831502608,1.0007942763485496,2317.0630056771547,2543.4615350017025,2072.296232803804,0.16534019130064193,9.045720248915275,nan,400,checks_passed
5,compact_aligned,particle_beta_5,4,1500,12.502430739156594,1.0004781668141405,2604.917852763359,2638.7768753995147,2250.7320237193526,0.1569567073200756,10.169493928205071,nan,400,checks_passed
5,compact_aligned,particle_beta_6,4,1500,12.308587507562915,1.0005686873228894,2852.5942869905575,2976.087629727991,2635.6716729660457,0.1395790120107058,11.13641270891097,nan,400,checks_passed
5,compact_aligned,particle_beta_7,4,1500,14.514742281677153,1.0010150641816211,2371.0856427061167,2431.3840249543514,2020.141431048876,0.20128111206280436,9.256622438659516,nan,400,checks_passed
5,compact_aligned,particle_beta_8,4,1500,14.808587465769019,1.000576666574408,2443.2594718219098,2401.2782410673585,2194.836639069475,0.19074642465822308,9.538386148094634,nan,400,checks_passed
5,compact_aligned,particle_beta_9,4,1500,14.908355802313066,1.001453212024031,2431.031400460074,2453.16816774514,2131.4533797957183,0.19994486027901243,9.490648252123776,nan,400,checks_passed
5,compact_aligned,particle_beta_10,4,1500,14.691374006171504,1.0017433615025333,2211.80101182744,2885.5527542623554,2056.8510135550255,0.20034303951347782,8.634781682775902,nan,400,checks_passed
5,compact_aligned,particle_beta_11,4,1500,14.640535692988317,1.0032435646096014,2310.6273722177393,2527.3222726970375,1978.7489537029514,0.20054414079123378,9.02059579621123,nan,400,checks_passed
5,compact_aligned,particle_beta_12,4,1500,14.574598802723326,1.0007958137309148,2238.213910701145,2355.9469214975506,2015.110084837886,0.2023045219920949,8.737896571576519,nan,400,checks_passed
5,compact_aligned,particle_beta_13,4,1500,14.324142104792868,1.0014958025192253,2298.7184669218987,2563.5793876868534,2080.639789729079,0.20021045598351483,8.974103911651742,nan,400,checks_passed
5,compact_aligned,particle_beta_14,4,1500,14.137424292535643,1.0018205107587868,2463.0352946666994,2722.9412889297582,2235.2921116746097,0.18481893759715756,9.615590160548233,nan,400,checks_passed
5,compact_aligned,particle_beta_15,4,1500,14.16465531048655,1.0008927517909627,2463.7369910462653,2608.3653100296933,2171.8602734609294,0.1900427156641349,9.618329554830426,nan,400,checks_passed
5,compact_aligned,particle_beta_16,4,1500,14.077026603681743,1.001483589014676,2043.9868933524767,2115.0702870633772,1786.944183450564,0.21821532226694762,7.979642152334341,nan,400,checks_passed
5,compact_aligned,particle_beta_17,4,1500,14.416058889415295,1.0015468300818606,2283.638975054609,2140.7914364792514,1861.5666095256938,0.21266443164216706,8.915234185367614,nan,400,checks_passed
5,compact_aligned,particle_beta_18,4,1500,14.067439101922115,1.0006188114214412,2263.829161337245,2611.616346168815,2035.0802318782157,0.19520613889631858,8.837897473922414,nan,400,checks_passed
5,compact_aligned,particle_beta_19,4,1500,11.05487044396448,1.001458954819595,2552.4392748174932,2970.705339020278,2462.281034802069,0.1262389453973409,9.964619682664017,nan,400,checks_passed
5,compact_aligned,particle_beta_20,4,1500,11.06016136692371,1.0021862269101918,2553.028837824936,3404.129018972702,2496.8318630936997,0.12440131478634496,9.966921312797236,nan,400,checks_passed
5,compact_aligned,particle_beta_21,4,1500,10.984728403159092,1.0020489986775125,2496.7273068523737,3229.968457478236,2387.1561271926753,0.12433672786257682,9.74712241327849,nan,400,checks_passed
5,compact_aligned,particle_beta_22,4,1500,11.085418709681505,1.0001566841898126,2353.1074021888626,3413.949763774968,2415.04095293281,0.12703279167712778,9.18643611490037,nan,400,checks_passed
5,compact_aligned,particle_beta_23,4,1500,10.883847349544784,1.000730923888861,2372.900769772958,3106.2893856383043,2307.988625619946,0.1306373609731703,9.263708621306534,nan,400,checks_passed
5,compact_aligned,particle_beta_24,4,1500,11.227792156651427,1.0015058007601754,2167.070363578721,3589.852684449044,2264.6445647524292,0.13243501796453874,8.460155041368584,nan,400,checks_passed
5,compact_aligned,particle_beta_25,4,1500,10.222701139601899,1.001004195514016,2373.0812702844787,3348.5670749864794,2327.388793311474,0.1183427226782516,9.264413288002263,nan,400,checks_passed
5,compact_aligned,particle_beta_26,4,1500,10.278836508167352,1.0012623733699275,2222.409036682855,3366.374051409899,2256.18741151767,0.11842507984470796,8.676194982716607,nan,400,checks_passed
5,compact_tilted40,energy_kBT,4,1500,-584.0003667617885,1.0015207951136365,1723.2272890575998,3102.9113655440547,1702.8671905741483,0.14029736306720253,6.779443108409298,nan,400,checks_passed
5,compact_tilted40,local_beta_deg,4,1500,26.497290851057002,1.0040013066864328,488.11093335731766,1613.1011717870629,488.07543298784685,0.14860312500314662,1.9203040273916463,0.25,400,checks_passed
5,compact_tilted40,magnetization,4,1500,0.8338216971822976,1.0052349855623623,643.0010761784235,2075.1338444153216,622.448953653812,0.0008535575430860423,2.5296658440115194,0.002,400,checks_passed
5,compact_tilted40,abs_muB,4,1500,0.833822667578471,1.0052307146110635,642.9768970257102,2075.1338444153216,622.5002749461628,0.0008533785996421482,2.5295707194790387,nan,400,checks_passed
5,compact_tilted40,particle_muB_0,4,1500,0.7896663313459914,1.011186910141574,441.28448283504287,453.07105692938,278.1319273804389,0.009141154397214246,1.7360815169309882,nan,400,"high_rhat,low_ess"
5,compact_tilted40,particle_muB_1,4,1500,0.848739472900286,1.0022507078583258,1534.027905791578,1508.862335041922,1234.0493694874635,0.002771133459046842,6.035103424873073,nan,400,checks_passed
5,compact_tilted40,particle_muB_2,4,1500,0.8240161467443841,1.0004373783492724,1435.9096288257335,3355.2758633526028,1359.3143256592641,0.0025698194342929515,5.649090923324965,nan,400,checks_passed
5,compact_tilted40,particle_muB_3,4,1500,0.8256742466526809,1.000969132109702,2128.2743137881357,2909.183170805796,2044.6397302695202,0.002106637780953815,8.372960851441823,nan,400,checks_passed
5,compact_tilted40,particle_muB_4,4,1500,0.8400954277276638,1.0045262670053914,971.0642770711731,511.2930082617223,565.1907983004874,0.004578009978863713,3.8203172981394053,nan,400,checks_passed
5,compact_tilted40,particle_muB_5,4,1500,0.8097921034698693,1.0074633505696413,965.5145203839351,1128.0489946511736,728.736374692571,0.004520839630021212,3.79848369559286,nan,400,checks_passed
5,compact_tilted40,particle_muB_6,4,1500,0.8114524541232416,1.0071652114760845,864.0847405279886,1012.9027440586094,711.1376128033843,0.004482405313562319,3.399443228674579,nan,400,checks_passed
5,compact_tilted40,particle_muB_7,4,1500,0.8360829213596281,1.0026881142960062,1472.9407284719407,2039.3563937768902,1270.058930854614,0.0026567205298750943,5.794777005995227,nan,400,checks_passed
5,compact_tilted40,particle_muB_8,4,1500,0.8404206413291528,1.0023101047852672,1485.1992038248206,2180.2262957891335,1335.456575029455,0.0025484488135393917,5.843003747051617,nan,400,checks_passed
5,compact_tilted40,particle_muB_9,4,1500,0.7839349681711328,1.004105999041869,983.7619217721264,686.3847144016582,573.8134718806532,0.004728116909352814,3.8702717994449087,nan,400,checks_passed
5,compact_tilted40,particle_muB_10,4,1500,0.7910611514838423,1.004297060790586,1526.849305568864,1155.8174923632766,1194.559418500614,0.0030395064576098922,6.006861699526141,nan,400,checks_passed
5,compact_tilted40,particle_muB_11,4,1500,0.8523263346504061,1.0024655843657655,1054.1007720945524,750.1405962617889,704.5218759790207,0.0039927652967291696,4.146995733135971,nan,400,checks_passed
5,compact_tilted40,particle_muB_12,4,1500,0.8461713958305698,1.0062785311918974,871.2241913842095,576.9378648549294,556.0882883047856,0.004786251052610863,3.4275309343489146,nan,400,checks_passed
5,compact_tilted40,particle_muB_13,4,1500,0.829595319018534,1.0044982880204345,1590.0484471680793,2307.334288138877,1454.6740240957088,0.002475331598123924,6.2554969130541815,nan,400,checks_passed
5,compact_tilted40,particle_muB_14,4,1500,0.8670576695131501,1.0021058912997425,2215.460495627312,2440.015627343451,1952.028957034541,0.0018654929223259652,8.715964797219266,nan,400,checks_passed
5,compact_tilted40,particle_muB_15,4,1500,0.8328548561077679,1.0015926566693771,2287.519552467488,2464.375773700059,2016.584019806194,0.002043914115616872,8.999456289836452,nan,400,checks_passed
5,compact_tilted40,particle_muB_16,4,1500,0.8664106373214127,1.0030454184047488,1944.4245566185325,2600.6639904579206,1668.6616230502675,0.0019880712287901237,7.649667425704687,nan,400,checks_passed
5,compact_tilted40,particle_muB_17,4,1500,0.814443035331526,1.0031837399972328,1345.017727659129,727.416400921082,913.4654970175236,0.0034918156246987065,5.291508103642982,nan,400,checks_passed
5,compact_tilted40,particle_muB_18,4,1500,0.8149612593334459,1.0064118386754837,748.5303026313892,495.0919828592252,523.0923670826218,0.004656347169391376,2.944834168907057,nan,400,checks_passed
5,compact_tilted40,particle_muB_19,4,1500,0.8557896738897361,1.0007619805752832,1665.3425268366645,2988.4633723324005,1717.1163578432172,0.0019248651866793488,6.551715486630954,nan,400,checks_passed
5,compact_tilted40,particle_muB_20,4,1500,0.8546800637484533,1.0031000005709954,1569.403509094266,2364.0805009881865,1468.2076032908722,0.0021506394189856975,6.174276528467193,nan,400,checks_passed
5,compact_tilted40,particle_muB_21,4,1500,0.8597103618526559,1.0010373974332418,2460.942333312705,3059.9047792117185,2410.3186432259595,0.0015975578806926443,9.681728375421434,nan,400,checks_passed
5,compact_tilted40,particle_muB_22,4,1500,0.8595446821620575,1.0006679752316567,2464.527679902585,3232.8045696347676,2399.459782519257,0.0015673746411761988,9.69583368432895,nan,400,checks_passed
5,compact_tilted40,particle_muB_23,4,1500,0.8376830995837854,1.000616714760408,1885.9288613076308,3003.958344218221,1809.426125506153,0.002077278055424914,7.419536298507891,nan,400,checks_passed
5,compact_tilted40,particle_muB_24,4,1500,0.837707731436057,1.0041627530019823,1067.3344411562446,2531.488348736737,1031.7422140734996,0.002718075672711341,4.19905903731468,nan,400,checks_passed
5,compact_tilted40,particle_muB_25,4,1500,0.8415192036346355,1.0005735528136914,2679.0449198216156,3536.417875236332,2717.1182361920214,0.0014862789061040862,10.539777738046547,nan,400,checks_passed
5,compact_tilted40,particle_muB_26,4,1500,0.8417946351999704,1.0005721096021702,2420.659387096414,3685.816597162491,2427.089065653215,0.0015715382012363938,9.52324902458559,nan,400,checks_passed
5,compact_tilted40,particle_beta_0,4,1500,36.472751099408285,1.0131782276264076,206.14001505692443,309.5918828553848,147.15887633915875,2.3424628118149418,0.8109867533547065,nan,400,"high_rhat,low_ess"
5,compact_tilted40,particle_beta_1,4,1500,29.5249716224848,1.0015470085108984,379.6082199951844,622.3074447072433,305.88828152707674,1.1622354571451232,1.4934375443585794,nan,400,low_ess
5,compact_tilted40,particle_beta_2,4,1500,27.88765123027602,1.0193956960682649,355.07647179744265,606.759526436848,293.67487778734846,1.2345378470597719,1.3969258466199919,nan,400,"high_rhat,low_ess"
5,compact_tilted40,particle_beta_3,4,1500,28.007118687244937,1.0133924100417095,303.7270337888127,889.0982719887141,264.7858100945954,1.3208461684377788,1.1949092027107155,nan,400,"high_rhat,low_ess"
5,compact_tilted40,particle_beta_4,4,1500,30.349108706813702,1.004669757565275,331.6372197577187,1143.8249927022566,251.3354836502507,1.3683415432014812,1.3047121980107725,nan,400,low_ess
5,compact_tilted40,particle_beta_5,4,1500,30.160890576034436,1.0170007406004913,403.5645157342738,556.8648712260441,337.86278035516074,1.1828723124717129,1.5876853229787773,nan,400,"high_rhat,low_ess"
5,compact_tilted40,particle_beta_6,4,1500,29.43844087696243,1.0096091061253751,521.5110226807617,475.22795701287083,409.353690111877,1.0091477285010668,2.051705152955245,nan,400,checks_passed
5,compact_tilted40,particle_beta_7,4,1500,36.7271872375553,1.0100576958788277,335.3421870770187,1025.8334485988082,294.71971045562856,1.2902140914114606,1.3192881133988386,nan,400,"high_rhat,low_ess"
5,compact_tilted40,particle_beta_8,4,1500,36.581659192869004,1.0195584110788682,313.6002107545162,930.2487018978762,275.52388216236886,1.301356247335909,1.233751810394145,nan,400,"high_rhat,low_ess"
5,compact_tilted40,particle_beta_9,4,1500,22.535780137847066,1.0168659319445428,165.95345832709936,79.98867647360326,80.9861788366656,2.322743470572558,0.6528866136907708,nan,400,"high_rhat,low_ess"
5,compact_tilted40,particle_beta_10,4,1500,20.21835630445641,1.015055633219556,353.13967100255627,174.15986915322512,178.03811227978764,1.3595369865602434,1.3893061722539743,nan,400,"high_rhat,low_ess"
5,compact_tilted40,particle_beta_11,4,1500,28.35866883830286,1.0132459745302496,540.9820313387518,349.48744306968473,357.10807629921896,1.1091043362826463,2.1283071173614485,nan,400,"high_rhat,low_ess"
5,compact_tilted40,particle_beta_12,4,1500,30.76724782513183,1.0148539391514726,394.2697511491952,313.1216572425398,307.3313600898534,1.287213275494737,1.5511182792053129,nan,400,"high_rhat,low_ess"
5,compact_tilted40,particle_beta_13,4,1500,22.799849483255812,1.0118274081516454,261.8486956411686,141.64993180922292,135.9186457275108,1.5098260026199612,1.030153332867251,nan,400,"high_rhat,low_ess"
5,compact_tilted40,particle_beta_14,4,1500,41.495157682112726,1.0046473872806192,790.2298762873785,1953.1591734568287,774.3991178264074,0.6937988410762735,3.108886751547102,nan,400,checks_passed
5,compact_tilted40,particle_beta_15,4,1500,21.500994534980865,1.0101017872220137,430.1308607123855,236.48975361258567,262.3891623296456,0.9900336268899795,1.6922014396403116,nan,400,"high_rhat,low_ess"
5,compact_tilted40,particle_beta_16,4,1500,40.980115806152654,1.0108999368681073,676.5449178166823,1881.7218487153575,658.4929950418775,0.7631608621787087,2.6616325134509475,nan,400,high_rhat
5,compact_tilted40,particle_beta_17,4,1500,21.793980890948383,1.0134180996932443,395.5792239496184,181.80525694712787,205.91818777811588,1.257766450740205,1.5562699480587774,nan,400,"high_rhat,low_ess"
5,compact_tilted40,particle_beta_18,4,1500,23.14213890669275,1.014514603076715,211.88500358709132,99.94921361142016,95.77224330623731,2.0840012607305605,0.8335884282156183,nan,400,"high_rhat,low_ess"
5,compact_tilted40,particle_beta_19,4,1500,20.243191438629424,1.0052376644564684,869.393805775713,764.2372148512832,637.6072355764526,0.5173156286385678,3.4203299138114325,nan,400,checks_passed
5,compact_tilted40,particle_beta_20,4,1500,20.92341358960955,1.0094396163664472,748.7831827963423,498.46657524065114,482.4669125234623,0.5939147810270095,2.94582903865084,nan,400,checks_passed
5,compact_tilted40,particle_beta_21,4,1500,22.538934592817746,1.0012125352677657,1101.6461655016171,1491.8712859426207,955.5951816301402,0.49040420482194524,4.334046676280222,nan,400,checks_passed
5,compact_tilted40,particle_beta_22,4,1500,22.36820492269455,1.0051503456823834,984.6244505678814,1604.127184805351,852.0112129240964,0.5172516042593612,3.873665121345808,nan,400,checks_passed
5,compact_tilted40,particle_beta_23,4,1500,20.458913268519762,1.0048144376732022,656.7932853884427,941.4825004663122,524.8050870888349,0.6399264714343652,2.583926531659832,nan,400,checks_passed
5,compact_tilted40,particle_beta_24,4,1500,20.408579475923368,1.0052071804873606,736.4624470391419,924.8062024897664,535.9978399674727,0.6347616752719747,2.8973573555188,nan,400,checks_passed
5,compact_tilted40,particle_beta_25,4,1500,14.778099112350688,1.0023797115343334,2047.6805997477243,2598.5037392675295,1821.1846704277941,0.20065198899298217,8.055892695254961,nan,400,checks_passed
5,compact_tilted40,particle_beta_26,4,1500,14.965446938463806,1.0021068776000828,2376.884271194146,2408.241411197978,1992.5543028841644,0.18904813137065607,9.35103093721666,nan,400,checks_passed
5,expanded_aligned,energy_kBT,4,1500,-613.4914310024243,1.0023038097559644,2215.8964353152637,3880.2368031741576,2186.5199090114133,0.12308160782460979,8.17428986047892,nan,400,checks_passed
5,expanded_aligned,local_beta_deg,4,1500,12.624442352126085,1.0029803145759058,2068.3610695905404,3387.3643025818915,2041.8027299240894,0.0319426973358919,7.630042022499943,0.25,400,checks_passed
5,expanded_aligned,magnetization,4,1500,0.9673503593238941,1.0042689860518308,1912.4203318603656,2546.7862997121447,1813.7171362935576,0.00019225676422546925,7.054787344100673,0.002,400,checks_passed
5,expanded_aligned,abs_muB,4,1500,0.9673503593238941,1.0042689860518308,1912.4203318603656,2546.7862997121447,1813.7171362935576,0.00019225676422546925,7.054787344100673,nan,400,checks_passed
5,expanded_aligned,particle_muB_0,4,1500,0.9707811874762318,0.9999804861731204,2638.3098293646945,3156.6814611841323,2675.1463523184398,0.0006871373785072734,9.732543878527146,nan,400,checks_passed
5,expanded_aligned,particle_muB_1,4,1500,0.9692517912620894,1.00173753149925,2094.439339383986,2350.4034193481743,1681.0861743324958,0.0009524296923913819,7.726242969870061,nan,400,checks_passed
5,expanded_aligned,particle_muB_2,4,1500,0.9685272898692969,1.0012871913515333,2584.670053083351,2862.779669378411,2369.8272684763406,0.0007943271348971111,9.534670425423927,nan,400,checks_passed
5,expanded_aligned,particle_muB_3,4,1500,0.9701711167352789,1.0010145482583324,2713.413867880726,3293.497988034024,2498.9361013711577,0.0007102427162301387,10.009597521801439,nan,400,checks_passed
5,expanded_aligned,particle_muB_4,4,1500,0.968757201337663,1.0007939740400489,2347.008349998829,3119.7035618138652,1872.3089601971124,0.0009384443473892399,8.657952714800613,nan,400,checks_passed
5,expanded_aligned,particle_muB_5,4,1500,0.9692121126366454,0.9999208130838362,2359.822147970123,3501.6396108998083,2534.046652414409,0.0007180527571600573,8.705221936033903,nan,400,checks_passed
5,expanded_aligned,particle_muB_6,4,1500,0.9694418033136659,1.0006143992074856,2566.323666267117,3268.3917747731793,2428.0964580514124,0.0007913766061742159,9.466991863674254,nan,400,checks_passed
5,expanded_aligned,particle_muB_7,4,1500,0.9614145847117961,1.0017256800906738,2739.526454782987,2486.188717861151,1538.8231647949012,0.0013059808017214067,10.105925062630602,nan,400,checks_passed
5,expanded_aligned,particle_muB_8,4,1500,0.9597041494929639,1.0016485248875315,2560.018271474246,2685.510808402345,2189.8125515743523,0.0010999874935311632,9.443731695057958,nan,400,checks_passed
5,expanded_aligned,particle_muB_9,4,1500,0.9586670335615918,1.0011264286532136,2513.5831044759107,2281.8296298161836,1842.8009644774943,0.0012827080505142694,9.272435551107018,nan,400,checks_passed
5,expanded_aligned,particle_muB_10,4,1500,0.9578008534503263,1.0004165881726024,2306.624280166115,2420.0387711400112,2013.6498332562667,0.001202516298346165,8.508978652972917,nan,400,checks_passed
5,expanded_aligned,particle_muB_11,4,1500,0.9593915299122617,1.0009259311870438,2167.585028844382,2792.1132216705355,2084.8975592252655,0.001127683223629368,7.996072397890594,nan,400,checks_passed
5,expanded_aligned,particle_muB_12,4,1500,0.95919557173485,1.0016634927305748,2543.254315596465,2538.9037381510893,1791.4132063749228,0.001269914723803904,9.381890612429128,nan,400,checks_passed
5,expanded_aligned,particle_muB_13,4,1500,0.9621582548003126,1.000235980617306,2600.325305941102,2546.3388137248953,1972.3965455255352,0.001138158412495999,9.592421578708374,nan,400,checks_passed
5,expanded_aligned,particle_muB_14,4,1500,0.9621218872950785,1.000324956036662,2609.2245375678285,2743.8444992285026,2152.43838851746,0.0010835537404554724,9.625250233375192,nan,400,checks_passed
5,expanded_aligned,particle_muB_15,4,1500,0.9627215269245897,1.000261157421426,2513.92589327692,2433.7910793900915,1720.6308322056616,0.0012549912538786384,9.273700075466422,nan,400,checks_passed
5,expanded_aligned,particle_muB_16,4,1500,0.9596440366464943,1.0013266340723321,2452.5734521213303,2793.897100966985,2104.6741138086836,0.0012149122009874542,9.047375131005554,nan,400,checks_passed
5,expanded_aligned,particle_muB_17,4,1500,0.9610896166491032,1.001289989398974,2653.63752054409,2902.135307358922,2317.6753288459136,0.0010478983671867012,9.789086679262532,nan,400,checks_passed
5,expanded_aligned,particle_muB_18,4,1500,0.9624484839637014,1.0004664461522472,2492.1995377356097,2397.744298621158,1989.1844760615318,0.0011432613429441987,9.193553041076152,nan,400,checks_passed
5,expanded_aligned,particle_muB_19,4,1500,0.9753918144167071,1.0011135388098888,2655.0687917525247,3294.3099154371275,2754.990356122829,0.000535139571783688,9.794366540514279,nan,400,checks_passed
5,expanded_aligned,particle_muB_20,4,1500,0.9741680342829279,1.0007116672181444,2613.689190751758,3324.8570028242316,2473.799062853003,0.0005839582004522947,9.641720032536522,nan,400,checks_passed
5,expanded_aligned,particle_muB_21,4,1500,0.9751068474266361,1.0015322698022184,2633.7638992796665,3437.006538971429,2646.637001684039,0.0005497036013335572,9.715774254456152,nan,400,checks_passed
5,expanded_aligned,particle_muB_22,4,1500,0.975109295322083,1.0006170850247937,2715.993915583509,3816.4822747882845,2726.224160008264,0.000534917453144921,10.019115140693863,nan,400,checks_passed
5,expanded_aligned,particle_muB_23,4,1500,0.9743648654486161,1.0004262046215089,2457.75552741364,3008.332217080574,2071.2917705709915,0.0006899094181142537,9.066491451083994,nan,400,checks_passed
5,expanded_aligned,particle_muB_24,4,1500,0.9760319891528937,1.001744796788832,2389.9352053638013,3012.6879899360288,2430.866169119546,0.0005614926021876011,8.816306937931179,nan,400,checks_passed
5,expanded_aligned,particle_muB_25,4,1500,0.9779739350365053,1.0016825150240078,2411.1462687090575,3128.026082242147,2388.77325062935,0.0004797277258421241,8.894553094777601,nan,400,checks_passed
5,expanded_aligned,particle_muB_26,4,1500,0.9778128888848311,1.0007005439060987,2490.2977989700116,3250.6656507123316,2550.9756198649184,0.0004952271943085619,9.186537657296856,nan,400,checks_passed
5,expanded_aligned,particle_beta_0,4,1500,12.009427671789046,0.9997680830491451,2638.309829364693,3156.6814611841323,2593.4366553262744,0.13888604144715103,9.73254387852714,nan,400,checks_passed
5,expanded_aligned,particle_beta_1,4,1500,12.304623178355442,1.001577693121919,2094.4393393839828,2350.4034193481743,1867.6357056909326,0.1689585416549937,7.726242969870049,nan,400,checks_passed
5,expanded_aligned,particle_beta_2,4,1500,12.450665389287936,1.0012871913515333,2584.670053083351,2862.7796693784117,2422.7611607523377,0.14993455463709265,9.534670425423927,nan,400,checks_passed
5,expanded_aligned,particle_beta_3,4,1500,12.197079958986352,1.0010501744483042,2713.413867880726,3293.4979880340256,2526.303213587559,0.14001151274535717,10.009597521801439,nan,400,checks_passed
5,expanded_aligned,particle_beta_4,4,1500,12.374185299216379,1.0007939740400489,2347.008349998829,3119.7035618138652,2135.9121271722397,0.1605406904278052,8.657952714800613,nan,400,checks_passed
5,expanded_aligned,particle_beta_5,4,1500,12.456030786724456,0.9999151201593202,2359.822147970126,3501.6396108998083,2306.867669035035,0.1465805683422329,8.705221936033913,nan,400,checks_passed
5,expanded_aligned,particle_beta_6,4,1500,12.286944551371553,1.0006143992074856,2566.323666267117,3268.3917747731793,2469.9483208007955,0.1457966191946191,9.466991863674254,nan,400,checks_passed
5,expanded_aligned,particle_beta_7,4,1500,13.766085843009877,1.0017256800906738,2739.5264547829834,2486.188717861151,2048.8331944144916,0.18307215618056125,10.105925062630588,nan,400,checks_passed
5,expanded_aligned,particle_beta_8,4,1500,14.07544276816916,1.0016485248875315,2560.018271474248,2685.510808402345,2315.6062737295433,0.17561676190442518,9.443731695057966,nan,400,checks_passed
5,expanded_aligned,particle_beta_9,4,1500,14.214302013336418,1.0013616988159317,2513.5831044759107,2281.8296298161827,2117.547258490171,0.18805072464212721,9.272435551107018,nan,400,checks_passed
5,expanded_aligned,particle_beta_10,4,1500,14.376581008632408,1.0004165881726024,2306.624280166115,2420.0387711400112,2127.6892007335564,0.18880324502607132,8.508978652972917,nan,400,checks_passed
5,expanded_aligned,particle_beta_11,4,1500,14.137723029913298,1.001123064945205,2167.5850288443826,2872.8450592367767,2059.2867399507572,0.186663399572599,7.996072397890596,nan,400,checks_passed
5,expanded_aligned,particle_beta_12,4,1500,14.07545434079415,1.00126946492325,2543.2543155964645,2538.903738151084,2094.5540483446443,0.1893599994582556,9.381890612429126,nan,400,checks_passed
5,expanded_aligned,particle_beta_13,4,1500,13.62402255112667,1.000235980617306,2600.325305941101,2546.3388137248953,2233.446759732054,0.17385291606071948,9.592421578708368,nan,400,checks_passed
5,expanded_aligned,particle_beta_14,4,1500,13.561251365524363,1.0002938761653306,2609.2245375678285,2743.844499228504,2373.207509962645,0.17102045649008396,9.625250233375192,nan,400,checks_passed
5,expanded_aligned,particle_beta_15,4,1500,13.408291226359044,1.0004241631988549,2513.9258932769185,2433.7910793900915,2060.93182728193,0.18404058288150785,9.273700075466419,nan,400,checks_passed
5,expanded_aligned,particle_beta_16,4,1500,13.915320064761929,1.001200096952525,2452.57345212133,2793.897100966983,2223.2812129076947,0.18596905429875712,9.047375131005552,nan,400,checks_passed
5,expanded_aligned,particle_beta_17,4,1500,13.785636706199565,1.001289989398974,2653.63752054409,2902.135307358922,2419.423200944622,0.17027854392216915,9.789086679262532,nan,400,checks_passed
5,expanded_aligned,particle_beta_18,4,1500,13.468136371967317,1.0003993924262438,2492.1995377356116,2397.744298621158,2227.662465754655,0.17710117223279292,9.193553041076159,nan,400,checks_passed
5,expanded_aligned,particle_beta_19,4,1500,11.111094116368394,1.0018052435507427,2655.0687917525247,3294.309915437126,2657.185411106065,0.12221038801386108,9.794366540514279,nan,400,checks_passed
5,expanded_aligned,particle_beta_20,4,1500,11.448689066614033,1.0005918338438233,2613.689190751758,3324.8570028242316,2540.998626562856,0.12583773699931203,9.641720032536522,nan,400,checks_passed
5,expanded_aligned,particle_beta_21,4,1500,11.164417751613371,1.0015322698022184,2633.7638992796665,3468.952341595829,2595.993573918715,0.12474846586561572,9.715774254456152,nan,400,checks_passed
5,expanded_aligned,particle_beta_22,4,1500,11.218042028694379,1.0006170850247937,2715.9939155835086,3816.4822747882845,2674.9802865332517,0.12099299679495241,10.019115140693861,nan,400,checks_passed
5,expanded_aligned,particle_beta_23,4,1500,11.281666309111744,1.0004262046215089,2457.755527413641,3008.332217080574,2300.6100031013393,0.1365742435535872,9.066491451084,nan,400,checks_passed
5,expanded_aligned,particle_beta_24,4,1500,10.954283337477207,1.0019819985784777,2389.935205363802,3012.6879899360274,2346.757554079007,0.1287212337673756,8.816306937931182,nan,400,checks_passed
5,expanded_aligned,particle_beta_25,4,1500,10.614411273031862,1.0016825150240078,2411.1462687090575,3128.026082242151,2354.067278545974,0.1185970907828196,8.894553094777601,nan,400,checks_passed
5,expanded_aligned,particle_beta_26,4,1500,10.580135498967927,1.000791145515187,2490.2977989700116,3250.6656507123316,2468.9222368145893,0.11904864301465864,9.186537657296856,nan,400,checks_passed
5,expanded_tilted,energy_kBT,4,1500,-548.8365387231138,1.0027425221304689,1668.1870210400716,3559.835849553264,1668.0346315764375,0.1437478775907993,6.307572746954975,nan,400,checks_passed
5,expanded_tilted,local_beta_deg,4,1500,25.6918789843299,1.003051347758841,1080.0800737915126,2238.096783835976,1076.205399306205,0.09175194082457547,4.083884811505685,0.25,400,checks_passed
5,expanded_tilted,magnetization,4,1500,0.8486781969926576,1.001190993002619,1619.4112033853396,2520.862894213356,1586.025560384489,0.00044981382545318613,6.123146771768082,0.002,400,checks_passed
5,expanded_tilted,abs_muB,4,1500,0.8486800155482194,1.0011895833595414,1619.9959336883724,2542.964314922433,1586.8799088640496,0.00044960170586043325,6.125357692292705,nan,400,checks_passed
5,expanded_tilted,particle_muB_0,4,1500,0.8389088005626766,1.0024801955106901,1592.3725563464632,1380.902290641922,1320.7702244792947,0.0028679609518323873,6.020911092539131,nan,400,checks_passed
5,expanded_tilted,particle_muB_1,4,1500,0.8602947795698007,1.001286463466918,1980.75859468107,1751.444988050085,1716.0151371922677,0.002083002802121067,7.48943540054496,nan,400,checks_passed
5,expanded_tilted,particle_muB_2,4,1500,0.8384679199640065,1.0002538993228907,2568.2018475667583,3722.696783112943,2516.1384730376794,0.001776169162701325,9.710613844898377,nan,400,checks_passed
5,expanded_tilted,particle_muB_3,4,1500,0.8380713419978576,1.0005258374694186,2620.209455315824,3602.2703773168532,2495.7407834407877,0.0017843593833367982,9.907259523791026,nan,400,checks_passed
5,expanded_tilted,particle_muB_4,4,1500,0.8635468314009088,1.0002589968416944,2382.9818049050277,3162.8681301774454,2236.975392675286,0.0017549636931512252,9.010279362884141,nan,400,checks_passed
5,expanded_tilted,particle_muB_5,4,1500,0.8468212420158643,1.0014659514455428,2086.1262378394,2138.034727938953,1835.9004182270442,0.0022765526804052914,7.887840415099017,nan,400,checks_passed
5,expanded_tilted,particle_muB_6,4,1500,0.8472292352965243,1.0015291420081935,2059.373676473319,1392.1267485521746,1529.6817026458593,0.0025017276257524148,7.78668645283001,nan,400,checks_passed
5,expanded_tilted,particle_muB_7,4,1500,0.8464321390346519,1.0016652462693727,2002.2030038825721,3092.6075627354276,1868.780253263049,0.0020642550175465333,7.570518737933362,nan,400,checks_passed
5,expanded_tilted,particle_muB_8,4,1500,0.845597555396726,1.001330710741852,2210.5389198517255,2682.6278002239856,1895.2347542406023,0.0020759643327724936,8.358256521050526,nan,400,checks_passed
5,expanded_tilted,particle_muB_9,4,1500,0.8097159871973312,1.000660668019923,2300.4407791714443,2064.504138474006,1912.7613382968989,0.002379571675153827,8.69818394560997,nan,400,checks_passed
5,expanded_tilted,particle_muB_10,4,1500,0.8105028258616213,1.0006599875022142,2146.283638237717,2364.523896028679,1855.035052140748,0.0023788213462221926,8.1153012300402,nan,400,checks_passed
5,expanded_tilted,particle_muB_11,4,1500,0.866805377043777,1.0030143011100863,1913.5131808192832,1579.4049738883434,1526.4431748282695,0.002321968240441959,7.2351741369800004,nan,400,checks_passed
5,expanded_tilted,particle_muB_12,4,1500,0.8693078962934156,1.0041788749266929,2301.8799734864524,2277.28019274378,1988.9349279431135,0.0019864726881595935,8.7036256752988,nan,400,checks_passed
5,expanded_tilted,particle_muB_13,4,1500,0.8393135166096313,1.0007299530228784,2854.800569753354,3464.007423044011,2803.7367986428567,0.0017266249815870028,10.794270693067121,nan,400,checks_passed
5,expanded_tilted,particle_muB_14,4,1500,0.8677462998011967,1.0025503386870736,2343.884728487439,3588.4565367046494,2133.5757607993355,0.0017648016662222858,8.862449622820916,nan,400,checks_passed
5,expanded_tilted,particle_muB_15,4,1500,0.8392649127915014,1.0021198680335197,2793.923956966384,3311.1591563172265,2596.5959316474873,0.0017857104209455172,10.564090468128901,nan,400,checks_passed
5,expanded_tilted,particle_muB_16,4,1500,0.8683968676741648,1.001586823566926,2216.3644972445386,3344.382937368813,2124.78058466622,0.0017889603169768628,8.38028357960855,nan,400,checks_passed
5,expanded_tilted,particle_muB_17,4,1500,0.8308871605247092,1.003356306589964,1942.7638662793531,1652.4551250723428,1622.089319919791,0.0025007866716265713,7.345773742486257,nan,400,checks_passed
5,expanded_tilted,particle_muB_18,4,1500,0.8295184632731539,1.0007831579815267,1997.0031943810668,2009.437252331727,1699.3561658643673,0.002396344658664252,7.550857766898709,nan,400,checks_passed
5,expanded_tilted,particle_muB_19,4,1500,0.8623622807804948,1.001263984198849,2554.854138012431,3112.628600812645,2402.5854655183302,0.0015991365198470475,9.660144893901112,nan,400,checks_passed
5,expanded_tilted,particle_muB_20,4,1500,0.8634961936495226,1.0010103519552813,2800.2327576425946,3395.0280948739523,2689.0902567226553,0.0014478337144278233,10.58794463957931,nan,400,checks_passed
5,expanded_tilted,particle_muB_21,4,1500,0.8668819944469958,1.001267108120582,3003.0207820905794,3773.880782405731,2849.31165604877,0.001413394976653991,11.354705320656581,nan,400,checks_passed
5,expanded_tilted,particle_muB_22,4,1500,0.8660809529232593,1.0001779809607085,3155.179224289052,3883.9060058396512,2983.6710748402165,0.0014136196462313886,11.9300307674592,nan,400,checks_passed
5,expanded_tilted,particle_muB_23,4,1500,0.8492661632006064,1.001222315985629,2157.268325078893,3075.677974368065,2161.5240951034048,0.0017859916381930457,8.15683536888636,nan,400,checks_passed
5,expanded_tilted,particle_muB_24,4,1500,0.849521453066214,1.0012827714169956,2394.7645112286364,3693.80855790003,2418.9825571725323,0.0016968475340153597,9.054830888795085,nan,400,checks_passed
5,expanded_tilted,particle_muB_25,4,1500,0.849823463340926,1.0014770353162386,2964.322227970102,3837.92695590813,2893.5167440910386,0.0014162171955677805,11.208382431053533,nan,400,checks_passed
5,expanded_tilted,particle_muB_26,4,1500,0.8500496650842154,1.0019767129746986,2944.942200619818,3526.8818446223895,2942.029700697264,0.0014143785024840667,11.135104716499873,nan,400,checks_passed
5,expanded_tilted,particle_beta_0,4,1500,29.284244215302017,1.0056408920453739,575.601711204502,850.8516803356758,445.96718917494115,0.9945165416394821,2.1764044563963507,nan,400,checks_passed
5,expanded_tilted,particle_beta_1,4,1500,27.057560110489344,1.0098740780845665,502.19891060114657,691.0436728156031,334.2573398322167,1.0198206429385352,1.8988615317743678,nan,400,low_ess
5,expanded_tilted,particle_beta_2,4,1500,27.796475240630233,1.0106687620546877,465.35672717427286,1128.8300975806128,343.8597896027696,1.0851692357457838,1.7595577551649688,nan,400,"high_rhat,low_ess"
5,expanded_tilted,particle_beta_3,4,1500,28.57205416906012,1.0099239311314672,625.4343218698494,1422.634990224638,526.4812839863781,0.8869101219570187,2.3648262658085777,nan,400,checks_passed
5,expanded_tilted,particle_beta_4,4,1500,26.35597956610216,1.0037899562628156,764.4931162768278,1122.463219837572,590.4163427027847,0.7165508934576724,2.8906207065775797,nan,400,checks_passed
5,expanded_tilted,particle_beta_5,4,1500,25.69326397337416,1.0011788547478273,930.3977478496302,996.6953001264854,673.7472974021003,0.661166374867543,3.5179217942276777,nan,400,checks_passed
5,expanded_tilted,particle_beta_6,4,1500,25.562420333251307,1.0034486363673063,1016.0718983985352,836.0214254502407,736.8595108214801,0.6399615594665017,3.8418638524651696,nan,400,checks_passed
5,expanded_tilted,particle_beta_7,4,1500,36.645421067700624,1.0073277888538428,557.3803717230339,1912.0810741503824,525.2589737587728,0.9265747998361789,2.1075078501545246,nan,400,checks_passed
5,expanded_tilted,particle_beta_8,4,1500,36.483739144286425,1.0060873539640995,529.2289680023487,1500.2777837976257,491.6969633740326,0.9746400327380804,2.001064732771671,nan,400,checks_passed
5,expanded_tilted,particle_beta_9,4,1500,20.088150379360492,1.007548922102745,860.0488368687147,538.58969291811,515.5250327546893,0.7075827048367842,3.2519259148181083,nan,400,checks_passed
5,expanded_tilted,particle_beta_10,4,1500,20.087765606698465,1.0019215205375152,915.1561818252587,477.89678446907595,500.2186090061502,0.7278806039896912,3.4602919929741582,nan,400,checks_passed
5,expanded_tilted,particle_beta_11,4,1500,29.691617054012372,1.0031722063637463,812.9736704314189,989.0102174530344,690.3079220682465,0.7307315859414135,3.073930262572158,nan,400,checks_passed
5,expanded_tilted,particle_beta_12,4,1500,29.741370504949522,1.0020051251678177,733.9786519974588,841.7847458506318,624.7913883425178,0.7678893705961568,2.7752426339460845,nan,400,checks_passed
5,expanded_tilted,particle_beta_13,4,1500,21.454802372614658,1.0022177829586771,1202.577033531018,991.5658767056814,873.8926026766104,0.5124918626992206,4.547057390534632,nan,400,checks_passed
5,expanded_tilted,particle_beta_14,4,1500,41.37240039600161,1.0042596226845464,956.1719834499398,2052.712658200687,958.0810741510303,0.6293604416592011,3.615376614338165,nan,400,checks_passed
5,expanded_tilted,particle_beta_15,4,1500,21.81062703096641,1.005451980606088,1126.6421377472786,635.6611906967082,720.3988442636166,0.5973314552003587,4.259940374787945,nan,400,checks_passed
5,expanded_tilted,particle_beta_16,4,1500,41.46071240826231,1.0041894376452414,934.4749285693857,2400.9182486437335,889.9997680123176,0.6533141648854609,3.5333379997657755,nan,400,checks_passed
5,expanded_tilted,particle_beta_17,4,1500,21.89040991463574,1.0056050125273603,842.5276225830775,509.35066021931095,485.14940746682294,0.7412234066303387,3.1856765480937828,nan,400,checks_passed
5,expanded_tilted,particle_beta_18,4,1500,21.843579729706747,1.0036837392503903,1022.6080635158708,650.2844910602233,651.9022958795564,0.628882397514443,3.8665777103502403,nan,400,checks_passed
5,expanded_tilted,particle_beta_19,4,1500,20.410416927253923,1.0025736936011607,1516.3807616561244,1480.5761789941016,1220.4470204562213,0.35210642147834315,5.733578936650439,nan,400,checks_passed
5,expanded_tilted,particle_beta_20,4,1500,20.069586905334102,1.0020647426161546,1558.2336397808158,1435.134785912425,1287.870196917464,0.33305930048177995,5.891828623353037,nan,400,checks_passed
5,expanded_tilted,particle_beta_21,4,1500,23.67743584621132,1.0057807369517104,1160.1362393534368,1723.689842360917,1002.9950721793476,0.48768330259996073,4.386584737686191,nan,400,checks_passed
5,expanded_tilted,particle_beta_22,4,1500,22.987260616205905,1.0030447929348134,1192.254595746392,1640.0594838334603,1027.7753172606774,0.4701255059103628,4.508027277944587,nan,400,checks_passed
5,expanded_tilted,particle_beta_23,4,1500,20.56418247878983,1.0030922468890573,1164.6231928244079,1333.8327652807939,940.1834335938537,0.4619812541534395,4.403550332714444,nan,400,checks_passed
5,expanded_tilted,particle_beta_24,4,1500,20.80497756768316,1.003932171467295,1042.532019277302,1359.3742343989256,835.8352884489594,0.49823452414349073,3.941912069620094,nan,400,checks_passed
5,expanded_tilted,particle_beta_25,4,1500,16.104520470592057,1.0015103675865236,2205.305119487195,2475.421590152066,1946.0409467944005,0.20832773706423716,8.338467027351113,nan,400,checks_passed
5,expanded_tilted,particle_beta_26,4,1500,16.169758547432284,1.0023844461250149,2169.3532927496367,2187.9923527585215,1841.345478163828,0.21978774240090657,8.202529773510303,nan,400,checks_passed
10,compact_aligned,energy_kBT,4,1500,-648.355300988085,0.9999418018240841,3822.8819686133206,5003.907860699112,3795.7037411384267,0.09514114101956332,8.188378532010013,nan,400,checks_passed
10,compact_aligned,local_beta_deg,4,1500,12.849679163172098,1.000129705711904,3609.0829865307314,5197.331625208291,3600.188920887317,0.025148952459931102,7.730434235161714,0.25,400,checks_passed
10,compact_aligned,magnetization,4,1500,0.9657958265290736,1.0006747146026596,3593.385174836527,4903.573485313552,3552.938395000549,0.00014992524931626056,7.6968104860290705,0.002,400,checks_passed
10,compact_aligned,abs_muB,4,1500,0.9657958265290736,1.0006747146026596,3593.385174836527,4903.573485313552,3552.938395000549,0.00014992524931626056,7.6968104860290705,nan,400,checks_passed
10,compact_aligned,particle_muB_0,4,1500,0.9698530630765682,1.0011090026165113,4118.802926543374,4593.140097842818,3758.6124475104693,0.0006422141926489002,8.822223060556947,nan,400,checks_passed
10,compact_aligned,particle_muB_1,4,1500,0.9690981297701858,0.9996180363158449,4274.104820895347,4290.877571611205,4019.9471826421286,0.0006304525598519164,9.15487018598035,nan,400,checks_passed
10,compact_aligned,particle_muB_2,4,1500,0.968321084052548,0.999989211012114,4049.612864419268,4381.475916512189,3653.7037049995224,0.0006662960551998918,8.674022194305516,nan,400,checks_passed
10,compact_aligned,particle_muB_3,4,1500,0.9684596666432401,1.0008088452334911,4083.8574185486636,4582.699450018839,4019.080639510587,0.0006500230620858145,8.747371927353411,nan,400,checks_passed
10,compact_aligned,particle_muB_4,4,1500,0.9692935117201323,1.0005693483612423,4445.881258526528,4997.141402590708,4074.6585224884034,0.0005717925581890502,9.522804771916448,nan,400,checks_passed
10,compact_aligned,particle_muB_5,4,1500,0.9695967681349614,1.00031102850762,4545.752009287948,4808.593981203177,4060.407018462162,0.0005789624230957588,9.736721790078317,nan,400,checks_passed
10,compact_aligned,particle_muB_6,4,1500,0.9680848456329304,1.000274062024009,3912.1155462017637,4155.6665171769255,3142.1665059314955,0.0007530147050638215,8.379511378134659,nan,400,checks_passed
10,compact_aligned,particle_muB_7,4,1500,0.9544945310141654,1.0004345764269569,4099.428138586806,4258.519830365844,3542.878333578198,0.000974822083207265,8.780723453959531,nan,400,checks_passed
10,compact_aligned,particle_muB_8,4,1500,0.9538219943695846,1.0001289600086543,3846.372530125873,3931.972415070769,2967.684043525041,0.001158695054801704,8.238693872942187,nan,400,checks_passed
10,compact_aligned,particle_muB_9,4,1500,0.9563596926191125,1.0005339883592288,4070.788889327594,3861.825493541477,3545.61748640992,0.0009889267465698465,8.719379939895434,nan,400,checks_passed
10,compact_aligned,particle_muB_10,4,1500,0.9535049026760543,1.0011484640300734,3629.3261548254586,3182.685040814733,3109.847083860215,0.0011330235301329993,7.77379385914313,nan,400,checks_passed
10,compact_aligned,particle_muB_11,4,1500,0.9553199275007412,1.0007725034962198,3733.9140247996147,3841.512977380699,2912.606815602544,0.0011309244190063582,7.997814657126511,nan,400,checks_passed
10,compact_aligned,particle_muB_12,4,1500,0.9549365712646938,1.0002631007987597,4249.441518768197,4240.671594447254,3544.464426464821,0.0010040807772899393,9.10204290663338,nan,400,checks_passed
10,compact_aligned,particle_muB_13,4,1500,0.9584802152500534,1.0006873022210638,4133.02879614529,4088.341691622622,3667.1793894316147,0.0008969884963541643,8.852694000074274,nan,400,checks_passed
10,compact_aligned,particle_muB_14,4,1500,0.9591275941475489,0.9999920641050446,4127.317993789438,4126.606621825259,3612.457118714472,0.000926438216692964,8.84046181195151,nan,400,checks_passed
10,compact_aligned,particle_muB_15,4,1500,0.9585086772604592,0.9998598735887116,4189.431676019093,3894.597498184042,3347.056235979948,0.0009631405941400152,8.973505506810309,nan,400,checks_passed
10,compact_aligned,particle_muB_16,4,1500,0.9579295312757116,1.0004090962606542,4056.81466461816,4079.2542521848627,3504.631962893548,0.0009483030667305774,8.689448008292084,nan,400,checks_passed
10,compact_aligned,particle_muB_17,4,1500,0.9587304616771727,1.0001336413100734,4153.753455989461,3497.907860789031,3095.654961626784,0.0010055343507207784,8.89708494940112,nan,400,checks_passed
10,compact_aligned,particle_muB_18,4,1500,0.9577249073537724,1.000779771911764,3897.791718894381,3982.3731096584697,3436.2715140859314,0.0009906982298590395,8.348830619224769,nan,400,checks_passed
10,compact_aligned,particle_muB_19,4,1500,0.9755265657261961,1.0011284697365985,4199.3200424499455,4547.761018111567,3710.42137626842,0.0004542928965970669,8.994685780766925,nan,400,checks_passed
10,compact_aligned,particle_muB_20,4,1500,0.9763482583771453,1.0007344336210005,4286.95091477619,5107.1054406909,4446.472182648307,0.00040373370069804514,9.182385730592426,nan,400,checks_passed
10,compact_aligned,particle_muB_21,4,1500,0.976222536810328,1.0005110718176808,3562.260251197139,5078.4556242854405,3605.2187093705115,0.00044160632483058847,7.630142810010901,nan,400,checks_passed
10,compact_aligned,particle_muB_22,4,1500,0.9758450880227149,1.0006457929084829,4111.423166439855,5247.899640599275,3834.9342343903545,0.0004475191044412327,8.806416067377674,nan,400,checks_passed
10,compact_aligned,particle_muB_23,4,1500,0.9758795119632507,1.0000773337269455,4126.131746220362,5029.100631386395,3892.301312382056,0.0004375637089190898,8.837920942469266,nan,400,checks_passed
10,compact_aligned,particle_muB_24,4,1500,0.976040274999712,1.0001929514688437,4634.9258169217355,5089.429761568959,4634.79196935643,0.0003852365060939493,9.927726612628714,nan,400,checks_passed
10,compact_aligned,particle_muB_25,4,1500,0.979863124039736,1.0013623131030074,3740.2866825051574,4270.42572642558,3649.8939867623267,0.0003589516046167505,8.01146449878428,nan,400,checks_passed
10,compact_aligned,particle_muB_26,4,1500,0.9791158809062636,1.0003599541127197,4033.440558803733,4814.518332471064,3988.512266164475,0.0003576460231153055,8.639382108317356,nan,400,checks_passed
10,compact_aligned,particle_beta_0,4,1500,12.146408635313545,1.0011090026165113,4118.80292654337,4593.140097842818,3909.1848135318974,0.1167028043829591,8.822223060556938,nan,400,checks_passed
10,compact_aligned,particle_beta_1,4,1500,12.30803778340422,0.9996180363158449,4274.104820895349,4290.877571611217,4066.856985481547,0.11559638201372917,9.154870185980354,nan,400,checks_passed
10,compact_aligned,particle_beta_2,4,1500,12.47743653787644,0.999989211012114,4049.6128644192668,4381.475916512189,3818.4840516061845,0.1203693586899446,8.674022194305513,nan,400,checks_passed
10,compact_aligned,particle_beta_3,4,1500,12.436513164225815,1.0008088452334911,4083.8574185486636,4582.699450018841,3963.7094148145734,0.11836410210206044,8.747371927353411,nan,400,checks_passed
10,compact_aligned,particle_beta_4,4,1500,12.370282918182282,1.0005693483612423,4445.881258526529,4997.141402590708,4244.246493428126,0.10981219266936329,9.52280477191645,nan,400,checks_passed
10,compact_aligned,particle_beta_5,4,1500,12.284738160968915,1.00031102850762,4545.752009287948,4808.593981203177,4347.467015174255,0.10864571667033557,9.736721790078317,nan,400,checks_passed
10,compact_aligned,particle_beta_6,4,1500,12.509983239698052,1.000274062024009,3912.1155462017637,4155.666517176925,3602.948639781593,0.12499515728366091,8.379511378134659,nan,400,checks_passed
10,compact_aligned,particle_beta_7,4,1500,14.940700794460612,1.0004345764269569,4099.428138586806,4258.519830365844,3857.891030015201,0.14570144834863918,8.780723453959531,nan,400,checks_passed
10,compact_aligned,particle_beta_8,4,1500,14.891552152811727,1.0000208778615962,3846.372530125873,3931.972415070769,3350.779182548177,0.16265523703209547,8.238693872942187,nan,400,checks_passed
10,compact_aligned,particle_beta_9,4,1500,14.546235799128253,1.0005339883592288,4070.7888893275945,3861.825493541471,3747.9497328373427,0.14725115996413954,8.719379939895434,nan,400,checks_passed
10,compact_aligned,particle_beta_10,4,1500,14.960528311537448,1.0011484640300734,3629.3261548254586,3182.685040814733,3259.0739088225137,0.16499680129284136,7.77379385914313,nan,400,checks_passed
10,compact_aligned,particle_beta_11,4,1500,14.682335823320754,1.0007990284502661,3733.9140247996147,3841.512977380699,3225.2295070941195,0.1619020002471513,7.997814657126511,nan,400,checks_passed
10,compact_aligned,particle_beta_12,4,1500,14.793583843230207,1.000495645629899,4249.441518768195,4240.671594447254,3825.688534921418,0.14783097877754786,9.102042906633375,nan,400,checks_passed
10,compact_aligned,particle_beta_13,4,1500,14.226050820621353,1.0006873022210638,4133.02879614529,4088.341691622622,3843.9755104358733,0.14032257734430403,8.852694000074274,nan,400,checks_passed
10,compact_aligned,particle_beta_14,4,1500,14.006818115875394,1.000228964414245,4127.317993789445,4126.606621825259,3754.3681225345545,0.14392335161430794,8.840461811951524,nan,400,checks_passed
10,compact_aligned,particle_beta_15,4,1500,14.136950080080698,0.9998598735887116,4189.431676019093,3894.5974981840372,3730.0321332715785,0.14480005993716635,8.973505506810309,nan,400,checks_passed
10,compact_aligned,particle_beta_16,4,1500,14.261444544889496,1.0002871422171264,4056.8146646181576,4079.2542521848613,3752.5596160795567,0.14473109119033625,8.689448008292079,nan,400,checks_passed
10,compact_aligned,particle_beta_17,4,1500,14.142934699827359,1.0003508010447966,4153.753455989461,3497.907860789031,3581.916172283628,0.14626657479188457,8.89708494940112,nan,400,checks_passed
10,compact_aligned,particle_beta_18,4,1500,14.251484604033378,1.0007832973757367,3897.791718894381,3982.373109658471,3601.422322536651,0.14954338742341156,8.348830619224769,nan,400,checks_passed
10,compact_aligned,particle_beta_19,4,1500,11.112070420409763,1.0011284697365985,4199.320042449945,4547.761018111567,4043.263614311495,0.09789005794502192,8.994685780766924,nan,400,checks_passed
10,compact_aligned,particle_beta_20,4,1500,10.935151972394058,1.000747474142906,4286.95091477619,5107.1054406909,4219.631213269168,0.09384397403490435,9.182385730592426,nan,400,checks_passed
10,compact_aligned,particle_beta_21,4,1500,10.95023699130983,1.00025915255582,3562.260251197133,5078.4556242854405,3508.6072641412634,0.1035701308857896,7.630142810010889,nan,400,checks_passed
10,compact_aligned,particle_beta_22,4,1500,11.039844785743597,1.0006457929084829,4111.423166439855,5247.899640599275,3874.292898779984,0.09935703292268927,8.806416067377674,nan,400,checks_passed
10,compact_aligned,particle_beta_23,4,1500,11.041994374572273,1.0000773337269455,4126.131746220357,5029.100631386395,3874.050484981674,0.09895923890936033,8.837920942469253,nan,400,checks_passed
10,compact_aligned,particle_beta_24,4,1500,11.041748345572925,1.0001221855734561,4634.925816921734,5089.429761568959,4630.766696602819,0.08915856872005205,9.927726612628708,nan,400,checks_passed
10,compact_aligned,particle_beta_25,4,1500,10.135020399003642,1.0013623131030074,3740.2866825051597,4270.42572642558,3648.046324372412,0.09139837544271341,8.011464498784285,nan,400,checks_passed
10,compact_aligned,particle_beta_26,4,1500,10.311250087154672,1.0003599541127197,4033.440558803733,4814.518332471064,4007.5702225626005,0.08915881264105369,8.639382108317356,nan,400,checks_passed
10,compact_tilted40,energy_kBT,4,1500,-584.1089704834458,1.0009204735566573,2237.585330631501,4874.610254522672,2262.964786029113,0.12452740876197602,4.680407749564705,nan,400,checks_passed
10,compact_tilted40,local_beta_deg,4,1500,26.226224553803483,1.0034074731098344,872.9476742202788,2597.9577520360044,859.0959061780883,0.11283350986330502,1.8259643569579445,0.25,400,checks_passed
10,compact_tilted40,magnetization,4,1500,0.835454855972295,1.00197155223926,1521.6189931588237,2906.1821569799204,1482.3121881951913,0.0005440793842614379,3.1828047985349714,0.002,400,checks_passed
10,compact_tilted40,abs_muB,4,1500,0.835455663132516,1.0019726353528122,1519.9544193333404,2906.1821569799204,1480.1625132494607,0.0005444250378307475,3.1793229718864584,nan,400,checks_passed
10,compact_tilted40,particle_muB_0,4,1500,0.7948684114176401,1.0046371708790838,1064.6161071048339,1387.2775164532034,780.5578891071011,0.005310449024748743,2.226881544936923,nan,400,checks_passed
10,compact_tilted40,particle_muB_1,4,1500,0.8543857883806893,1.0005846808676524,3094.6297062570793,3105.812909256547,2558.199251337687,0.001898235295651769,6.473106817835191,nan,400,checks_passed
10,compact_tilted40,particle_muB_2,4,1500,0.8223733424071461,1.0008582254616274,2718.2194347332997,2566.734228890435,2159.153234577935,0.0021365239986697055,5.685760955428039,nan,400,checks_passed
10,compact_tilted40,particle_muB_3,4,1500,0.8240795681206737,1.000163872044528,3363.379761118386,2818.8600620674188,2822.649840495601,0.0017882961712701248,7.035257374620349,nan,400,checks_passed
10,compact_tilted40,particle_muB_4,4,1500,0.8429980175426354,1.0009629292196733,1868.978482589709,1116.5305525587255,1247.9374372515163,0.003035675991028342,3.90938448421709,nan,400,checks_passed
10,compact_tilted40,particle_muB_5,4,1500,0.8201778141651405,1.0032739065425946,1600.7889198728735,1943.7496628338436,1366.1678794435356,0.0032011916121653934,3.348406321503631,nan,400,checks_passed
10,compact_tilted40,particle_muB_6,4,1500,0.8135407846691496,1.0023290763875707,1680.7310136963251,1784.3891610067121,1343.906160462237,0.003335929853672154,3.515623003846697,nan,400,checks_passed
10,compact_tilted40,particle_muB_7,4,1500,0.8373781953323628,1.0013816945591267,2370.7095632707005,2640.4096760065395,2064.9447097226384,0.002077845920556452,4.958866712255311,nan,400,checks_passed
10,compact_tilted40,particle_muB_8,4,1500,0.8391709990887654,1.0001785986057767,2702.570481924085,3259.456409060681,2428.936227738382,0.0018829813840632677,5.653027687561937,nan,400,checks_passed
10,compact_tilted40,particle_muB_9,4,1500,0.7901684113367377,1.0016910743268324,2762.3201990397138,1376.2500955364644,1757.978078244612,0.0026888005085874134,5.778007519702401,nan,400,checks_passed
10,compact_tilted40,particle_muB_10,4,1500,0.7871073798916874,1.0008319870973907,2547.6758019747354,1880.7737413557957,1993.0117834922507,0.0024916207571551454,5.3290309887649014,nan,400,checks_passed
10,compact_tilted40,particle_muB_11,4,1500,0.8566573279405181,1.0023574887231066,2158.477128388888,1534.926419485079,1336.8393331528607,0.0027386877917332467,4.51493533706638,nan,400,checks_passed
10,compact_tilted40,particle_muB_12,4,1500,0.8461278177277803,1.00157150951564,1499.918514447009,937.8410370152749,974.7651920962687,0.0036377423149251253,3.1374134173252206,nan,400,checks_passed
10,compact_tilted40,particle_muB_13,4,1500,0.8278062972859422,1.0002098668085067,3550.7243433802532,3946.3254785058225,3237.1767254804895,0.0016499469851875242,7.427130266640935,nan,400,checks_passed
10,compact_tilted40,particle_muB_14,4,1500,0.8673927774174932,1.0002334884005168,3577.05680546574,4254.751832135207,3346.2534971675195,0.0014490818694474544,7.482210472040409,nan,400,checks_passed
10,compact_tilted40,particle_muB_15,4,1500,0.8317058141910006,0.9998523204702193,3949.7412332863582,4470.752700183065,3692.461195663632,0.0015047844392735786,8.261762903062747,nan,400,checks_passed
10,compact_tilted40,particle_muB_16,4,1500,0.8666687296597656,1.0007339154427715,3475.9194938976993,4384.394013153568,3308.4082601286955,0.0014146896551526914,7.270659274259002,nan,400,checks_passed
10,compact_tilted40,particle_muB_17,4,1500,0.8198544762851401,1.000878399122096,3030.9785818084624,2423.449783224999,2604.738411433318,0.0020063651738103727,6.339966323902057,nan,400,checks_passed
10,compact_tilted40,particle_muB_18,4,1500,0.8201292058763174,1.000296944015732,3077.449296395703,2184.8246428707234,2602.670023245403,0.001984133608199764,6.437170166680445,nan,400,checks_passed
10,compact_tilted40,particle_muB_19,4,1500,0.8571817242205804,1.0005259328754166,3002.0064939026142,4409.0878924746785,2972.9557582803527,0.0014958137323376342,6.279364753584589,nan,400,checks_passed
10,compact_tilted40,particle_muB_20,4,1500,0.8556480272213121,1.000698841023135,2694.0503068370954,2864.0638740164313,2504.7836140349345,0.0016697836870884363,5.635205844989551,nan,400,checks_passed
10,compact_tilted40,particle_muB_21,4,1500,0.8587561997094226,1.000334833941453,3901.11096949088,5273.24605055061,3842.7039630706877,0.0012606461534109574,8.16004188245367,nan,400,checks_passed
10,compact_tilted40,particle_muB_22,4,1500,0.8589045879967993,1.0005126057858877,3528.504502450302,5145.664247093556,3374.7018221239664,0.001329531252339691,7.380652523754907,nan,400,checks_passed
10,compact_tilted40,particle_muB_23,4,1500,0.8397063657524043,1.0002092840179957,2745.286391442212,4528.1346070014315,2715.122569757199,0.001670673410160993,5.742377519812545,nan,400,checks_passed
10,compact_tilted40,particle_muB_24,4,1500,0.8416805703141519,1.001292503424479,2588.5878357215074,3833.7856556100855,2444.4640931491067,0.0017445420184891418,5.414607613342076,nan,400,checks_passed
10,compact_tilted40,particle_muB_25,4,1500,0.8407483917214252,0.9999350526776393,3773.2343089036563,4220.105245929472,3854.916426069277,0.0012074025935297234,7.892559384688108,nan,400,checks_passed
10,compact_tilted40,particle_muB_26,4,1500,0.8420640855792854,0.9997956322078712,4082.225583538395,4981.006871514047,4050.8822305960202,0.0011938119315023574,8.538883409318782,nan,400,checks_passed
10,compact_tilted40,particle_beta_0,4,1500,35.55132900346731,1.0061724605658795,544.8911010489494,690.9012786359284,422.2343197077875,1.3446038443333082,1.1397610169792216,nan,400,checks_passed
10,compact_tilted40,particle_beta_1,4,1500,29.195272327968695,1.0041737536295876,682.3538437261797,1178.8054801362264,544.431614759833,0.8572720912429336,1.4272949390582288,nan,400,checks_passed
10,compact_tilted40,particle_beta_2,4,1500,28.631841331845674,1.0033079200020991,769.1975603497426,1020.2621049652848,623.5273253435549,0.8773179149533215,1.6089479016164037,nan,400,checks_passed
10,compact_tilted40,particle_beta_3,4,1500,28.75449089053303,1.0052313675875546,700.0508754804936,1026.5105976614495,590.2085826403614,0.8912314470461095,1.4643122198891712,nan,400,checks_passed
10,compact_tilted40,particle_beta_4,4,1500,29.506669013124405,1.0037018217515745,794.2910383451787,1391.5889840515329,621.9416959707783,0.8294504910761572,1.661436496024655,nan,400,checks_passed
10,compact_tilted40,particle_beta_5,4,1500,29.813074272839188,1.0039638784418357,975.0263480395754,990.853368561777,762.0083820920133,0.7609923372145124,2.039484623411553,nan,400,checks_passed
10,compact_tilted40,particle_beta_6,4,1500,28.202999588799226,1.0032704455860475,986.5182879939717,986.4577643463183,765.8222024113109,0.7428364481034637,2.063522573644677,nan,400,checks_passed
10,compact_tilted40,particle_beta_7,4,1500,37.41865664862006,1.0125109503314276,769.3611424089709,1737.4455788374457,726.9492355862126,0.8171588486768839,1.6092900699025559,nan,400,high_rhat
10,compact_tilted40,particle_beta_8,4,1500,37.15817794122944,1.0019621974369677,1076.7569280169423,2283.2482689704375,994.1092348225977,0.6983626313488253,2.2522767741177794,nan,400,checks_passed
10,compact_tilted40,particle_beta_9,4,1500,20.921364317745823,1.0120277205187678,658.086129575821,306.8899512477521,316.40947101068934,1.0703576469018459,1.3765336135263422,nan,400,"high_rhat,low_ess"
10,compact_tilted40,particle_beta_10,4,1500,20.015726695792086,1.0015071604348353,866.6418287419417,371.6935802418315,431.13689644903127,0.8685764973126026,1.8127742776164621,nan,400,low_ess
10,compact_tilted40,particle_beta_11,4,1500,27.658508908790342,1.0032000748413417,1094.898864269538,652.7196902629515,734.4534732786374,0.7256234749574523,2.290224671731496,nan,400,checks_passed
10,compact_tilted40,particle_beta_12,4,1500,30.837023723254546,1.002934767467535,791.2532692136606,636.851985460319,562.8269979205749,0.9524318784258933,1.6550823257546288,nan,400,checks_passed
10,compact_tilted40,particle_beta_13,4,1500,21.668498602412303,1.0103101544361266,812.9254400439138,402.2555386686835,459.5572917811895,0.7806417257711035,1.7004144947294675,nan,400,high_rhat
10,compact_tilted40,particle_beta_14,4,1500,41.77938924242736,1.0031519114495517,1830.7172076095312,3370.014684871976,1768.881923597611,0.45284730074913393,3.8293525115928726,nan,400,checks_passed
10,compact_tilted40,particle_beta_15,4,1500,20.966007123683426,1.001600933561997,1141.660360185923,608.6402986409495,665.578954040415,0.6075653767468656,2.3880367483804426,nan,400,checks_passed
10,compact_tilted40,particle_beta_16,4,1500,41.06500392513933,1.0009186412072668,1756.2972404278546,3170.669525157739,1724.3533645446782,0.4693537876239564,3.6736865862084014,nan,400,checks_passed
10,compact_tilted40,particle_beta_17,4,1500,21.147821380556966,1.0016577081972369,995.5652479943326,488.8907949466306,552.3509010877985,0.7233872616727792,2.0824463041125294,nan,400,checks_passed
10,compact_tilted40,particle_beta_18,4,1500,21.89080200567926,1.0074296109043614,937.08101163065,417.26278843816766,476.6543487173087,0.7943594128560415,1.9601135066291366,nan,400,checks_passed
10,compact_tilted40,particle_beta_19,4,1500,20.627227125590878,1.0009952213431803,1761.4492285853773,1289.633403105212,1332.1760641244475,0.3539403605782933,3.6844631161436108,nan,400,checks_passed
10,compact_tilted40,particle_beta_20,4,1500,20.60901851503568,1.0013914912969832,1680.0824966024688,1670.579508128627,1331.4533077996657,0.35282994177648297,3.514266486001206,nan,400,checks_passed
10,compact_tilted40,particle_beta_21,4,1500,22.256129329290566,1.0016474688790462,1882.956388156942,2638.1437671220015,1699.4960429848811,0.3689137653087175,3.9386223848432516,nan,400,checks_passed
10,compact_tilted40,particle_beta_22,4,1500,22.058043317854843,1.0010959040641185,2260.4077770627546,2315.5747319347543,1843.1899955154613,0.34876985165572266,4.728145975981625,nan,400,checks_passed
10,compact_tilted40,particle_beta_23,4,1500,20.17644206172157,1.0031786828435525,1270.8317276769405,1523.0848519706212,998.6065771432679,0.4571166501767759,2.658227413804676,nan,400,checks_passed
10,compact_tilted40,particle_beta_24,4,1500,20.329269286808703,1.003790655775369,1192.885649955473,1635.9529909171476,1027.8746330311897,0.4529703457305197,2.495185843402188,nan,400,checks_passed
10,compact_tilted40,particle_beta_25,4,1500,14.803395659242831,1.0008312347549444,3674.940062198248,3760.476193557818,3398.9863415766954,0.14690877391589832,7.686955089862052,nan,400,checks_passed
10,compact_tilted40,particle_beta_26,4,1500,15.065880713240462,1.0003896029058386,3607.811526048046,4068.6613643138794,3283.2052765456965,0.149617636475611,7.546540815370152,nan,400,checks_passed
10,expanded_aligned,energy_kBT,4,1500,-613.4469520261463,1.0000826854207245,3848.265948262457,4516.7780412961365,3791.4921179486296,0.09434220663814184,8.442871000949514,nan,400,checks_passed
10,expanded_aligned,local_beta_deg,4,1500,12.636817540886158,1.0001380888320717,3816.994734998905,4901.798875271268,3800.743847717364,0.023437290386785624,8.37426378326318,0.25,400,checks_passed
10,expanded_aligned,magnetization,4,1500,0.9672903265463674,1.000193073191923,3504.944145018606,4182.638827359827,3400.5864485830057,0.0001414517790054293,7.689642992394135,0.002,400,checks_passed
10,expanded_aligned,abs_muB,4,1500,0.9672903265463674,1.000193073191923,3504.944145018606,4182.638827359827,3400.5864485830057,0.0001414517790054293,7.689642992394135,nan,400,checks_passed
10,expanded_aligned,particle_muB_0,4,1500,0.9695878912700955,1.000235664501676,4207.024355088511,4639.776831424902,3924.201861467447,0.0005995428911466173,9.229966017266186,nan,400,checks_passed
10,expanded_aligned,particle_muB_1,4,1500,0.9691823001921809,1.0005276048228733,4178.7576842040235,4301.527769774333,3731.2781634308535,0.0006293591488794235,9.167950590288804,nan,400,checks_passed
10,expanded_aligned,particle_muB_2,4,1500,0.9695378968422701,1.0010410130761425,4185.3878817474015,4456.952791562354,3956.7909437340973,0.000586466820326199,9.182496856924773,nan,400,checks_passed
10,expanded_aligned,particle_muB_3,4,1500,0.9695456094573225,1.0009259719954715,3900.3715928962365,4707.459394599793,3848.382890443283,0.0005974795001650483,8.55718774568046,nan,400,checks_passed
10,expanded_aligned,particle_muB_4,4,1500,0.9689663697484504,1.0008166456781784,4037.1043788901547,5150.611939326049,4008.1278365827475,0.0006071867579740342,8.857171501810498,nan,400,checks_passed
10,expanded_aligned,particle_muB_5,4,1500,0.969710956828682,1.0007405544079617,4074.234905331109,4331.29620375827,3528.3924806705654,0.0006344709865325766,8.93863371080358,nan,400,checks_passed
10,expanded_aligned,particle_muB_6,4,1500,0.9691244668483823,1.0005632976153593,4320.01657365143,4464.750026994187,3701.0767813780176,0.0006337493463266502,9.477864353364437,nan,400,checks_passed
10,expanded_aligned,particle_muB_7,4,1500,0.9607229135996473,1.0008542523280606,3324.238858384616,3700.443758604411,2811.2625973853073,0.0010248761898385514,7.293186135006396,nan,400,checks_passed
10,expanded_aligned,particle_muB_8,4,1500,0.9605936899209243,1.0005695733953126,3800.4481134553134,4398.799412509101,3544.231075479655,0.0008501471533259078,8.337961460847767,nan,400,checks_passed
10,expanded_aligned,particle_muB_9,4,1500,0.9604395213013125,1.0000402762963994,3822.1504423853858,4150.581114757867,3830.111729200427,0.0008186826510302265,8.385575104509662,nan,400,checks_passed
10,expanded_aligned,particle_muB_10,4,1500,0.9592770200311234,1.000422663020071,4175.023587007893,3960.052916580617,3577.6747679504765,0.000923806618188328,9.15975819886997,nan,400,checks_passed
10,expanded_aligned,particle_muB_11,4,1500,0.9600948152860677,1.0014650443641486,4016.987084432572,4107.831374389066,3739.2954548197667,0.0008661213293022442,8.813035331317868,nan,400,checks_passed
10,expanded_aligned,particle_muB_12,4,1500,0.9591077699523968,1.0004381264004667,4266.056434318076,4156.447593706032,3477.0073918515404,0.0009443653925419163,9.359478955445026,nan,400,checks_passed
10,expanded_aligned,particle_muB_13,4,1500,0.9592842952739925,1.000357258568383,3859.117737986943,3822.908012757232,2880.2395418383294,0.0010276650456099911,8.46667919456322,nan,400,checks_passed
10,expanded_aligned,particle_muB_14,4,1500,0.962208892375105,0.9999485700560647,3692.7501427741518,3937.9127552377977,2959.754476482333,0.0009642110405637226,8.101678395760842,nan,400,checks_passed
10,expanded_aligned,particle_muB_15,4,1500,0.962844825738933,0.9999641119836008,3928.7145922434643,4246.439830170385,3530.1624559165916,0.0008342440582088199,8.619370632852457,nan,400,checks_passed
10,expanded_aligned,particle_muB_16,4,1500,0.961872090599232,0.9997787816588792,4513.364890441828,4675.408663448725,3970.1138260037537,0.000811617490010608,9.902059281381069,nan,400,checks_passed
10,expanded_aligned,particle_muB_17,4,1500,0.961727564773469,1.000855660703942,4293.938677811807,4059.593160776813,3672.3021849382794,0.0008472789554362022,9.420650971152757,nan,400,checks_passed
10,expanded_aligned,particle_muB_18,4,1500,0.9605636125367134,1.0006931172464621,4574.9572094787245,4733.789561687202,4114.634555471511,0.000815407976141145,10.037189236344977,nan,400,checks_passed
10,expanded_aligned,particle_muB_19,4,1500,0.9754235044344396,1.000116810387012,4384.746554803284,4858.079510935821,3874.650534874746,0.00047054770656944925,9.619878155972273,nan,400,checks_passed
10,expanded_aligned,particle_muB_20,4,1500,0.9740523492517456,1.0002060677079345,4326.321327125582,4661.390906872027,4015.1162532877097,0.0004896451807646028,9.491696614697386,nan,400,checks_passed
10,expanded_aligned,particle_muB_21,4,1500,0.9745393675236751,1.0003447016584648,3880.307523202992,4259.672350735894,3733.7708276180147,0.00048673649561638337,8.513168347215911,nan,400,checks_passed
10,expanded_aligned,particle_muB_22,4,1500,0.9748426924004137,1.0003755264371443,3936.5197218344333,5049.798924882505,4067.8049492569016,0.0004492559517943427,8.636494631860893,nan,400,checks_passed
10,expanded_aligned,particle_muB_23,4,1500,0.9739038246161528,1.0001213741124928,4162.998397732478,4639.922381975023,3923.7783983535955,0.0004913480078772508,9.133375635092076,nan,400,checks_passed
10,expanded_aligned,particle_muB_24,4,1500,0.9751432206046825,1.0002944784763512,4109.173747515021,4792.756009510363,4335.979849288613,0.0004245519151625606,9.015287492389152,nan,400,checks_passed
10,expanded_aligned,particle_muB_25,4,1500,0.9769783983768044,1.0004198807444966,4235.531192881916,4791.3384103448425,4037.4226310700765,0.0004072419785592946,9.29250835643154,nan,400,checks_passed
10,expanded_aligned,particle_muB_26,4,1500,0.9775629569677039,1.0000024900149782,4487.702826309313,4947.195997294569,4501.943283978513,0.0003629146825184996,9.845758209677141,nan,400,checks_passed
10,expanded_aligned,particle_beta_0,4,1500,12.276917591010463,1.000235664501676,4207.024355088511,4639.776831424902,4035.854723312438,0.1131010598641835,9.229966017266186,nan,400,checks_passed
10,expanded_aligned,particle_beta_1,4,1500,12.368630683032544,1.000411597630301,4178.757684204024,4301.527769774333,3961.518262035094,0.11472293697850433,9.167950590288806,nan,400,checks_passed
10,expanded_aligned,particle_beta_2,4,1500,12.267532389803687,1.0010410130761425,4185.3878817474015,4456.952791562354,4071.76495082074,0.11313877008828091,9.182496856924773,nan,400,checks_passed
10,expanded_aligned,particle_beta_3,4,1500,12.308881523584258,1.0009259719954715,3900.3715928962365,4707.459394599793,3818.310469301721,0.1156617323705263,8.55718774568046,nan,400,checks_passed
10,expanded_aligned,particle_beta_4,4,1500,12.42112742062716,1.0008708977228762,4037.1043788901547,5150.611939326047,3917.200595320543,0.11550903097511739,8.857171501810498,nan,400,checks_passed
10,expanded_aligned,particle_beta_5,4,1500,12.219278726399025,1.0007405544079617,4074.234905331109,4331.296203758264,3750.5322823397682,0.11800786500529163,8.93863371080358,nan,400,checks_passed
10,expanded_aligned,particle_beta_6,4,1500,12.340308718617996,1.0005632976153593,4320.016573651425,4464.750026994187,4047.013862142893,0.11468815528600965,9.477864353364426,nan,400,checks_passed
10,expanded_aligned,particle_beta_7,4,1500,13.785260211991414,1.0008542523280606,3324.238858384616,3700.443758604411,2948.2722900791546,0.15750339112030767,7.293186135006396,nan,400,checks_passed
10,expanded_aligned,particle_beta_8,4,1500,13.907192603883358,1.0005912339919076,3800.4481134553134,4398.799412509101,3685.206693894706,0.13792363611202638,8.337961460847767,nan,400,checks_passed
10,expanded_aligned,particle_beta_9,4,1500,13.95918385180379,1.0000402762963994,3822.150442385378,4150.581114757867,3692.4806870777124,0.13738389877980126,8.385575104509645,nan,400,checks_passed
10,expanded_aligned,particle_beta_10,4,1500,14.05495984384717,1.000422663020071,4175.023587007893,3960.052916580617,3821.0984434939737,0.14044503392829288,9.15975819886997,nan,400,checks_passed
10,expanded_aligned,particle_beta_11,4,1500,13.962849593272049,1.0014650443641486,4016.9870844325706,4107.831374389066,3802.3916824279145,0.1377846077081891,8.813035331317867,nan,400,checks_passed
10,expanded_aligned,particle_beta_12,4,1500,14.110120929717823,1.0003331332638585,4266.056434318075,4156.44759370603,3921.485260501422,0.13831725804844272,9.359478955445024,nan,400,checks_passed
10,expanded_aligned,particle_beta_13,4,1500,14.049642125331365,1.0002750136804501,3859.117737986943,3822.908012757231,3333.318735707845,0.15044088842587616,8.46667919456322,nan,400,checks_passed
10,expanded_aligned,particle_beta_14,4,1500,13.497527596643142,0.9999805391549843,3692.750142774149,3937.9127552377977,3290.700099406385,0.14673895361681524,8.101678395760837,nan,400,checks_passed
10,expanded_aligned,particle_beta_15,4,1500,13.432734854178007,1.0000377805787022,3928.7145922434665,4246.439830170393,3690.3433883962202,0.13571662141799115,8.619370632852462,nan,400,checks_passed
10,expanded_aligned,particle_beta_16,4,1500,13.57652386780334,0.9997050765364967,4513.364890441831,4675.408663448725,4168.3921052153,0.13029324254163985,9.902059281381078,nan,400,checks_passed
10,expanded_aligned,particle_beta_17,4,1500,13.612880705446567,1.000855660703942,4293.938677811807,4059.593160776813,3902.1767896088263,0.13465747707352652,9.420650971152757,nan,400,checks_passed
10,expanded_aligned,particle_beta_18,4,1500,13.851858197036917,1.0006224939865078,4574.957209478721,4733.789561687202,4303.92398678455,0.1293933771427676,10.03718923634497,nan,400,checks_passed
10,expanded_aligned,particle_beta_19,4,1500,11.087105698543647,1.0001726590707563,4384.746554803284,4858.079510935821,4209.309958519464,0.09760431706857803,9.619878155972273,nan,400,checks_passed
10,expanded_aligned,particle_beta_20,4,1500,11.407727832268167,1.0002060677079345,4326.321327125582,4661.390906872027,4141.7072816486325,0.10080461488487966,9.491696614697386,nan,400,checks_passed
10,expanded_aligned,particle_beta_21,4,1500,11.31389132616288,1.000438688005355,3880.307523202991,4259.672350735894,3780.094053516696,0.10401447211834981,8.51316834721591,nan,400,checks_passed
10,expanded_aligned,particle_beta_22,4,1500,11.256407950525075,1.0006283195617658,3936.5197218344333,5049.798924882505,3939.59172897747,0.10090014155394657,8.636494631860893,nan,400,checks_passed
10,expanded_aligned,particle_beta_23,4,1500,11.444754539840927,1.0001213741124928,4162.998397732478,4639.922381975023,4049.320296941658,0.10208900573765546,9.133375635092076,nan,400,checks_passed
10,expanded_aligned,particle_beta_24,4,1500,11.20344178206929,1.0002944784763512,4109.173747515021,4792.756009510365,4095.7260111306055,0.09790894088173001,9.015287492389152,nan,400,checks_passed
10,expanded_aligned,particle_beta_25,4,1500,10.780718291969844,1.0004198807444966,4235.531192881916,4791.3384103448425,4130.904300593915,0.09371644901269735,9.29250835643154,nan,400,checks_passed
10,expanded_aligned,particle_beta_26,4,1500,10.696614748516426,0.9998899405932633,4487.702826309313,4947.195997294569,4460.285810804166,0.08747206271124032,9.845758209677141,nan,400,checks_passed
10,expanded_tilted,energy_kBT,4,1500,-548.7938372062018,1.0015235866964665,2984.283969543326,4089.9591601080724,2946.0868051079256,0.10606725390837109,6.665442361542451,nan,400,checks_passed
10,expanded_tilted,local_beta_deg,4,1500,25.700993904644466,1.0037022433929115,1773.6919114480945,2082.618437709136,1728.0726211569759,0.07408655946275917,3.961567104051588,0.25,400,checks_passed
10,expanded_tilted,magnetization,4,1500,0.8483916576341544,1.0005614459399714,2724.9662311201673,3446.0090959966665,2668.1061131942297,0.0003430980287579144,6.086252359375999,0.002,400,checks_passed
10,expanded_tilted,abs_muB,4,1500,0.8483937845239257,1.0005640685478918,2723.389474230845,3446.0090959966665,2666.07443066325,0.0003431019997921398,6.082730649555083,nan,400,checks_passed
10,expanded_tilted,particle_muB_0,4,1500,0.8410918984034065,1.001507696967126,2813.04314856651,2572.812978588772,2259.950774837264,0.002223002404469502,6.282973456500938,nan,400,checks_passed
10,expanded_tilted,particle_muB_1,4,1500,0.8601364011566183,1.0000765755730243,3419.284441780108,2927.299951221938,3019.922760150642,0.0016320255983350296,7.637022346734582,nan,400,checks_passed
10,expanded_tilted,particle_muB_2,4,1500,0.8380545835949151,1.000592053297756,4115.760855640978,3894.987273848704,3905.578279054327,0.0014412179445151246,9.19261271284636,nan,400,checks_passed
10,expanded_tilted,particle_muB_3,4,1500,0.8388174002102406,1.0005148736801195,4108.266236668677,4550.292989044671,3925.7173067011577,0.0014343103509851967,9.175873370581543,nan,400,checks_passed
10,expanded_tilted,particle_muB_4,4,1500,0.8618426460751021,1.0001562482505741,3713.062787897009,2953.532664870916,3018.765333186483,0.0015995239973075096,8.29318062560344,nan,400,checks_passed
10,expanded_tilted,particle_muB_5,4,1500,0.846269375016817,1.0005274007411153,3367.1784922481565,2977.590621769714,2754.8596635791873,0.0018395585246470275,7.520642938191966,nan,400,checks_passed
10,expanded_tilted,particle_muB_6,4,1500,0.8468502069251506,1.00191680036234,3129.826928376252,3471.924064685099,2778.6805857763975,0.001862612677277836,6.990514711603584,nan,400,checks_passed
10,expanded_tilted,particle_muB_7,4,1500,0.8475159009569688,1.00086741134776,3168.7786610891267,4153.227176039798,2950.7525937768496,0.001639295470898976,7.077513982426864,nan,400,checks_passed
10,expanded_tilted,particle_muB_8,4,1500,0.8447469768399619,1.0005104496991026,3599.7555920389414,4031.855441404164,3344.3284545158936,0.001561690863176613,8.04010732867603,nan,400,checks_passed
10,expanded_tilted,particle_muB_9,4,1500,0.8094749897044712,1.0012754250743585,3447.3881158627023,2679.2447929026166,3060.2738822578312,0.0018867269510393545,7.699792318244288,nan,400,checks_passed
10,expanded_tilted,particle_muB_10,4,1500,0.8105260953160645,1.0005799888047597,3556.5438015805066,3491.0201128699177,2990.456125146269,0.0018771952508448157,7.94359315590318,nan,400,checks_passed
10,expanded_tilted,particle_muB_11,4,1500,0.8635455912962385,1.0017361735780779,2939.549392210134,2035.3411959775394,1925.855572305871,0.002184103367576872,6.565527021774037,nan,400,checks_passed
10,expanded_tilted,particle_muB_12,4,1500,0.8642090137511595,1.0007220686055815,3373.8258471515305,2749.2611718983276,2736.178095935276,0.0017826665070562174,7.535489903634044,nan,400,checks_passed
10,expanded_tilted,particle_muB_13,4,1500,0.8412312287178932,1.0004398702043882,4516.5897691606,4981.345970396312,4395.183648474959,0.0013403119441026713,10.087870016498185,nan,400,checks_passed
10,expanded_tilted,particle_muB_14,4,1500,0.8689111507802073,1.00084222571643,3969.0785627063683,4385.661675254101,3715.380629611135,0.0013443025494171365,8.864995643226763,nan,400,checks_passed
10,expanded_tilted,particle_muB_15,4,1500,0.8376814354402254,0.9999508452178489,4123.515923761712,4312.977824616494,3840.254920209295,0.0014969511715687462,9.209933772134328,nan,400,checks_passed
10,expanded_tilted,particle_muB_16,4,1500,0.8680165522453114,1.000800046748663,3973.9501422839026,4946.410454698462,3806.5787080710834,0.0013310585897407254,8.875876388227947,nan,400,checks_passed
10,expanded_tilted,particle_muB_17,4,1500,0.8331437449400537,1.0007268214922131,3820.8619753024573,3379.7056876676943,3457.0241102116456,0.001662562921153647,8.533951704229072,nan,400,checks_passed
10,expanded_tilted,particle_muB_18,4,1500,0.8335262506586769,1.0004411993075928,3544.3026273513215,3232.615211128528,2934.139917986176,0.0017821323919224488,7.916252312305539,nan,400,checks_passed
10,expanded_tilted,particle_muB_19,4,1500,0.860079317577123,1.0009329450403703,4110.151794223249,4802.51424627029,3965.840749213583,0.001259339463644239,9.180084791253181,nan,400,checks_passed
10,expanded_tilted,particle_muB_20,4,1500,0.8610809057389862,1.0001635558469801,3794.2002795140656,3944.217262054751,3596.294234305152,0.0013200488987622425,8.4744024125557,nan,400,checks_passed
10,expanded_tilted,particle_muB_21,4,1500,0.8634587929251485,1.0001735568675594,4309.820231663715,5426.22322487675,4307.965346243712,0.0011876421641544524,9.626047197901208,nan,400,checks_passed
10,expanded_tilted,particle_muB_22,4,1500,0.863418752542703,1.0008946876102836,4228.200935186816,5175.670262053472,4171.412553730038,0.0011868493206504134,9.443749292672148,nan,400,checks_passed
10,expanded_tilted,particle_muB_23,4,1500,0.8505414098154696,0.9999081074962426,4141.291565230851,4784.439516362613,4128.642036132671,0.001276272174227667,9.24963593012639,nan,400,checks_passed
10,expanded_tilted,particle_muB_24,4,1500,0.8497605420340167,1.000199308770729,3649.8563023932847,5143.746894048667,3754.4573448582187,0.0013190403029247095,8.152008005872748,nan,400,checks_passed
10,expanded_tilted,particle_muB_25,4,1500,0.8502539312421319,1.0011592194441872,4657.8014696430555,4979.307225501107,4575.552992293555,0.0011215065570876594,10.403268437006151,nan,400,checks_passed
10,expanded_tilted,particle_muB_26,4,1500,0.8523896622171114,1.0003786406803648,4224.7886109646,5476.482442044797,4310.547614395646,0.0011405772313512698,9.436127816078699,nan,400,checks_passed
10,expanded_tilted,particle_beta_0,4,1500,29.345035411031354,1.002322151265637,1252.6465521340554,1455.7274890068745,963.7874279029026,0.6826489349514319,2.7978045916026257,nan,400,checks_passed
10,expanded_tilted,particle_beta_1,4,1500,27.143529405512805,1.001040448584934,1485.80702751646,2125.6942251308324,1248.9727302642575,0.5092899553922973,3.3185719600943973,nan,400,checks_passed
10,expanded_tilted,particle_beta_2,4,1500,27.688215192620586,1.0023904166840825,1311.50227020128,2234.079387348997,1132.4533077120332,0.5962491578686645,2.9292597079481086,nan,400,checks_passed
10,expanded_tilted,particle_beta_3,4,1500,27.5859424410313,1.004270109393542,1271.2141122178189,1987.7883232180059,1112.8890558105409,0.5962196038130895,2.8392755115270925,nan,400,checks_passed
10,expanded_tilted,particle_beta_4,4,1500,26.969718339486786,1.0008190707505717,1456.3243653428538,1624.5916383749347,1167.4147261643086,0.5357399509407192,3.252721998298344,nan,400,checks_passed
10,expanded_tilted,particle_beta_5,4,1500,25.443841118892333,1.0008012748676567,2138.3901004194904,1648.7215469167065,1636.3118388344492,0.4271752233558661,4.776125900317798,nan,400,checks_passed
10,expanded_tilted,particle_beta_6,4,1500,26.24251189792566,1.003061174820328,1737.1348889645765,1860.273484953253,1360.2938201299821,0.4826771431392423,3.8799164539256923,nan,400,checks_passed
10,expanded_tilted,particle_beta_7,4,1500,35.84404979516489,1.0044834605277762,1214.0707505429427,2641.496662484944,1091.258316786713,0.6431413021898442,2.7116449684970516,nan,400,checks_passed
10,expanded_tilted,particle_beta_8,4,1500,36.46041000475198,1.002012028168572,1355.136663269858,2955.5810475685807,1253.5642956172821,0.6053143787862701,3.0267177698978904,nan,400,checks_passed
10,expanded_tilted,particle_beta_9,4,1500,20.666466938676937,1.0028389941127918,1351.942692330589,804.2631126777119,813.2811374491115,0.5866334101653575,3.0195839885897406,nan,400,checks_passed
10,expanded_tilted,particle_beta_10,4,1500,21.048644001767606,1.0029864004333005,1353.731288886991,540.4858272912708,702.3244101636764,0.65273188248882,3.0235788454386268,nan,400,checks_passed
10,expanded_tilted,particle_beta_11,4,1500,30.569800322857564,1.001327796373787,1328.8434206010659,1296.8988740167301,1068.6700356548483,0.6115107214048455,2.9679914237138507,nan,400,checks_passed
10,expanded_tilted,particle_beta_12,4,1500,29.078811810057243,1.001218850392529,1761.2010506192087,1451.3789156008972,1392.5987777235398,0.5105024345371448,3.9336685817424906,nan,400,checks_passed
10,expanded_tilted,particle_beta_13,4,1500,21.61258428094351,1.0009812039001023,1623.9224159447451,1306.3719088522137,1217.7963079990363,0.43999295701854274,3.6270547218577347,nan,400,checks_passed
10,expanded_tilted,particle_beta_14,4,1500,41.1234141267149,1.002090468121526,1847.162283995206,3432.7462708824796,1826.605036825095,0.45906478399037304,4.1256642672209365,nan,400,checks_passed
10,expanded_tilted,particle_beta_15,4,1500,22.556654537160753,1.0026964692594502,1433.2290745800374,703.0747437495779,945.3710335675526,0.5332083555466691,3.201138324970443,nan,400,checks_passed
10,expanded_tilted,particle_beta_16,4,1500,40.5870436399002,1.0008660282494914,1895.9908468157132,3454.3303288362863,1870.0065446293368,0.45302059898071867,4.2347235840951445,nan,400,checks_passed
10,expanded_tilted,particle_beta_17,4,1500,22.41369045398905,1.0045596025408865,1419.8652834543075,949.6659025102855,972.794094916698,0.543395759097574,3.171290099939138,nan,400,checks_passed
10,expanded_tilted,particle_beta_18,4,1500,22.046568328598816,1.0011180006527207,1484.8752536334619,952.3588336654383,904.1725190238765,0.5463441358067606,3.3164908293526514,nan,400,checks_passed
10,expanded_tilted,particle_beta_19,4,1500,19.894039006597996,1.0006073206716224,3173.736574445703,2928.130071848878,2655.886059331743,0.23124587281179199,7.088587555199779,nan,400,checks_passed
10,expanded_tilted,particle_beta_20,4,1500,20.108785804029562,1.0007968374549012,2879.039717056048,2097.055571139917,2239.7800086453285,0.25702254885443304,6.430377767825212,nan,400,checks_passed
10,expanded_tilted,particle_beta_21,4,1500,23.908475088322632,1.0010910802054196,2064.187037166196,2370.673800030112,1771.6192216633399,0.381133453846037,4.610392261625093,nan,400,checks_passed
10,expanded_tilted,particle_beta_22,4,1500,22.53027376019561,1.0023952845164863,2042.8295814758171,2111.8087994750854,1668.0731488561917,0.3656243393100825,4.562690068621254,nan,400,checks_passed
10,expanded_tilted,particle_beta_23,4,1500,20.267287171943845,1.0013882141111003,2185.046958278674,2796.508894131522,1851.3176945057762,0.31738333981343314,4.880334682057377,nan,400,checks_passed
10,expanded_tilted,particle_beta_24,4,1500,20.068823227274155,1.0039523923649263,2008.9150502703276,2441.275899669004,1784.8445352435483,0.3202354726417197,4.486941461827808,nan,400,checks_passed
10,expanded_tilted,particle_beta_25,4,1500,16.171728017665743,1.0005501479923993,3858.9480293407596,3621.2779238353255,3381.259963571865,0.16046130606194084,8.619017468935686,nan,400,checks_passed
10,expanded_tilted,particle_beta_26,4,1500,16.550491302286712,1.001371188095519,3584.933936070758,3747.1965271346785,3330.0642342709248,0.16570235841304734,8.007002940968027,nan,400,checks_passed
