sweeps,scope,variable,chains,draws,mean,rhat_rank,ess_bulk,ess_tail,ess_mean,mcse_mean,ess_bulk_per_sec,mcse_target,ess_target,status
1,compact_aligned,energy_kBT,4,1500,-648.1960106651215,1.0072094412033155,298.5207062550125,540.3744499329664,291.060500763923,0.34521780625243387,2.8330690342889895,nan,400,low_ess
1,compact_aligned,local_beta_deg,4,1500,12.967685121544264,1.0090023580122014,229.06183074812395,485.26674408510235,224.39390257669083,0.10498776040479735,2.173879285531668,0.25,400,low_ess
1,compact_aligned,magnetization,4,1500,0.964740448298302,1.011388858682492,191.22385572664376,281.85760188867016,177.78694765325957,0.0007405987342931642,1.814783272734546,0.002,400,"high_rhat,low_ess"
1,compact_aligned,abs_muB,4,1500,0.964740448298302,1.011388858682492,191.22385572664376,281.85760188867016,177.78694765325957,0.0007405987342931642,1.814783272734546,nan,400,"high_rhat,low_ess"
1,compact_aligned,particle_muB_0,4,1500,0.9613349706862737,1.0265128328254116,192.03795370896,124.48978449158497,116.1503229546807,0.005736339353972735,1.8225093558378302,nan,400,"high_rhat,low_ess"
1,compact_aligned,particle_muB_1,4,1500,0.9660205564449755,1.011371165669755,336.02249204400636,252.1682773924604,205.09101896110604,0.0030564721479196533,3.1889744901690817,nan,400,"high_rhat,low_ess"
1,compact_aligned,particle_muB_2,4,1500,0.9666829939010692,1.0079958785152274,367.7003446769403,256.03637995657795,225.85776090699386,0.0028260692825308096,3.4896087225243733,nan,400,low_ess
1,compact_aligned,particle_muB_3,4,1500,0.9642135404740483,1.0150163949261415,330.79316467639524,226.45281674138386,188.53340669077443,0.0037201825146403874,3.139346289763167,nan,400,"high_rhat,low_ess"
1,compact_aligned,particle_muB_4,4,1500,0.9683764113600164,1.0075563920389816,276.1411821853754,254.90711319962202,203.04363200313853,0.002772850010932671,2.620679289405926,nan,400,low_ess
1,compact_aligned,particle_muB_5,4,1500,0.9731818425047039,1.004384036832778,515.1593184267906,465.74936508664,365.56268804264397,0.0016448255231921365,4.889047500489274,nan,400,low_ess
1,compact_aligned,particle_muB_6,4,1500,0.9638967000933353,1.0127298377125027,232.5452484971098,123.1191597805101,91.11179276246652,0.00666375069182835,2.206938174752284,nan,400,"high_rhat,low_ess"
1,compact_aligned,particle_muB_7,4,1500,0.9584481829429581,1.0090635453631032,373.5287669719586,439.16709549141495,286.77650842448503,0.002878748114774242,3.544922549594949,nan,400,low_ess
1,compact_aligned,particle_muB_8,4,1500,0.9603035156920887,1.0033498221946555,340.23911614860657,407.7657956047936,279.03813541521663,0.002700100348178393,3.228991771817124,nan,400,low_ess
1,compact_aligned,particle_muB_9,4,1500,0.9563598312551136,1.0066328975331096,359.9548211931556,325.2887431646098,272.3772254086434,0.0031158119525488115,3.41610091460192,nan,400,low_ess
1,compact_aligned,particle_muB_10,4,1500,0.9498957674973747,1.0059232334504604,287.7110838037024,145.44962920584004,131.36517004106426,0.0065202413241943966,2.730481823427306,nan,400,low_ess
1,compact_aligned,particle_muB_11,4,1500,0.9528737566740182,1.0169763668540042,282.7771547858333,254.02220063690726,205.87441698984713,0.0048702010811634295,2.6836570597676492,nan,400,"high_rhat,low_ess"
1,compact_aligned,particle_muB_12,4,1500,0.9573222234269784,1.0065723306698204,355.5551361048211,379.4733903958623,272.4201907306467,0.003157268900549336,3.374346318276747,nan,400,low_ess
1,compact_aligned,particle_muB_13,4,1500,0.9511587275682056,1.013707899677592,248.38681609885248,164.8716915888191,137.59298271815794,0.006192092938786296,2.357280357678629,nan,400,"high_rhat,low_ess"
1,compact_aligned,particle_muB_14,4,1500,0.9605807567740415,1.020733394670348,314.91763333711157,326.9808139507025,238.80235265969944,0.0031083805160918377,2.9886817787332767,nan,400,"high_rhat,low_ess"
1,compact_aligned,particle_muB_15,4,1500,0.9533942324540021,1.0168241643182672,230.59146044766183,224.65228867808534,176.3727388636669,0.004735415241843307,2.1883960223773444,nan,400,"high_rhat,low_ess"
1,compact_aligned,particle_muB_16,4,1500,0.9517810110609635,1.015926898291418,233.03911291267116,189.29275128115648,151.4466675881569,0.005820241424879805,2.2116251259538156,nan,400,"high_rhat,low_ess"
1,compact_aligned,particle_muB_17,4,1500,0.9532551073384677,1.0467944504868973,136.689324186331,144.440151981468,64.43306950502954,0.008712701400173151,1.2972309242072249,nan,400,"high_rhat,low_ess"
1,compact_aligned,particle_muB_18,4,1500,0.9633952137549043,1.0109507589990376,316.36775187349485,261.5230940141036,211.53741063087958,0.003266625132758344,3.0024439259994247,nan,400,"high_rhat,low_ess"
1,compact_aligned,particle_muB_19,4,1500,0.9749518330541277,1.0032688019450418,518.1745258738363,415.15396306761795,317.84073194420847,0.0017777455631693016,4.917662905287645,nan,400,low_ess
1,compact_aligned,particle_muB_20,4,1500,0.9774282266122407,1.0025749019741623,593.6118255507812,655.2012455784978,482.45515270381065,0.0010932946232504867,5.633590052942726,nan,400,checks_passed
1,compact_aligned,particle_muB_21,4,1500,0.978164174697636,1.0078634321431357,420.08039293628934,547.8202109309739,311.5906241005096,0.0013164666738448526,3.986714248636041,nan,400,low_ess
1,compact_aligned,particle_muB_22,4,1500,0.9744440950900689,1.0036315807506357,483.33224969304393,422.6503590387228,320.8139208067029,0.0017375748354435494,4.586997153587246,nan,400,low_ess
1,compact_aligned,particle_muB_23,4,1500,0.9763308100679251,1.0080398635550196,511.40638822609935,530.3444047713197,399.40582523034755,0.0013705382134723788,4.853430841019282,nan,400,low_ess
1,compact_aligned,particle_muB_24,4,1500,0.9758181322627053,1.01054043742015,364.8524231542143,307.50187185428064,205.73554207276314,0.0022924331288129156,3.4625809214068597,nan,400,"high_rhat,low_ess"
1,compact_aligned,particle_muB_25,4,1500,0.9797498678079928,1.0048901556527818,650.5580028560792,815.7666423340361,564.1586070021814,0.0008081557549083616,6.1740297884931,nan,400,checks_passed
1,compact_aligned,particle_muB_26,4,1500,0.978629622557919,1.0087070460579612,433.23118429628715,675.3573704306989,379.33696466135854,0.0011440098074728979,4.111519995767625,nan,400,low_ess
1,compact_aligned,particle_beta_0,4,1500,13.247765952045976,1.0265128328254116,192.03795370896015,125.47225199462613,130.45990741656001,0.8055358980150831,1.8225093558378316,nan,400,"high_rhat,low_ess"
1,compact_aligned,particle_beta_1,4,1500,12.898418192085717,1.0109555546451023,336.02249204400636,252.1682773924604,255.6923096259418,0.48549742744821983,3.1889744901690817,nan,400,"high_rhat,low_ess"
1,compact_aligned,particle_beta_2,4,1500,12.802444089078364,1.0079958785152274,367.7003446769403,254.9772341611851,273.74355105883626,0.4610958907292621,3.4896087225243733,nan,400,low_ess
1,compact_aligned,particle_beta_3,4,1500,12.943084613663475,1.0150163949261415,330.79316467639535,226.4528167413839,231.25195466824167,0.5578873377868513,3.139346289763168,nan,400,"high_rhat,low_ess"
1,compact_aligned,particle_beta_4,4,1500,12.46797093619786,1.0074602943008244,276.1411821853754,254.90711319962224,223.1020928392025,0.4969980189469173,2.620679289405926,nan,400,low_ess
1,compact_aligned,particle_beta_5,4,1500,11.547058134321375,1.004384036832778,515.1593184267906,465.74936508664007,432.49694135714714,0.32140675130237994,4.889047500489274,nan,400,checks_passed
1,compact_aligned,particle_beta_6,4,1500,12.862891283753042,1.0127298377125027,232.5452484971098,123.04253632291763,117.8918189514447,0.813929741094717,2.206938174752284,nan,400,"high_rhat,low_ess"
1,compact_aligned,particle_beta_7,4,1500,14.504385855679379,1.0090635453631032,373.52876697195825,439.16709549141495,317.17389994710777,0.46026401202251144,3.5449225495949457,nan,400,low_ess
1,compact_aligned,particle_beta_8,4,1500,14.120111449088553,1.0033498221946555,340.23911614860657,407.7657956047936,299.8445860459912,0.4669595259221431,3.228991771817124,nan,400,low_ess
1,compact_aligned,particle_beta_9,4,1500,14.670108664617981,1.0066165678914352,359.95482119315574,325.2887431646097,302.8658309206844,0.5027060455824995,3.416100914601921,nan,400,low_ess
1,compact_aligned,particle_beta_10,4,1500,15.300088228988665,1.0056713156621422,287.71108380370237,145.4496292058401,173.01390508040177,0.7777173956995437,2.7304818234273056,nan,400,low_ess
1,compact_aligned,particle_beta_11,4,1500,14.869615809774034,1.0169763668540042,282.77715478583383,254.02220063690726,207.91120597523624,0.682511549196637,2.683657059767654,nan,400,"high_rhat,low_ess"
1,compact_aligned,particle_beta_12,4,1500,14.550301631020004,1.0065723306698204,355.5551361048212,379.4733903958623,305.89910138362484,0.49111128065539006,3.374346318276748,nan,400,low_ess
1,compact_aligned,particle_beta_13,4,1500,15.044945841790046,1.013707899677592,248.38681609885236,164.8716915888191,164.1820394385317,0.7937866938710562,2.357280357678628,nan,400,"high_rhat,low_ess"
1,compact_aligned,particle_beta_14,4,1500,13.904702226250864,1.020733394670348,314.9176333371115,326.9808139507025,255.49942864484285,0.5230607391375489,2.9886817787332762,nan,400,"high_rhat,low_ess"
1,compact_aligned,particle_beta_15,4,1500,14.892015520223978,1.0168241643182672,230.59146044766183,226.46252146610456,188.43934624148707,0.6964916052362861,2.1883960223773444,nan,400,"high_rhat,low_ess"
1,compact_aligned,particle_beta_16,4,1500,15.025076756264893,1.015926898291418,233.03911291267136,189.29275128115654,171.88797319010823,0.761794315541703,2.2116251259538178,nan,400,"high_rhat,low_ess"
1,compact_aligned,particle_beta_17,4,1500,14.760435480791578,1.0467944504868973,136.689324186331,144.440151981468,74.79518318881314,1.1420829102086403,1.2972309242072249,nan,400,"high_rhat,low_ess"
1,compact_aligned,particle_beta_18,4,1500,13.472802074895618,1.0109507589990376,316.36775187349485,261.52309401410366,245.5583473088549,0.5066483931859966,3.0024439259994247,nan,400,"high_rhat,low_ess"
1,compact_aligned,particle_beta_19,4,1500,11.181907112609265,1.0031875454813435,518.1745258738359,415.15396306761795,400.3868936862636,0.32109898282043897,4.917662905287641,nan,400,checks_passed
1,compact_aligned,particle_beta_20,4,1500,10.721217750118669,1.0025749019741623,593.6118255507813,655.2012455784978,476.00117651982725,0.2691068632315213,5.6335900529427265,nan,400,checks_passed
1,compact_aligned,particle_beta_21,4,1500,10.569605920487243,1.0078634321431357,420.08039293628934,547.8202109309739,358.75121171747355,0.3023249543844156,3.986714248636041,nan,400,low_ess
1,compact_aligned,particle_beta_22,4,1500,11.302999679535802,1.004559154554606,483.3322496930438,422.6503590387228,392.67638186486,0.32657958512948926,4.5869971535872445,nan,400,low_ess
1,compact_aligned,particle_beta_23,4,1500,10.880955440152048,1.0078876767107363,511.40638822609935,530.3444047713195,445.82359764752096,0.2938138384336677,4.853430841019282,nan,400,checks_passed
1,compact_aligned,particle_beta_24,4,1500,10.865821824003694,1.01054043742015,364.8524231542141,307.50187185428064,259.2756108790079,0.40541125293653313,3.4625809214068575,nan,400,"high_rhat,low_ess"
1,compact_aligned,particle_beta_25,4,1500,10.314189718775932,1.0049007644645556,650.5580028560792,815.7666423340357,612.8965271765074,0.21159697161949606,6.1740297884931,nan,400,checks_passed
1,compact_aligned,particle_beta_26,4,1500,10.406578095481024,1.0087070460579612,433.2311842962872,714.6244725202296,394.4927714226253,0.2895756454282759,4.111519995767626,nan,400,low_ess
1,compact_tilted40,energy_kBT,4,1500,-583.9161499216212,1.0304618725642278,114.88777653518592,355.1062918239299,113.71127475452938,0.5421656880151896,1.1563510994666064,nan,400,"high_rhat,low_ess"
1,compact_tilted40,local_beta_deg,4,1500,26.598677095623398,1.0927582047783817,32.03231145928484,65.4786044383028,32.48336955226931,0.5175674371674455,0.3224067841808795,0.25,400,"high_rhat,low_ess,high_mcse"
1,compact_tilted40,magnetization,4,1500,0.8333927110292852,1.0555131891566036,66.47592190428634,427.8415809062617,66.7399978867009,0.0023244370999984296,0.6690834107885746,0.002,400,"high_rhat,low_ess,high_mcse"
1,compact_tilted40,abs_muB,4,1500,0.8333927110292852,1.0555131891566036,66.47592190428634,427.8415809062617,66.7399978867009,0.0023244370999984296,0.6690834107885746,nan,400,"high_rhat,low_ess"
1,compact_tilted40,particle_muB_0,4,1500,0.7934639075963236,1.0694461231397256,42.69631081329706,103.95529568807966,31.60353717109092,0.027048580506600087,0.42974046013505357,nan,400,"high_rhat,low_ess"
1,compact_tilted40,particle_muB_1,4,1500,0.8451329754844592,1.0539900851009538,70.62010777353478,102.06444551036707,59.202131177332824,0.012517767535879389,0.7107948445966069,nan,400,"high_rhat,low_ess"
1,compact_tilted40,particle_muB_2,4,1500,0.8213857400402802,1.0424535859832897,128.29108345230236,169.80790396204267,92.27077484757787,0.011609743684319987,1.2912560402489637,nan,400,"high_rhat,low_ess"
1,compact_tilted40,particle_muB_3,4,1500,0.8340480817100382,1.0603480194853234,61.36244265617998,189.1205241284021,78.02117045927666,0.010715837244676512,0.6176159916342268,nan,400,"high_rhat,low_ess"
1,compact_tilted40,particle_muB_4,4,1500,0.8371708864406743,1.0279167379964873,109.568501768306,121.08527196029051,80.82361827229239,0.012049928277955955,1.1028123383333648,nan,400,"high_rhat,low_ess"
1,compact_tilted40,particle_muB_5,4,1500,0.7939015817645637,1.0617519974923453,47.66055921298782,121.80092925680434,48.18265983523653,0.018343521269478635,0.47970586348890537,nan,400,"high_rhat,low_ess"
1,compact_tilted40,particle_muB_6,4,1500,0.8036798364511959,1.0586269089385183,49.91209149316823,44.14975513630458,30.805512045101757,0.022364597458764086,0.5023676461971275,nan,400,"high_rhat,low_ess"
1,compact_tilted40,particle_muB_7,4,1500,0.8332085785513279,1.0514242854382676,72.32339411912996,494.3492830537836,82.77494671461072,0.010248189987936173,0.7279385051132871,nan,400,"high_rhat,low_ess"
1,compact_tilted40,particle_muB_8,4,1500,0.8303671879515983,1.0385865529725795,127.2343913394061,475.53175940795643,117.72657935345408,0.008807308468118863,1.2806203823626694,nan,400,"high_rhat,low_ess"
1,compact_tilted40,particle_muB_9,4,1500,0.7980024508064972,1.0097785709440616,299.3982052912473,613.613532616365,294.9809810929627,0.00539434977934804,3.013457604524457,nan,400,low_ess
1,compact_tilted40,particle_muB_10,4,1500,0.7895168263848036,1.029920578316691,143.70039018745382,189.64860320495814,110.99493813640784,0.010652414567826837,1.4463514674787996,nan,400,"high_rhat,low_ess"
1,compact_tilted40,particle_muB_11,4,1500,0.8628671755784377,1.0134537960564143,141.17740188101646,165.95954048216265,123.8182531327541,0.007807225470924114,1.4209574665669906,nan,400,"high_rhat,low_ess"
1,compact_tilted40,particle_muB_12,4,1500,0.8399866658683706,1.0656883220155762,41.52062960113031,36.92689671612583,30.11718646889297,0.020017139124011103,0.4179071711350276,nan,400,"high_rhat,low_ess"
1,compact_tilted40,particle_muB_13,4,1500,0.821780850837625,1.0053452513478973,304.2084033211257,471.18113142193994,297.4492194491944,0.005182319807925669,3.061872483358834,nan,400,low_ess
1,compact_tilted40,particle_muB_14,4,1500,0.8656791880205713,1.0522157370742131,104.9978682149337,61.70505011973265,57.71357835007391,0.011271908851001376,1.0568086876918854,nan,400,"high_rhat,low_ess"
1,compact_tilted40,particle_muB_15,4,1500,0.8339484129902538,1.0567780150984696,57.442587246262974,122.09324941006824,46.80249187867573,0.014034455340362724,0.5781624548898766,nan,400,"high_rhat,low_ess"
1,compact_tilted40,particle_muB_16,4,1500,0.8620860747847551,1.0110305783069764,247.47467363902433,638.3192715926724,231.88902952773915,0.005205927832848813,2.490844714580952,nan,400,"high_rhat,low_ess"
1,compact_tilted40,particle_muB_17,4,1500,0.8233288253611035,1.0161608365280748,271.76787272606873,417.77250590197707,268.9999252839848,0.0054309381352677585,2.7353569535767304,nan,400,"high_rhat,low_ess"
1,compact_tilted40,particle_muB_18,4,1500,0.8185473624144083,1.0381675873977598,102.94377896648129,84.03561721397688,81.73761363563254,0.013270226954840056,1.0361341787712344,nan,400,"high_rhat,low_ess"
1,compact_tilted40,particle_muB_19,4,1500,0.8609404306219066,1.0068158838139285,241.4502979154189,558.3779944604535,252.58043302187198,0.004779420165311046,2.430209077773606,nan,400,low_ess
1,compact_tilted40,particle_muB_20,4,1500,0.8552829456486675,1.0119206171882014,261.9406150914577,530.4554195379864,277.35235511438873,0.004833135401964777,2.636445124022402,nan,400,"high_rhat,low_ess"
1,compact_tilted40,particle_muB_21,4,1500,0.858642100566407,1.0112174874245208,300.90576085736984,475.9698042535456,299.5853859653568,0.004623769346220457,3.0286312251564045,nan,400,"high_rhat,low_ess"
1,compact_tilted40,particle_muB_22,4,1500,0.8576452997084986,1.01877261256522,207.22372176633314,292.4736897920212,200.79523904619018,0.0058745110162103245,2.0857169119873564,nan,400,"high_rhat,low_ess"
1,compact_tilted40,particle_muB_23,4,1500,0.8434551245103393,1.027389865872328,178.1448554764739,577.3984301336218,192.3885223316325,0.005752007950636467,1.7930366981334227,nan,400,"high_rhat,low_ess"
1,compact_tilted40,particle_muB_24,4,1500,0.8468918435108707,1.0243493946082163,133.1420111789335,493.89745498018823,138.59136607476265,0.00743882436417123,1.3400808654766068,nan,400,"high_rhat,low_ess"
1,compact_tilted40,particle_muB_25,4,1500,0.8341973520369523,1.0172836170406425,251.36696612084978,316.7355801824483,236.20040029929473,0.005549648732986524,2.530020829103684,nan,400,"high_rhat,low_ess"
1,compact_tilted40,particle_muB_26,4,1500,0.8364454921497708,1.018418991780311,283.22673557697345,658.1611073485947,284.35273716232444,0.004580667121142945,2.8506909695694813,nan,400,"high_rhat,low_ess"
1,compact_tilted40,particle_beta_0,4,1500,34.02870112636179,1.1619951579329058,17.408707376725296,26.856009422179486,13.293977341146324,7.293696080186941,0.17521949264292236,nan,400,"high_rhat,low_ess"
1,compact_tilted40,particle_beta_1,4,1500,26.54490666726542,1.0786361965501505,41.43532629662932,91.31089107143299,35.20370446927813,3.1177577608993317,0.41704858919600263,nan,400,"high_rhat,low_ess"
1,compact_tilted40,particle_beta_2,4,1500,35.48265972712949,1.266323454209333,12.736207872453056,53.41612077941059,11.65079169492515,7.116929965040695,0.1281905562149672,nan,400,"high_rhat,low_ess"
1,compact_tilted40,particle_beta_3,4,1500,33.06045229614685,1.1185627098760667,27.365130137311684,58.37378657058083,22.995525495907845,4.490289658059299,0.2754313755183157,nan,400,"high_rhat,low_ess"
1,compact_tilted40,particle_beta_4,4,1500,29.663431890400787,1.1219544116498628,23.560777821821922,98.98631317024973,22.46864843271532,4.308266784828304,0.2371403830781616,nan,400,"high_rhat,low_ess"
1,compact_tilted40,particle_beta_5,4,1500,31.64195222755289,1.23632419165976,12.357988561404934,12.414597104174078,8.497228539020533,8.127054011738316,0.12438376031935637,nan,400,"high_rhat,low_ess"
1,compact_tilted40,particle_beta_6,4,1500,26.29431252633524,1.0696840287830156,36.93838061417566,26.79783190389904,22.998885690326677,3.8040074730075992,0.3717866105854729,nan,400,"high_rhat,low_ess"
1,compact_tilted40,particle_beta_7,4,1500,43.412785807103695,1.0867997590161127,41.38550019815406,281.209614551832,35.755864950176104,3.363420382044419,0.41654708707374377,nan,400,"high_rhat,low_ess"
1,compact_tilted40,particle_beta_8,4,1500,39.18410768937279,1.201244487259057,14.790351697863276,99.9955397766553,13.613986640704297,6.24714218299737,0.14886561445537258,nan,400,"high_rhat,low_ess"
1,compact_tilted40,particle_beta_9,4,1500,20.178003255051216,1.040041955735072,65.184525710357,54.39771848703528,34.782241352160916,2.9646039751229063,0.6560854448279414,nan,400,"high_rhat,low_ess"
1,compact_tilted40,particle_beta_10,4,1500,18.506997841218922,1.0612963585156796,75.25698236484027,33.43106198258034,35.17176468825757,2.4993729926499597,0.757465214530198,nan,400,"high_rhat,low_ess"
1,compact_tilted40,particle_beta_11,4,1500,23.82814678746362,1.011339831489147,116.1083900185861,174.68998611168377,94.14694533477842,1.547132829452051,1.1686366339779413,nan,400,"high_rhat,low_ess"
1,compact_tilted40,particle_beta_12,4,1500,28.942229120095305,1.3509020293451404,9.52156668914839,17.395679081860145,6.658232006632358,8.29373527903903,0.09583503521168164,nan,400,"high_rhat,low_ess"
1,compact_tilted40,particle_beta_13,4,1500,20.83507968655657,1.0555176761933043,61.53809212837932,68.66708023845794,42.37850322840904,2.5119110676666243,0.6193839121774207,nan,400,"high_rhat,low_ess"
1,compact_tilted40,particle_beta_14,4,1500,40.08941639654662,1.079362717160307,36.28771882435861,88.35753955011792,38.32381046034406,3.14535307365216,0.3652376677934134,nan,400,"high_rhat,low_ess"
1,compact_tilted40,particle_beta_15,4,1500,19.40113666826138,1.0369675164323728,125.06371696057823,81.69330075559833,82.01340889256544,1.4786410335644222,1.2587724383929917,nan,400,"high_rhat,low_ess"
1,compact_tilted40,particle_beta_16,4,1500,42.97860750524098,1.0209412416730892,88.42449678177088,320.07075422627037,83.68825676057565,2.0757613021630963,0.8899968922461198,nan,400,"high_rhat,low_ess"
1,compact_tilted40,particle_beta_17,4,1500,18.75753903398475,1.0556374057225435,83.99607925463673,133.10815509645164,72.6588004676189,1.4509862175683967,0.8454246528762469,nan,400,"high_rhat,low_ess"
1,compact_tilted40,particle_beta_18,4,1500,23.146056845921702,1.0588519788272241,51.55673278579145,72.68245045337969,36.85330956875733,2.6481796799692106,0.518921041382477,nan,400,"high_rhat,low_ess"
1,compact_tilted40,particle_beta_19,4,1500,23.176352071289575,1.1019405676239549,28.44026908961078,40.439355858470016,18.295803143312774,3.687457388620538,0.2862527017469565,nan,400,"high_rhat,low_ess"
1,compact_tilted40,particle_beta_20,4,1500,20.36430120986198,1.0188759021315799,156.61641619614133,85.78488573048989,116.58070406037893,1.0942718884109137,1.5763519020447074,nan,400,"high_rhat,low_ess"
1,compact_tilted40,particle_beta_21,4,1500,21.967644882083132,1.1105332654877627,27.113308368016792,46.286033380055926,22.1374386529001,3.1974323471899675,0.2728967770729833,nan,400,"high_rhat,low_ess"
1,compact_tilted40,particle_beta_22,4,1500,21.427542000116595,1.0369550504951797,110.98542875699755,40.640343568998155,51.72791664896562,2.0178338682494226,1.1170737778933475,nan,400,"high_rhat,low_ess"
1,compact_tilted40,particle_beta_23,4,1500,23.007766771928114,1.093573357349408,28.79716020191783,52.95045156203668,20.81857138409786,3.85482168916862,0.28984482827731656,nan,400,"high_rhat,low_ess"
1,compact_tilted40,particle_beta_24,4,1500,23.334063407301084,1.092162456860027,60.731782085137795,54.116440916955824,32.81305821876968,2.8318694211211746,0.611268362089046,nan,400,"high_rhat,low_ess"
1,compact_tilted40,particle_beta_25,4,1500,14.630618743379806,1.0171599264425162,340.89025927661777,340.25083655728747,283.94585514429,0.47351178943877303,3.431077160686871,nan,400,"high_rhat,low_ess"
1,compact_tilted40,particle_beta_26,4,1500,14.279469397861353,1.0206135556477407,258.2133465698048,486.8373502320582,218.9103920096599,0.5331116160469436,2.598929983743744,nan,400,"high_rhat,low_ess"
1,expanded_aligned,energy_kBT,4,1500,-613.247823600107,1.0099376702047027,351.5155056133122,617.8007534630066,345.9740170441357,0.3052359384793665,3.368857119675987,nan,400,low_ess
1,expanded_aligned,local_beta_deg,4,1500,12.618357393325306,1.0114693053443833,329.2049988012867,511.20660922923196,319.92874018506757,0.07868304868522413,3.1550375056986932,0.25,400,"high_rhat,low_ess"
1,expanded_aligned,magnetization,4,1500,0.9675274542242138,1.0155330158714109,257.53218584479976,334.39614076716214,237.54286814943845,0.0005000204942509068,2.4681390265138754,0.002,400,"high_rhat,low_ess"
1,expanded_aligned,abs_muB,4,1500,0.9675274542242138,1.0155330158714109,257.53218584479976,334.39614076716214,237.54286814943845,0.0005000204942509068,2.4681390265138754,nan,400,"high_rhat,low_ess"
1,expanded_aligned,particle_muB_0,4,1500,0.9656737612176264,1.00453067789814,439.24408227069506,466.46186571232744,334.6093322276401,0.002311944610279997,4.20963095568532,nan,400,low_ess
1,expanded_aligned,particle_muB_1,4,1500,0.9684108730284882,1.0144047529974636,302.86824578594036,176.30246233213046,149.82347738281018,0.003221427494374528,2.9026311210924334,nan,400,"high_rhat,low_ess"
1,expanded_aligned,particle_muB_2,4,1500,0.9696983626605988,1.0127974129688322,478.5147738235029,501.6213432301146,396.4639315048898,0.001760860283253337,4.585993724097054,nan,400,"high_rhat,low_ess"
1,expanded_aligned,particle_muB_3,4,1500,0.9692056897066168,1.0073451875978656,321.57370375721933,193.1682595966562,136.0604266596425,0.0033207707407229424,3.0819006390995973,nan,400,low_ess
1,expanded_aligned,particle_muB_4,4,1500,0.9719811094295066,1.0097214557871912,471.0132735043627,592.8337102541542,388.4588455205903,0.0015510178264562429,4.514100785222865,nan,400,low_ess
1,expanded_aligned,particle_muB_5,4,1500,0.9704284414658169,1.0078917609801883,423.46489681164564,384.0866926993069,345.1887892149479,0.00178235964780223,4.058406271631459,nan,400,low_ess
1,expanded_aligned,particle_muB_6,4,1500,0.9669953050489536,1.0090092071102865,355.794731678336,290.2729735837284,229.79003479457376,0.0030737479390635495,3.4098684007308746,nan,400,low_ess
1,expanded_aligned,particle_muB_7,4,1500,0.9617482790626501,1.0077844214030514,346.2214824339309,365.6894937173653,275.50902791821716,0.0029352885748846285,3.3181202179041267,nan,400,low_ess
1,expanded_aligned,particle_muB_8,4,1500,0.9609806389328187,1.0020267622530878,392.8696798226971,473.1804805192971,316.03866812293967,0.0024491718797811333,3.7651875858684614,nan,400,low_ess
1,expanded_aligned,particle_muB_9,4,1500,0.964276066231571,1.00664106090051,466.22309507211025,513.5795007156624,358.80684567970684,0.0019339633101185922,4.468192634776256,nan,400,low_ess
1,expanded_aligned,particle_muB_10,4,1500,0.9590313803039283,1.0103393704627885,305.8121699305419,233.97703949985498,172.44182874253704,0.004402351078563854,2.93084512490152,nan,400,"high_rhat,low_ess"
1,expanded_aligned,particle_muB_11,4,1500,0.9588214665365792,1.0072889115755115,370.5717094099738,300.4596722846403,232.63259612579805,0.0035310041190209107,3.5514881183352642,nan,400,low_ess
1,expanded_aligned,particle_muB_12,4,1500,0.9632548562444535,1.0088900239287055,357.23293086486404,338.0701030014635,231.8176365830988,0.0031574913226194235,3.42365182562018,nan,400,low_ess
1,expanded_aligned,particle_muB_13,4,1500,0.9591116916207902,1.0279127029279034,184.96644020915772,160.02267012731448,98.34408455973207,0.005611673909797932,1.7726828519627769,nan,400,"high_rhat,low_ess"
1,expanded_aligned,particle_muB_14,4,1500,0.9640225972377892,1.0062735575869164,451.4638239577297,369.31492982497457,324.1211760539724,0.0024651911579478976,4.326742613992233,nan,400,low_ess
1,expanded_aligned,particle_muB_15,4,1500,0.9605146996508748,1.009349907794567,241.18502118816303,169.61407316291658,140.87848764928853,0.004849228872759304,2.3114709388744985,nan,400,low_ess
1,expanded_aligned,particle_muB_16,4,1500,0.9643870710528563,1.0070038515791084,346.27672180046136,355.7066514856402,238.46036882995054,0.0029123124376507245,3.318649621387759,nan,400,low_ess
1,expanded_aligned,particle_muB_17,4,1500,0.9630287631357384,1.0081023009086876,298.25377629135363,328.0765821312233,211.25149090338368,0.0030133501581093027,2.8584069313707228,nan,400,low_ess
1,expanded_aligned,particle_muB_18,4,1500,0.9638663529224368,1.0109714448214377,292.4296427993217,229.44035447283358,176.77868462019836,0.0034990209710406375,2.802589554136277,nan,400,"high_rhat,low_ess"
1,expanded_aligned,particle_muB_19,4,1500,0.9755704101287322,1.0090871746895835,474.98230124399703,510.97029276854687,378.1264561161795,0.0013301442668826433,4.552139185081015,nan,400,low_ess
1,expanded_aligned,particle_muB_20,4,1500,0.9744280843065678,1.0092718853625549,408.9135356721395,487.4382782298212,340.1368634971359,0.001552976282643876,3.91894882013079,nan,400,low_ess
1,expanded_aligned,particle_muB_21,4,1500,0.9767791870278509,1.0080916272662492,473.7421279441423,507.7680239711771,364.87351897826414,0.0013929472724307427,4.540253602271351,nan,400,low_ess
1,expanded_aligned,particle_muB_22,4,1500,0.9718714641298156,1.0130548756896753,403.96016344788944,470.54622630993845,288.84500712470555,0.0018843958076092552,3.871476651712629,nan,400,"high_rhat,low_ess"
1,expanded_aligned,particle_muB_23,4,1500,0.9743985477358116,1.009331001433594,430.0810560059718,368.3876411382464,270.13674433744495,0.0019004735712546208,4.121814271138697,nan,400,low_ess
1,expanded_aligned,particle_muB_24,4,1500,0.9741962894832364,1.0121249934160237,461.5947320680348,421.1947590243038,312.03440948678696,0.0015646723357283622,4.423835292326967,nan,400,"high_rhat,low_ess"
1,expanded_aligned,particle_muB_25,4,1500,0.9755440446691148,1.0040600282325687,507.8599708829088,386.3415651044436,299.8778757544176,0.0017821377289046442,4.867232458841876,nan,400,low_ess
1,expanded_aligned,particle_muB_26,4,1500,0.9750158310825479,1.014726553250975,456.55276590962336,543.1372576680353,375.60240107906435,0.0013206170066212871,4.375514056652616,nan,400,"high_rhat,low_ess"
1,expanded_aligned,particle_beta_0,4,1500,13.020356988730173,1.00453067789814,439.24408227069506,463.14175272980793,373.8997264924188,0.3980782086022359,4.20963095568532,nan,400,low_ess
1,expanded_aligned,particle_beta_1,4,1500,12.46883008713885,1.0144047529974636,302.8682457859406,176.30246233213032,205.61114149585933,0.5165162526935689,2.9026311210924356,nan,400,"high_rhat,low_ess"
1,expanded_aligned,particle_beta_2,4,1500,12.315776151814871,1.0127974129688322,478.5147738235024,501.6213432301147,431.1615025480787,0.3395460572540236,4.585993724097049,nan,400,high_rhat
1,expanded_aligned,particle_beta_3,4,1500,12.37269312275433,1.0073451875978656,321.57370375721916,193.16825959665618,207.54843209102793,0.5001246341405343,3.081900639099596,nan,400,low_ess
1,expanded_aligned,particle_beta_4,4,1500,11.915689188112719,1.0097214557871912,471.0132735043629,592.8337102541542,420.9480885076973,0.32300352909234026,4.514100785222868,nan,400,checks_passed
1,expanded_aligned,particle_beta_5,4,1500,12.17793716798092,1.0078917609801883,423.4648968116462,384.0866926993069,377.1127793050327,0.35707368535399114,4.058406271631465,nan,400,low_ess
1,expanded_aligned,particle_beta_6,4,1500,12.552738690120137,1.0087843016050582,355.7947316783362,296.5838314387979,257.3052662340173,0.494470077945543,3.4098684007308764,nan,400,low_ess
1,expanded_aligned,particle_beta_7,4,1500,13.648784252841494,1.0077844214030514,346.2214824339307,362.91808967123677,288.4464662860453,0.49010606854178296,3.318120217904125,nan,400,low_ess
1,expanded_aligned,particle_beta_8,4,1500,14.045451881101151,1.0020267622530878,392.8696798226971,473.1804805192971,342.28858096214094,0.42838503073601497,3.7651875858684614,nan,400,low_ess
1,expanded_aligned,particle_beta_9,4,1500,13.632903338211321,1.00664106090051,466.22309507210997,513.5795007156624,411.358256659949,0.3543656493052359,4.468192634776253,nan,400,checks_passed
1,expanded_aligned,particle_beta_10,4,1500,14.11048701655289,1.0103393704627885,305.8121699305419,232.875711249654,213.53826621982626,0.5960348050469981,2.93084512490152,nan,400,"high_rhat,low_ess"
1,expanded_aligned,particle_beta_11,4,1500,14.114609599354647,1.0072889115755115,370.57170940997366,300.45967228464036,280.0727297293252,0.5225714277123104,3.551488118335263,nan,400,low_ess
1,expanded_aligned,particle_beta_12,4,1500,13.402433083038083,1.0081963659693682,357.2329308648643,338.07010300146356,273.6049998173267,0.4907189481188541,3.423651825620182,nan,400,low_ess
1,expanded_aligned,particle_beta_13,4,1500,13.982648111471727,1.0279127029279034,184.96644020915798,160.0226701273145,129.05789567710076,0.7799497602374237,1.7726828519627793,nan,400,"high_rhat,low_ess"
1,expanded_aligned,particle_beta_14,4,1500,13.260938369639334,1.0062735575869164,451.4638239577297,369.31492982497457,370.7881968398458,0.41579443895082446,4.326742613992233,nan,400,low_ess
1,expanded_aligned,particle_beta_15,4,1500,13.606663927659032,1.0103030043434,241.18502118816323,169.61407316291647,164.86342486622647,0.6958504326473592,2.3114709388745003,nan,400,"high_rhat,low_ess"
1,expanded_aligned,particle_beta_16,4,1500,13.184192740514671,1.0067273559038212,346.2767218004615,356.057117168935,276.1282614135134,0.48061685024482176,3.3186496213877605,nan,400,low_ess
1,expanded_aligned,particle_beta_17,4,1500,13.566601159853665,1.0081023009086876,298.25377629135386,326.96647105037965,242.1990172772515,0.5077885937915394,2.858406931370725,nan,400,low_ess
1,expanded_aligned,particle_beta_18,4,1500,13.221773082688388,1.0109714448214377,292.4296427993217,229.44035447283358,220.67319559367513,0.548654056806328,2.802589554136277,nan,400,"high_rhat,low_ess"
1,expanded_aligned,particle_beta_19,4,1500,11.16954148616715,1.0090871746895835,474.98230124399703,511.81901439985535,419.01990122993084,0.297392184485811,4.552139185081015,nan,400,checks_passed
1,expanded_aligned,particle_beta_20,4,1500,11.258245002707985,1.0092718853625549,408.9135356721394,487.4382782298212,361.72691667518313,0.3440074338747226,3.918948820130789,nan,400,low_ess
1,expanded_aligned,particle_beta_21,4,1500,10.711597861416603,1.0080916272662492,473.74212794414245,507.7680239711774,406.30269330944793,0.3103072084972417,4.540253602271353,nan,400,checks_passed
1,expanded_aligned,particle_beta_22,4,1500,11.922241546954469,1.0130548756896753,403.96016344788893,470.5462263099385,344.20557942321267,0.3599729558786183,3.8714766517126242,nan,400,"high_rhat,low_ess"
1,expanded_aligned,particle_beta_23,4,1500,11.184302319361558,1.009331001433594,430.081056005972,368.38764113824675,334.9533140095552,0.36590996495729133,4.121814271138699,nan,400,low_ess
1,expanded_aligned,particle_beta_24,4,1500,11.476011312870215,1.0110609808161883,461.59473206803426,421.1947590243035,385.16741366729576,0.31954104972266806,4.423835292326962,nan,400,"high_rhat,low_ess"
1,expanded_aligned,particle_beta_25,4,1500,11.032787804805867,1.003650394030392,507.8599708829088,386.34156510444365,391.50463799721376,0.32209049205428986,4.867232458841876,nan,400,low_ess
1,expanded_aligned,particle_beta_26,4,1500,11.33941432592105,1.014726553250975,456.5527659096227,543.1372576680353,405.2433192179384,0.3017117035087254,4.375514056652609,nan,400,high_rhat
1,expanded_tilted,energy_kBT,4,1500,-549.2909114224327,1.0248682634995043,158.2627150758615,544.4572711704751,156.28389687827138,0.4461732249126476,1.4807581495355093,nan,400,"high_rhat,low_ess"
1,expanded_tilted,local_beta_deg,4,1500,25.5857783555082,1.0699151415850139,47.438735266308754,101.07168165312821,43.6470448993426,0.46525396589379847,0.4438524501211352,0.25,400,"high_rhat,low_ess,high_mcse"
1,expanded_tilted,magnetization,4,1500,0.8489020967389365,1.0475454852997617,89.48802746093246,183.152043440136,86.77234974341458,0.0019504621957282993,0.8372794936894384,0.002,400,"high_rhat,low_ess"
1,expanded_tilted,abs_muB,4,1500,0.8489020967389365,1.0475454852997617,89.48802746093246,183.152043440136,86.77234974341458,0.0019504621957282993,0.8372794936894384,nan,400,"high_rhat,low_ess"
1,expanded_tilted,particle_muB_0,4,1500,0.8440441130670668,1.015764291811703,148.34108801446328,182.05088656279037,127.43343287008008,0.008600159810227739,1.3879281350827986,nan,400,"high_rhat,low_ess"
1,expanded_tilted,particle_muB_1,4,1500,0.8668746703372381,1.020398358113795,332.15751281804154,565.4343810041111,325.4636909849558,0.0039036399262855903,3.1077752191917085,nan,400,"high_rhat,low_ess"
1,expanded_tilted,particle_muB_2,4,1500,0.8419427804992548,1.0315566673650831,181.52379251073165,453.3144252055944,187.8940693838379,0.00621376225455376,1.6983964603792865,nan,400,"high_rhat,low_ess"
1,expanded_tilted,particle_muB_3,4,1500,0.851157368510209,1.0212209837850377,197.99339859089676,278.9800157116186,178.1884969013034,0.006766652390212381,1.8524915257340935,nan,400,"high_rhat,low_ess"
1,expanded_tilted,particle_muB_4,4,1500,0.8509032908821299,1.0679021903468624,44.56768519298072,111.89725628770688,37.754245004481945,0.01640601568784769,0.4169899589034964,nan,400,"high_rhat,low_ess"
1,expanded_tilted,particle_muB_5,4,1500,0.8420086759605108,1.0260649616335977,149.63094138892225,161.59903258696374,125.27408365269112,0.00912934569136081,1.3999964285846538,nan,400,"high_rhat,low_ess"
1,expanded_tilted,particle_muB_6,4,1500,0.848891899381938,1.0243988149704977,129.69378130057981,103.15783918439281,104.37884746014146,0.009546897452397,1.2134577844999996,nan,400,"high_rhat,low_ess"
1,expanded_tilted,particle_muB_7,4,1500,0.8453311110542515,1.0169195488294656,256.3223296782167,316.70877678804123,235.97524849168568,0.005694466857539673,2.3982362390093783,nan,400,"high_rhat,low_ess"
1,expanded_tilted,particle_muB_8,4,1500,0.8454298926003576,1.0350690364672115,221.4322038409293,522.1141090498164,195.33445966104205,0.006288510611040066,2.071792716622452,nan,400,"high_rhat,low_ess"
1,expanded_tilted,particle_muB_9,4,1500,0.8183627470195973,1.0097594119995266,226.91167400226163,251.2816942695162,203.17674620525008,0.006887515137925943,2.123060446312545,nan,400,low_ess
1,expanded_tilted,particle_muB_10,4,1500,0.8111726155581664,1.0197054359648932,248.53089161287144,260.07029434227644,236.82188266295242,0.006676494066454131,2.3253369752356527,nan,400,"high_rhat,low_ess"
1,expanded_tilted,particle_muB_11,4,1500,0.8710755950038768,1.0261358211394966,140.2525605012275,108.89936659734852,101.40014504604316,0.008583620520759035,1.3122492044690721,nan,400,"high_rhat,low_ess"
1,expanded_tilted,particle_muB_12,4,1500,0.8444554139906454,1.0899771480974307,38.174747481172766,29.655005042639857,21.22956989810496,0.026130670251288922,0.35717552559433124,nan,400,"high_rhat,low_ess"
1,expanded_tilted,particle_muB_13,4,1500,0.8364908837250041,1.0399892058535778,142.1233381122521,57.54232579638311,97.9797055778529,0.009474435786765021,1.329752816688573,nan,400,"high_rhat,low_ess"
1,expanded_tilted,particle_muB_14,4,1500,0.8740917758167838,1.0090492516053378,254.89059750458742,521.6473303942665,237.2657534997155,0.005126406854647124,2.384840480677812,nan,400,low_ess
1,expanded_tilted,particle_muB_15,4,1500,0.840228685910061,1.0211379307917827,180.09352755419354,613.5881380739063,189.596187214664,0.006137194860654162,1.6850144298146417,nan,400,"high_rhat,low_ess"
1,expanded_tilted,particle_muB_16,4,1500,0.8708197811583908,1.014925960962022,181.22571619354127,514.5804193188997,177.63901492481065,0.005999272045559507,1.695607560064695,nan,400,"high_rhat,low_ess"
1,expanded_tilted,particle_muB_17,4,1500,0.8420702850569242,1.0092640643631883,253.6798764130728,660.0543272841898,255.5476022117448,0.005309480461382072,2.373512574909132,nan,400,low_ess
1,expanded_tilted,particle_muB_18,4,1500,0.8228339987597451,1.0421710391432333,84.86469654974763,74.96033039899868,62.18579692096491,0.015300682637036076,0.7940220851364841,nan,400,"high_rhat,low_ess"
1,expanded_tilted,particle_muB_19,4,1500,0.8696935304521515,1.0440369449819984,90.15846714847906,475.2650061125726,77.06975854897077,0.008311902654154747,0.84355234848427,nan,400,"high_rhat,low_ess"
1,expanded_tilted,particle_muB_20,4,1500,0.8527503667661357,1.044808517421285,124.46451419311637,242.6502975035903,95.02515074779967,0.008909041208863298,1.1645310370866067,nan,400,"high_rhat,low_ess"
1,expanded_tilted,particle_muB_21,4,1500,0.8643855736815081,1.0042382930236677,294.14236776459717,632.8039349848646,296.1500627604109,0.004441540129041094,2.7520929865402612,nan,400,low_ess
1,expanded_tilted,particle_muB_22,4,1500,0.8631602734454776,1.0294638221818113,223.09926579269242,497.9232981140269,219.4709886110804,0.0051980961396164965,2.0873902979584633,nan,400,"high_rhat,low_ess"
1,expanded_tilted,particle_muB_23,4,1500,0.8561039278222441,1.0131091623288289,242.8806396556718,522.4510462727678,228.10557604199823,0.0051584833175665696,2.2724713547479602,nan,400,"high_rhat,low_ess"
1,expanded_tilted,particle_muB_24,4,1500,0.8436690838918884,1.0250860609662071,208.30931817380346,467.9205749067495,196.2816067033217,0.005964816851321207,1.9490106710363837,nan,400,"high_rhat,low_ess"
1,expanded_tilted,particle_muB_25,4,1500,0.8533911057484629,1.0207867524827736,262.7677994409185,488.5156866556385,285.7058561244157,0.004657669515495343,2.4585421795092017,nan,400,"high_rhat,low_ess"
1,expanded_tilted,particle_muB_26,4,1500,0.8490171658512654,1.0192859754428514,262.5669571095081,449.40899179019124,268.5477627711606,0.0046612651316881625,2.45666303242857,nan,400,"high_rhat,low_ess"
1,expanded_tilted,particle_beta_0,4,1500,20.77709843634428,1.0323692453648752,141.01021453165777,105.7188522228634,93.69056938308768,1.4523822844577272,1.3193380654149385,nan,400,"high_rhat,low_ess"
1,expanded_tilted,particle_beta_1,4,1500,22.527401989463243,1.0370017363003596,108.7068405425547,230.58046599524502,84.85729154287527,1.5076001389612774,1.0170970463035873,nan,400,"high_rhat,low_ess"
1,expanded_tilted,particle_beta_2,4,1500,27.565958472786054,1.057170686196326,59.24153554501312,157.4587422703628,49.70757451759912,2.7519349801327646,0.5542833415136784,nan,400,"high_rhat,low_ess"
1,expanded_tilted,particle_beta_3,4,1500,29.006960085362653,1.08525032912938,54.126430548972664,103.57864238383851,44.29005575970493,2.905522509867716,0.5064247324598272,nan,400,"high_rhat,low_ess"
1,expanded_tilted,particle_beta_4,4,1500,23.16875436138772,1.0314743244188471,96.69561387856089,103.94851260186144,81.74761912836074,1.6236973037143336,0.904716048921471,nan,400,"high_rhat,low_ess"
1,expanded_tilted,particle_beta_5,4,1500,27.84855908456894,1.1298589189314638,22.14623519654607,41.979482632673104,15.09048319076284,5.054616125030219,0.2072074792416941,nan,400,"high_rhat,low_ess"
1,expanded_tilted,particle_beta_6,4,1500,24.12282873171139,1.0294649258630757,102.45181284260892,112.3111538819408,72.31789451166549,1.9405825789227271,0.9585729445413667,nan,400,"high_rhat,low_ess"
1,expanded_tilted,particle_beta_7,4,1500,39.08450450519809,1.1163424736819818,32.213615502950944,171.29978019891684,29.84241566541984,3.7899364287007358,0.3014012091169628,nan,400,"high_rhat,low_ess"
1,expanded_tilted,particle_beta_8,4,1500,36.254984340697696,1.0733917629600427,48.97001967755289,143.8665591019902,42.48715167154427,3.359425729651481,0.45817965201527405,nan,400,"high_rhat,low_ess"
1,expanded_tilted,particle_beta_9,4,1500,25.523103538805245,1.1321075661377475,25.485897180484248,39.772886728341824,16.44119899109964,4.799897571360976,0.23845445802023926,nan,400,"high_rhat,low_ess"
1,expanded_tilted,particle_beta_10,4,1500,20.617221705813503,1.0153023626755924,123.68815816598377,82.46545596203855,80.66463385630962,1.763077127209485,1.1572671940925914,nan,400,"high_rhat,low_ess"
1,expanded_tilted,particle_beta_11,4,1500,24.412322371715664,1.036720468127094,107.7190147070947,95.65245674993261,66.67751191630985,1.8331083743969057,1.007854622050484,nan,400,"high_rhat,low_ess"
1,expanded_tilted,particle_beta_12,4,1500,34.084377462865696,1.2020914507143596,16.19647843178862,20.468070471442267,11.431784776935753,7.222733748249338,0.15153959301248612,nan,400,"high_rhat,low_ess"
1,expanded_tilted,particle_beta_13,4,1500,23.715472697284838,1.1890454890569646,18.036822954642385,22.06202687109809,12.10822100346398,5.145054683611633,0.16875846322372004,nan,400,"high_rhat,low_ess"
1,expanded_tilted,particle_beta_14,4,1500,41.389035795638,1.0201658339653232,117.4834752679251,169.66604856627694,114.85330048099902,1.6699353370431966,1.0992141348980744,nan,400,"high_rhat,low_ess"
1,expanded_tilted,particle_beta_15,4,1500,21.482278803046604,1.0419189218088305,89.03488270224106,117.58085121907128,67.64578171536202,1.879563527385542,0.8330397219021926,nan,400,"high_rhat,low_ess"
1,expanded_tilted,particle_beta_16,4,1500,41.779310761498266,1.0216950890237197,72.77890459440083,181.43774701336955,68.53163080334612,2.340491277191953,0.6809434303004909,nan,400,"high_rhat,low_ess"
1,expanded_tilted,particle_beta_17,4,1500,19.714226030482138,1.029960840536293,106.7095314039732,87.01265940418807,67.1387485635843,1.6384677756373751,0.9984095633883686,nan,400,"high_rhat,low_ess"
1,expanded_tilted,particle_beta_18,4,1500,27.73078784081875,1.201730946834107,17.307908025686974,17.903028910255106,10.450168368998423,6.8315322438644825,0.1619384947879994,nan,400,"high_rhat,low_ess"
1,expanded_tilted,particle_beta_19,4,1500,19.826690819261216,1.030768892814889,161.62452195813293,106.60830829329865,118.0010793427351,1.028371988574158,1.5122123232851623,nan,400,"high_rhat,low_ess"
1,expanded_tilted,particle_beta_20,4,1500,19.55490266024191,1.0555098327039987,95.95551524678024,137.5558619122525,76.34429011925027,1.3189409489702575,0.8977914420742803,nan,400,"high_rhat,low_ess"
1,expanded_tilted,particle_beta_21,4,1500,23.606350858830528,1.021297509405813,124.34281810994527,87.36536229317238,93.1677772407375,1.6135867241213002,1.1633924084030547,nan,400,"high_rhat,low_ess"
1,expanded_tilted,particle_beta_22,4,1500,22.92736987740378,1.038309207826676,96.85620938092293,123.71520240191272,77.37454284515685,1.7486752681025381,0.9062186333980948,nan,400,"high_rhat,low_ess"
1,expanded_tilted,particle_beta_23,4,1500,20.032380871779726,1.042071403327929,126.00908003878233,181.1254719549837,110.31175380894327,1.2696973037165058,1.178982504460762,nan,400,"high_rhat,low_ess"
1,expanded_tilted,particle_beta_24,4,1500,20.433358565048444,1.0309126200567584,117.81281845152155,98.48615090480762,91.19408911541696,1.4898237733067623,1.102295578325041,nan,400,"high_rhat,low_ess"
1,expanded_tilted,particle_beta_25,4,1500,17.43275610943034,1.0449870707640603,103.4870296356346,60.43691689343704,68.21506051013891,1.2890920774036205,0.9682587742206693,nan,400,"high_rhat,low_ess"
1,expanded_tilted,particle_beta_26,4,1500,16.19701882123661,1.0246381336820467,175.56931600948582,177.5584111169202,137.26456338464615,0.8001652687637356,1.6426844147391555,nan,400,"high_rhat,low_ess"
5,compact_aligned,energy_kBT,4,1500,-648.5237826863721,1.0020819816777113,1427.7760470380163,1981.3313700163908,1384.9290159004247,0.15359302183845952,5.776784595322474,nan,400,checks_passed
5,compact_aligned,local_beta_deg,4,1500,12.82405336208295,1.001862428732692,1440.4139655753188,2234.0191505499565,1417.0407461037921,0.03816804410188731,5.827917637703094,0.25,400,checks_passed
5,compact_aligned,magnetization,4,1500,0.9660549087750264,1.0019556433293972,1103.3002215897793,1691.9918780261153,1048.061942608009,0.00025787839128503965,4.4639547899111145,0.002,400,checks_passed
5,compact_aligned,abs_muB,4,1500,0.966055279421605,1.0019526275801665,1103.2111867346675,1691.9918780261153,1048.239883097157,0.0002578030605356372,4.463594554718401,nan,400,checks_passed
5,compact_aligned,particle_muB_0,4,1500,0.9700608720175679,1.0013231116915307,1892.8906139367634,1664.4669808748656,1308.0713626224383,0.0009893862840533677,7.658639015485068,nan,400,checks_passed
5,compact_aligned,particle_muB_1,4,1500,0.9688210094748672,1.0041721730442779,1702.2275340384413,1668.4899674037752,1283.4073481046858,0.0010345326547929747,6.887215832459756,nan,400,checks_passed
5,compact_aligned,particle_muB_2,4,1500,0.9696535089002315,1.0014635765656357,1872.792032080652,2001.6634932536651,1524.2360914683584,0.0009190212448005065,7.577320115160975,nan,400,checks_passed
5,compact_aligned,particle_muB_3,4,1500,0.9702651912135795,1.0036468604525939,1631.2521824934122,1629.2324590485136,1037.8092436126597,0.0011153551395521398,6.6000494254427,nan,400,checks_passed
5,compact_aligned,particle_muB_4,4,1500,0.9684249533311716,1.0031980234280327,1826.3695112791956,1641.809545976874,1198.3985390370706,0.001107780402522707,7.389494507918,nan,400,checks_passed
5,compact_aligned,particle_muB_5,4,1500,0.9701264416460271,1.0045956482430964,1459.8960185404171,1302.4335444205735,734.275547665737,0.0013741247177200355,5.906742060964371,nan,400,checks_passed
5,compact_aligned,particle_muB_6,4,1500,0.9703751952250398,1.000656439392496,1697.9034918657785,1407.7158833979538,1043.179261170936,0.0011162653101755256,6.869720749624893,nan,400,checks_passed
5,compact_aligned,particle_muB_7,4,1500,0.9587711410003826,1.0010383604430588,1514.7062196059164,1561.6651935264613,1176.4720594958985,0.0014644078556701253,6.128504238470121,nan,400,checks_passed
5,compact_aligned,particle_muB_8,4,1500,0.9563143422323399,1.0041784949811072,1227.668118247054,960.1701775771318,745.9861999784638,0.0021955386136760504,4.967147535757251,nan,400,checks_passed
5,compact_aligned,particle_muB_9,4,1500,0.9531617581312681,1.0013669012930546,1348.3057037327374,994.1120052419351,696.309307607813,0.0025058361695508113,5.455247435525382,nan,400,checks_passed
5,compact_aligned,particle_muB_10,4,1500,0.9562157148888627,1.000390370639063,1442.880945786684,1336.6989845779397,1020.3959647203412,0.0017561008418459031,5.83789904431903,nan,400,checks_passed
5,compact_aligned,particle_muB_11,4,1500,0.9499654238286137,1.0018083099566335,906.2127419050618,725.0758867847194,533.4876861482352,0.0031489611738385907,3.6665384731606396,nan,400,checks_passed
5,compact_aligned,particle_muB_12,4,1500,0.9575197757719932,1.0008617966417632,1368.1345006185143,1390.699029896429,943.9400353064237,0.0017699993515295916,5.535474785347622,nan,400,checks_passed
5,compact_aligned,particle_muB_13,4,1500,0.9538054184175672,1.0023648685270532,1011.0725878185106,757.3117652479015,597.4235044281226,0.002715832691423094,4.090801608683441,nan,400,checks_passed
5,compact_aligned,particle_muB_14,4,1500,0.9592379577516061,1.0056862615343964,1346.5659299601566,1342.1948167856444,866.396491044656,0.0017844144433165877,5.448208307540541,nan,400,checks_passed
5,compact_aligned,particle_muB_15,4,1500,0.9592964752888535,1.0044772053187343,1135.0699067387911,818.5696531596953,641.5458340954225,0.0020769400081770114,4.592494996302579,nan,400,checks_passed
5,compact_aligned,particle_muB_16,4,1500,0.9557515289331077,1.0053692568311392,1041.6453207696284,897.9270279141874,621.3391302054814,0.002368178200099062,4.214498944211177,nan,400,checks_passed
5,compact_aligned,particle_muB_17,4,1500,0.9625017934211261,1.0008326150191797,1499.980347665903,1346.696918756824,1080.643928223058,0.0014407957085855704,6.068923332660532,nan,400,checks_passed
5,compact_aligned,particle_muB_18,4,1500,0.9593668878666878,1.0019168826474683,1635.9777688068336,1511.665758129138,1124.4643129654535,0.0014974043139943994,6.619169156632947,nan,400,checks_passed
5,compact_aligned,particle_muB_19,4,1500,0.9751541197797299,1.0046838714567332,2150.260369801253,2595.3824301904424,1510.8490540178907,0.0007179391676445269,8.699957536036143,nan,400,checks_passed
5,compact_aligned,particle_muB_20,4,1500,0.9765853747446319,1.0029360764651418,2067.673465887958,1961.0809471830698,1564.38290073144,0.0006657418011532469,8.365810766105778,nan,400,checks_passed
5,compact_aligned,particle_muB_21,4,1500,0.9750349277756224,1.00336876374792,2277.5346654426903,1973.2103326374454,1510.6832027202538,0.0007901441715565523,9.21490957768669,nan,400,checks_passed
5,compact_aligned,particle_muB_22,4,1500,0.9766479561081063,1.0000040208853815,2366.3208329825816,2311.92345817931,1676.4120746623366,0.0006265792880197216,9.574138580012507,nan,400,checks_passed
5,compact_aligned,particle_muB_23,4,1500,0.9752703256054808,1.0012975347054072,2188.751608944059,1902.6506650608383,1493.4539466028186,0.000726434473767356,8.855693162639716,nan,400,checks_passed
5,compact_aligned,particle_muB_24,4,1500,0.9773583510395347,1.0015333238460693,2538.0552571996877,2952.7860917594962,2178.2169446704697,0.0005005678946703387,10.268976386237124,nan,400,checks_passed
5,compact_aligned,particle_muB_25,4,1500,0.9791480008418834,1.0004572158045981,2663.954388824837,2413.031991993236,1981.0444936462686,0.0005041743463059601,10.778364511668588,nan,400,checks_passed
5,compact_aligned,particle_muB_26,4,1500,0.9786480916898302,1.002001674121372,2252.9584175312034,2261.1584507472808,1623.7741126256824,0.0005953574890226415,9.115474032006798,nan,400,checks_passed
5,compact_aligned,particle_beta_0,4,1500,12.23651968753847,1.0013231116915307,1892.8906139367634,1664.4669808748656,1556.1917477074137,0.1780166348488723,7.658639015485068,nan,400,checks_passed
5,compact_aligned,particle_beta_1,4,1500,12.448273884116016,1.0041721730442779,1702.2275340384413,1668.4899674037752,1438.6040463811369,0.19089548940536497,6.887215832459756,nan,400,checks_passed
5,compact_aligned,particle_beta_2,4,1500,12.312635199289153,1.0014635765656357,1872.792032080652,2001.6634932536651,1650.6651296403954,0.1743108569511963,7.577320115160975,nan,400,checks_passed
5,compact_aligned,particle_beta_3,4,1500,12.155243094907233,1.0036468604525939,1631.2521824934136,1629.2324590485136,1289.409567932315,0.19683986393496816,6.600049425442705,nan,400,checks_passed
5,compact_aligned,particle_beta_4,4,1500,12.487427026449737,1.0031980234280327,1826.3695112791956,1641.809545976874,1437.4685998449015,0.1941596308978991,7.389494507918,nan,400,checks_passed
5,compact_aligned,particle_beta_5,4,1500,12.184915913140552,1.0045956482430964,1459.8960185404171,1302.4335444205735,1009.7688879144847,0.22315980059442383,5.906742060964371,nan,400,checks_passed
5,compact_aligned,particle_beta_6,4,1500,12.147499256924057,1.000656439392496,1697.9034918657778,1407.7158833979538,1311.0413604296018,0.19418550690152567,6.86972074962489,nan,400,checks_passed
5,compact_aligned,particle_beta_7,4,1500,14.30339498073243,1.0010383604430588,1514.7062196059164,1561.6651935264595,1288.6183119773018,0.23471348781019205,6.128504238470121,nan,400,checks_passed
5,compact_aligned,particle_beta_8,4,1500,14.49863400701945,1.0041784949811072,1227.6681182470538,960.1701775771318,915.0776845833794,0.3013869649487836,4.96714753575725,nan,400,checks_passed
5,compact_aligned,particle_beta_9,4,1500,15.06174558490608,1.0013669012930546,1348.3057037327378,994.1120052419351,930.1820685081265,0.30869861388417313,5.455247435525384,nan,400,checks_passed
5,compact_aligned,particle_beta_10,4,1500,14.607935082036095,1.000390370639063,1442.880945786685,1336.6989845779397,1181.2337627730647,0.2602117192816006,5.837899044319035,nan,400,checks_passed
5,compact_aligned,particle_beta_11,4,1500,15.406782890139501,1.002010817871019,906.2127419050623,725.0758867847194,643.409763808966,0.3953234670092735,3.666538473160642,nan,400,checks_passed
5,compact_aligned,particle_beta_12,4,1500,14.432103554664304,1.0008617966417632,1368.1345006185134,1390.699029896429,1095.1798669934863,0.2637352223714364,5.535474785347618,nan,400,checks_passed
5,compact_aligned,particle_beta_13,4,1500,14.762694008154954,1.0023648685270532,1011.0725878185106,757.3117652479015,713.0049003697172,0.3614152633683924,4.090801608683441,nan,400,checks_passed
5,compact_aligned,particle_beta_14,4,1500,14.085213321440941,1.0056862615343964,1346.5659299601564,1342.1948167856444,1050.2177639837805,0.266111791472788,5.44820830754054,nan,400,checks_passed
5,compact_aligned,particle_beta_15,4,1500,14.049257319293742,1.0039045091898289,1135.06990673879,818.5696531596963,807.9047866786786,0.30467113930952144,4.592494996302575,nan,400,checks_passed
5,compact_aligned,particle_beta_16,4,1500,14.52949393695188,1.0053692568311392,1041.645320769629,897.9270279141874,756.541212461007,0.33670630626329145,4.214498944211179,nan,400,checks_passed
5,compact_aligned,particle_beta_17,4,1500,13.597254295100342,1.0009678707297982,1499.980347665903,1346.696918756823,1217.154253941494,0.23203993541301432,6.068923332660532,nan,400,checks_passed
5,compact_aligned,particle_beta_18,4,1500,14.18314343229671,1.0019168826474683,1635.9777688068343,1511.665758129138,1311.340166552982,0.23177393198730012,6.61916915663295,nan,400,checks_passed
5,compact_aligned,particle_beta_19,4,1500,11.157177589760739,1.0046838714567332,2150.2603698012463,2595.3824301904424,1710.9927901025799,0.15331664942589565,8.699957536036116,nan,400,checks_passed
5,compact_aligned,particle_beta_20,4,1500,10.852376175442416,1.0029360764651418,2067.673465887958,1961.0809471830703,1813.7957405058319,0.14351003135392318,8.365810766105778,nan,400,checks_passed
5,compact_aligned,particle_beta_21,4,1500,11.173966886157556,1.00336876374792,2277.5346654426903,1973.2103326374454,1859.4321104119163,0.14820245357861847,9.21490957768669,nan,400,checks_passed
5,compact_aligned,particle_beta_22,4,1500,10.882908338671896,0.9999508882649993,2366.320832982584,2311.92345817931,2029.7364906187624,0.13361626476239466,9.574138580012516,nan,400,checks_passed
5,compact_aligned,particle_beta_23,4,1500,11.181466130803262,1.0012975347054072,2188.7516089440587,1902.6506650608383,1819.8757851628982,0.146241493768715,8.855693162639714,nan,400,checks_passed
5,compact_aligned,particle_beta_24,4,1500,10.792820793388618,1.0015053775304081,2538.0552571996877,2952.7860917594962,2325.2660767153234,0.11977393576360039,10.268976386237124,nan,400,checks_passed
5,compact_aligned,particle_beta_25,4,1500,10.317203643041678,1.0004572158045981,2663.9543888248368,2413.031991993231,2369.0186810121927,0.1153372130379287,10.778364511668586,nan,400,checks_passed
5,compact_aligned,particle_beta_26,4,1500,10.401354743871797,1.0017304945429828,2252.9584175312025,2261.1584507472794,1899.8723228562899,0.13211369883457016,9.115474032006794,nan,400,checks_passed
5,compact_tilted40,energy_kBT,4,1500,-584.5218622412842,1.00613542492827,739.7470080894375,1972.7569646408592,750.0245804050381,0.20971033823267182,2.943984125606564,nan,400,checks_passed
5,compact_tilted40,local_beta_deg,4,1500,25.858447979751954,1.0158255539818501,231.3710033238287,579.3447647235788,228.9145624745768,0.20515110075819507,0.9207912346549998,0.25,400,"high_rhat,low_ess"
5,compact_tilted40,magnetization,4,1500,0.8372450010176702,1.0137509720506126,279.9874856234588,1036.961735530436,271.1404228837537,0.001175230767760105,1.1142711008360053,0.002,400,"high_rhat,low_ess"
5,compact_tilted40,abs_muB,4,1500,0.8372456842955104,1.0137495331587625,279.93882589592187,1036.961735530436,271.091049375101,0.0011752919892649904,1.114077448865996,nan,400,"high_rhat,low_ess"
5,compact_tilted40,particle_muB_0,4,1500,0.8203836457185274,1.0106300133382766,254.73841305502538,506.1705958747755,227.3194199324126,0.008015094681839103,1.0137869244690911,nan,400,"high_rhat,low_ess"
5,compact_tilted40,particle_muB_1,4,1500,0.845702503757411,1.0171549818384216,261.0959520534329,170.3114152296351,152.32041261874798,0.008581215904824102,1.0390881337806042,nan,400,"high_rhat,low_ess"
5,compact_tilted40,particle_muB_2,4,1500,0.8210938317348797,1.0038445946680727,1016.3058949917169,2111.1451696027325,994.5877058021199,0.0029682231577694853,4.044610372056073,nan,400,checks_passed
5,compact_tilted40,particle_muB_3,4,1500,0.8211821492649722,1.0098981471021562,802.6998818086962,1329.231774482709,695.2228469848698,0.0036274204633569415,3.1945187798385217,nan,400,checks_passed
5,compact_tilted40,particle_muB_4,4,1500,0.8297963566682073,1.0408476147102936,82.68275724294108,83.71492220300198,52.60904373991157,0.016873288905455183,0.3290540172825815,nan,400,"high_rhat,low_ess"
5,compact_tilted40,particle_muB_5,4,1500,0.8347090296870109,1.0078923261352697,513.6376716466447,492.25748558069796,388.56344733132636,0.005402141310979567,2.0441328388021227,nan,400,low_ess
5,compact_tilted40,particle_muB_6,4,1500,0.8328125187223432,1.0053142297411453,557.5475140394507,503.2608533770899,450.2517209265981,0.004859644243136094,2.2188816077037714,nan,400,checks_passed
5,compact_tilted40,particle_muB_7,4,1500,0.8421108558597157,1.0184203955608817,360.0644541389591,655.9189408527367,275.4496548373937,0.005701860855446492,1.4329548150766276,nan,400,"high_rhat,low_ess"
5,compact_tilted40,particle_muB_8,4,1500,0.8369752108486673,1.0041521435078669,747.1601554802032,1354.687951882454,655.9157854576645,0.0036605224241030025,2.973486358127331,nan,400,checks_passed
5,compact_tilted40,particle_muB_9,4,1500,0.794436198619901,1.0056034851782214,1023.9716242397708,1695.6814935469101,1022.6288978470042,0.003054259267522538,4.075117809018549,nan,400,checks_passed
5,compact_tilted40,particle_muB_10,4,1500,0.7951193417402146,1.0044928026450235,1017.773112763549,1343.417015429378,929.9583185104121,0.0033276622831762003,4.050449484322627,nan,400,checks_passed
5,compact_tilted40,particle_muB_11,4,1500,0.8489439085764249,1.0172938597756898,215.99343749669518,123.29044303040615,122.95547654842186,0.010536061599071025,0.8595928665771426,nan,400,"high_rhat,low_ess"
5,compact_tilted40,particle_muB_12,4,1500,0.8455862634417458,1.0398774000820163,74.12571871553634,62.57701070773523,42.68992011292167,0.019095286685038945,0.2949994211687739,nan,400,"high_rhat,low_ess"
5,compact_tilted40,particle_muB_13,4,1500,0.8269813988504869,1.0062482529576784,922.1515525082183,880.578630945395,739.7021848115421,0.00358598709067168,3.669902686053738,nan,400,checks_passed
5,compact_tilted40,particle_muB_14,4,1500,0.8629532872733243,1.0061535301015143,645.4812230712186,1114.7752720221854,586.9698974956189,0.003461799047701153,2.5688329297967596,nan,400,checks_passed
5,compact_tilted40,particle_muB_15,4,1500,0.830807247224506,1.000495419198959,1093.2005811668394,1392.1740393078778,1041.400256568778,0.0028006034716191934,4.350629501525386,nan,400,checks_passed
5,compact_tilted40,particle_muB_16,4,1500,0.8704948422636423,1.0073941641317843,943.6022717144132,1820.674154409479,872.2400603548164,0.0026295871302203463,3.7552704890124575,nan,400,checks_passed
5,compact_tilted40,particle_muB_17,4,1500,0.8267565444396463,1.0063428593592065,597.8647570839139,1146.1925423605073,599.2439124525316,0.003977902309537097,2.379332846050343,nan,400,checks_passed
5,compact_tilted40,particle_muB_18,4,1500,0.8170999717319901,1.008163010227182,691.2326015389641,906.8186986073994,630.9874011563369,0.003976664632527733,2.750910492072451,nan,400,checks_passed
5,compact_tilted40,particle_muB_19,4,1500,0.8519007482361761,1.0056607175387104,629.7620434026597,809.6032254671858,561.7073142190637,0.003568359952474772,2.506275035130426,nan,400,checks_passed
5,compact_tilted40,particle_muB_20,4,1500,0.8555409745104883,1.0074601607453528,653.6927110515416,537.013354607649,439.5402075839944,0.004100012939615095,2.6015123323456337,nan,400,checks_passed
5,compact_tilted40,particle_muB_21,4,1500,0.8623757729229019,1.0030284229656392,941.3053398026926,2545.897583215029,971.202034309801,0.0025028699568843266,3.74612934885,nan,400,checks_passed
5,compact_tilted40,particle_muB_22,4,1500,0.8580692762774184,1.0028255377943796,1208.1745497396475,1987.8264963147071,1212.5643613452962,0.002248254751032279,4.808193418154857,nan,400,checks_passed
5,compact_tilted40,particle_muB_23,4,1500,0.8438772997152989,1.002525988440338,753.7826349847142,2170.3648815292195,798.5244622115941,0.002963235948606332,2.999841955811719,nan,400,checks_passed
5,compact_tilted40,particle_muB_24,4,1500,0.840070794698115,1.0095325449392607,712.3015046288418,2201.4494928979216,746.1472777847968,0.0030827072468285434,2.8347587747451186,nan,400,checks_passed
5,compact_tilted40,particle_muB_25,4,1500,0.8427074932287254,1.0099484649155095,966.6003689755254,2155.839291185573,996.5467093128124,0.0024459345005088612,3.8467964195204245,nan,400,checks_passed
5,compact_tilted40,particle_muB_26,4,1500,0.8471275614643552,1.0065548729024727,1374.995499965594,2855.621254716334,1411.3627229268943,0.0019790848284363524,5.472093675828371,nan,400,checks_passed
5,compact_tilted40,particle_beta_0,4,1500,34.8779565359123,1.0285815810218504,81.98338364276441,214.01154047085126,65.92701470122459,3.19599541403182,0.3262707079156317,nan,400,"high_rhat,low_ess"
5,compact_tilted40,particle_beta_1,4,1500,32.984210767283415,1.0392421580860305,109.28427200581991,439.30843426696623,85.87181417969661,2.396205441130935,0.4349205315402985,nan,400,"high_rhat,low_ess"
5,compact_tilted40,particle_beta_2,4,1500,28.03851874571428,1.0279970685758846,135.29228914928808,491.9397048932408,109.64688856298731,2.054052583341149,0.5384250929262588,nan,400,"high_rhat,low_ess"
5,compact_tilted40,particle_beta_3,4,1500,26.865966275013168,1.0671674766864214,52.803383343143445,149.80556884992717,39.53849399978889,3.391740614936263,0.2101425496022253,nan,400,"high_rhat,low_ess"
5,compact_tilted40,particle_beta_4,4,1500,32.78515776928492,1.07583795463592,52.806046179780544,146.5648788257595,43.6320600110747,3.5570506002597115,0.21015314693983259,nan,400,"high_rhat,low_ess"
5,compact_tilted40,particle_beta_5,4,1500,28.06410413445856,1.0591396983686,54.05953767884055,63.29053374090612,42.45656259457941,3.141450094596384,0.21514168901497574,nan,400,"high_rhat,low_ess"
5,compact_tilted40,particle_beta_6,4,1500,25.616622163031497,1.0178425060699927,186.56398786337823,138.1364854213136,123.08204869903457,1.6282641363716266,0.7424719703810365,nan,400,"high_rhat,low_ess"
5,compact_tilted40,particle_beta_7,4,1500,35.262451543757635,1.0562451260042143,72.23113522404412,162.98542449997643,61.5688917007254,2.7908700837618525,0.28745951406189046,nan,400,"high_rhat,low_ess"
5,compact_tilted40,particle_beta_8,4,1500,37.071564369827264,1.0261572803259416,171.51016426852533,420.78355061834907,154.84615177520388,1.8110908283776657,0.6825620049357011,nan,400,"high_rhat,low_ess"
5,compact_tilted40,particle_beta_9,4,1500,17.662005411124394,1.0143789839938113,281.74198303320713,94.05562233546841,122.04274171380106,1.2543374906693323,1.121253504909605,nan,400,"high_rhat,low_ess"
5,compact_tilted40,particle_beta_10,4,1500,16.96627502852985,1.0022701910995182,680.4850470355633,463.9607636643547,449.0817097588779,0.5665040733721411,2.708138261159585,nan,400,checks_passed
5,compact_tilted40,particle_beta_11,4,1500,29.579011260773193,1.0382147753965403,144.73495161341813,78.08030972972314,62.94146994356757,2.6881430486530986,0.576004222133766,nan,400,"high_rhat,low_ess"
5,compact_tilted40,particle_beta_12,4,1500,33.3810469469491,1.0665068213096836,44.67652958674501,47.359881682250226,28.654917071871765,4.49366451584612,0.17779996735676873,nan,400,"high_rhat,low_ess"
5,compact_tilted40,particle_beta_13,4,1500,20.058740189791546,1.008826645621452,395.08812835713485,232.55549119512887,231.24989230496374,0.9893456155633465,1.5723391448423238,nan,400,low_ess
5,compact_tilted40,particle_beta_14,4,1500,42.264214601789554,1.0210897066866016,179.9030523037226,508.49139141358665,175.9529756849245,1.5195117963570985,0.7159633284603875,nan,400,"high_rhat,low_ess"
5,compact_tilted40,particle_beta_15,4,1500,18.443600933237942,1.0030917768435665,618.6536867112209,442.9876880205823,416.5763213126887,0.6119392165029314,2.4620669134299624,nan,400,checks_passed
5,compact_tilted40,particle_beta_16,4,1500,39.9255589455184,1.0154495565904982,276.1195174754253,1013.5927820050673,274.754679129702,1.1405803873445521,1.0988776802454003,nan,400,"high_rhat,low_ess"
5,compact_tilted40,particle_beta_17,4,1500,19.473294795729256,1.0088444225191011,642.5994395017866,499.09711502545696,429.69893604501317,0.6191890586125449,2.5573642452477636,nan,400,checks_passed
5,compact_tilted40,particle_beta_18,4,1500,20.56524464587832,1.0292190264414693,153.35637653060633,106.47121357520635,92.80956655711411,1.5747904669454662,0.6103150578907959,nan,400,"high_rhat,low_ess"
5,compact_tilted40,particle_beta_19,4,1500,21.793511647957057,1.0122523953291385,345.6871729452663,326.74005096443517,227.81592756487214,0.9376867984066128,1.3757372972756012,nan,400,"high_rhat,low_ess"
5,compact_tilted40,particle_beta_20,4,1500,21.282704072015633,1.0077377177015518,320.41298196389226,153.26336156373208,190.72818066171482,0.9640508056571295,1.2751531567207295,nan,400,low_ess
5,compact_tilted40,particle_beta_21,4,1500,23.337626642036483,1.0247297448731065,237.19688166531503,429.1331385851574,181.45487123011327,1.1715979571171593,0.9439765847375206,nan,400,"high_rhat,low_ess"
5,compact_tilted40,particle_beta_22,4,1500,21.471761553027278,1.0253463635219584,276.00853583400567,560.2759516214301,204.87988806743482,1.0237152237969576,1.0984360046630726,nan,400,"high_rhat,low_ess"
5,compact_tilted40,particle_beta_23,4,1500,20.061585403811875,1.0060946529057893,288.686316991738,365.16659925994696,226.4733384802446,0.9372033258483834,1.1488899924023044,nan,400,low_ess
5,compact_tilted40,particle_beta_24,4,1500,20.20000537641897,1.0300085544810236,240.8771789306085,390.0704202554456,150.51018283458075,1.1806161854477986,0.9586231282288155,nan,400,"high_rhat,low_ess"
5,compact_tilted40,particle_beta_25,4,1500,15.001688930351486,1.0096404293676728,962.8408284445787,1207.684335937858,830.148549270343,0.2907205513074649,3.8318345102167735,nan,400,checks_passed
5,compact_tilted40,particle_beta_26,4,1500,15.143666764079423,1.004510080285123,1169.660879690772,1444.087076800729,974.7521068543118,0.2730205060692035,4.654919890850464,nan,400,checks_passed
5,expanded_aligned,energy_kBT,4,1500,-613.6993462245404,1.0009903220074172,1469.2238266878396,2492.0522399340675,1447.400913565285,0.15479548365693918,5.900117942057263,nan,400,checks_passed
5,expanded_aligned,local_beta_deg,4,1500,12.583226902846233,1.001093494216658,1398.3870327194468,1983.650091870774,1361.5999430058773,0.040086374534537283,5.615651115792318,0.25,400,checks_passed
5,expanded_aligned,magnetization,4,1500,0.9676505841528085,1.0012458246492564,1137.6701495647544,1627.181419572706,1058.3306830048227,0.00025516029307921605,4.568662677300926,0.002,400,checks_passed
5,expanded_aligned,abs_muB,4,1500,0.9676505841528085,1.0012458246492564,1137.6701495647544,1627.181419572706,1058.3306830048227,0.00025516029307921605,4.568662677300926,nan,400,checks_passed
5,expanded_aligned,particle_muB_0,4,1500,0.9690827648803706,1.0014897139843537,1698.029152181732,1442.3233868390669,949.727618378863,0.0012704857369160926,6.8189557540114185,nan,400,checks_passed
5,expanded_aligned,particle_muB_1,4,1500,0.9709590764479402,1.0053066011289598,1856.2449161723134,1910.7553015825997,1312.6975083126968,0.0009278574745022445,7.4543195773313515,nan,400,checks_passed
5,expanded_aligned,particle_muB_2,4,1500,0.9689000227204582,1.001278948542886,1909.7382151653344,1924.7484371979533,1396.5105247329122,0.000996112498791014,7.669138291427536,nan,400,checks_passed
5,expanded_aligned,particle_muB_3,4,1500,0.9699557169538665,0.9999062134369335,2014.0087514863808,1851.2543021047866,1331.3542855571,0.0009889194621232257,8.087868542734881,nan,400,checks_passed
5,expanded_aligned,particle_muB_4,4,1500,0.9698907875877589,1.0038406082632794,1869.8745900836077,1533.6155136715763,1262.9558576204888,0.0010580667027285417,7.509053704376994,nan,400,checks_passed
5,expanded_aligned,particle_muB_5,4,1500,0.9701730080619145,1.001495223296574,2075.8329526115685,2075.1700610913736,1428.7251686058903,0.0009309665836990313,8.33614254407231,nan,400,checks_passed
5,expanded_aligned,particle_muB_6,4,1500,0.9686539414346148,1.0009648542114256,1708.3905601776598,1616.175855109497,1086.7975250096742,0.00120305142312814,6.86056515899879,nan,400,checks_passed
5,expanded_aligned,particle_muB_7,4,1500,0.9600698258591398,1.0010627531761362,1565.3084382760678,1054.7156073273518,732.4324909359269,0.002022036026834675,6.285975107241773,nan,400,checks_passed
5,expanded_aligned,particle_muB_8,4,1500,0.9628806363687776,1.00307472114187,1712.809318457156,1971.8268339697534,1398.5080470671637,0.0011808089367111986,6.878310035261275,nan,400,checks_passed
5,expanded_aligned,particle_muB_9,4,1500,0.9609619132410817,1.0005104811422358,1305.1127781753619,1071.06608190541,796.5567494555125,0.0018388693947181721,5.241079799447543,nan,400,checks_passed
5,expanded_aligned,particle_muB_10,4,1500,0.9606251638422503,1.0021949482912802,1622.8510873552843,1501.1528101723807,1046.744981030132,0.0015076062273388369,6.517055225940342,nan,400,checks_passed
5,expanded_aligned,particle_muB_11,4,1500,0.9597239456807531,1.0011924630858973,1589.129064107577,1571.2705923285646,1260.0649471189795,0.001364057303261319,6.381634120733516,nan,400,checks_passed
5,expanded_aligned,particle_muB_12,4,1500,0.958919383325677,1.0014925477591283,1502.878185504495,1209.4241864387877,904.0485947538357,0.0019072544461053043,6.035267320032038,nan,400,checks_passed
5,expanded_aligned,particle_muB_13,4,1500,0.96358966333498,1.0027204138850263,1582.8201129700576,1192.3777778494125,800.3557165136366,0.0017714274598330452,6.356298596543198,nan,400,checks_passed
5,expanded_aligned,particle_muB_14,4,1500,0.9626530022962916,1.0023825488197107,1606.5048044047394,1666.1362942122814,1286.3309371949972,0.0012623442385798608,6.4514117238608275,nan,400,checks_passed
5,expanded_aligned,particle_muB_15,4,1500,0.960978114003167,1.001439259967032,1350.1788230384177,1179.669814435659,842.0141660369687,0.0017441579363437765,5.422056295366136,nan,400,checks_passed
5,expanded_aligned,particle_muB_16,4,1500,0.9613637135491545,1.0045931356442979,1150.0581171173726,747.3362331436305,532.5618612547325,0.002370195221418443,4.618410352430589,nan,400,checks_passed
5,expanded_aligned,particle_muB_17,4,1500,0.959776438027382,1.0036117075258584,1353.3140838474396,1001.7426261289158,788.6954149469436,0.0020340333028155025,5.43464689471276,nan,400,checks_passed
5,expanded_aligned,particle_muB_18,4,1500,0.9594862782484167,1.0014689808872044,1490.6734109197705,1119.3750817073474,936.7641570570099,0.0017151983746254535,5.986255312332414,nan,400,checks_passed
5,expanded_aligned,particle_muB_19,4,1500,0.975602885795422,1.0013418845251414,2333.214687238898,2406.5268431480654,1734.1387389996726,0.0006472029088877078,9.369737672907076,nan,400,checks_passed
5,expanded_aligned,particle_muB_20,4,1500,0.9753659817153923,1.0034329900330647,2033.7642734754286,1867.4999014572616,1325.632571108298,0.000748988274163279,8.167202887594408,nan,400,checks_passed
5,expanded_aligned,particle_muB_21,4,1500,0.974851509266187,1.0008132809259656,2213.787147243943,1767.2746190354324,1280.070764089027,0.0008942267896249673,8.890139834442598,nan,400,checks_passed
5,expanded_aligned,particle_muB_22,4,1500,0.9744661068224331,1.0016951021036322,2111.9507555853406,2183.3620612182876,1666.315410852968,0.0006660512949239757,8.481184636013905,nan,400,checks_passed
5,expanded_aligned,particle_muB_23,4,1500,0.9761595034475146,1.0021815392533335,2306.84348174909,2394.484332434191,1820.7540922790813,0.0006146288120832472,9.263836026175102,nan,400,checks_passed
5,expanded_aligned,particle_muB_24,4,1500,0.9753949865214634,1.0014227035851486,1966.408960841011,1499.5233413383535,1230.0719306313608,0.0008594056151983748,7.896717015157194,nan,400,checks_passed
5,expanded_aligned,particle_muB_25,4,1500,0.9778207596980687,1.0024594655781005,2354.5231840171095,2102.7862312104608,1546.4037625342617,0.0006674415619903698,9.455308463331038,nan,400,checks_passed
5,expanded_aligned,particle_muB_26,4,1500,0.9782606429953501,1.002722254062206,2473.9671464265716,2314.91845829943,1757.6652553444653,0.0005961905248120423,9.93497225102716,nan,400,checks_passed
5,expanded_aligned,particle_beta_0,4,1500,12.311776014889746,1.0014897139843537,1698.029152181731,1442.3233868390669,1248.0166738390385,0.2085222220411053,6.818955754011415,nan,400,checks_passed
5,expanded_aligned,particle_beta_1,4,1500,12.075612349936074,1.0053066011289598,1856.2449161723114,1910.7553015825997,1538.287176797828,0.17496488719624118,7.454319577331343,nan,400,checks_passed
5,expanded_aligned,particle_beta_2,4,1500,12.453189217949449,1.001278948542886,1909.7382151653337,1924.7484371979533,1613.4996383512732,0.17916919520489277,7.669138291427533,nan,400,checks_passed
5,expanded_aligned,particle_beta_3,4,1500,12.260264912342619,1.0000201492414291,2014.008751486381,1851.2543021047866,1653.5550426746881,0.1729579554022299,8.087868542734881,nan,400,checks_passed
5,expanded_aligned,particle_beta_4,4,1500,12.206616312455946,1.0038406082632794,1869.8745900836072,1533.6155136715763,1515.7569806526983,0.18404923328790018,7.509053704376992,nan,400,checks_passed
5,expanded_aligned,particle_beta_5,4,1500,12.241436291365048,1.0012830618954254,2075.8329526115685,2075.170061091371,1741.9989695873965,0.16670431889567558,8.33614254407231,nan,400,checks_passed
5,expanded_aligned,particle_beta_6,4,1500,12.45299199637651,1.0009648542114256,1708.3905601776607,1616.175855109497,1357.0984680274787,0.19886366434662844,6.860565158998794,nan,400,checks_passed
5,expanded_aligned,particle_beta_7,4,1500,13.929441776627936,1.0010627531761362,1565.308438276067,1054.7156073273518,1040.6272464536908,0.2658253943788941,6.28597510724177,nan,400,checks_passed
5,expanded_aligned,particle_beta_8,4,1500,13.649432701447513,1.00307472114187,1712.8093184571555,1971.8268339697534,1494.7978284499636,0.20243230504111806,6.878310035261273,nan,400,checks_passed
5,expanded_aligned,particle_beta_9,4,1500,13.81685932386281,1.0005500495200186,1305.1127781753619,1071.06608190541,979.9755854710751,0.2679211772583786,5.241079799447543,nan,400,checks_passed
5,expanded_aligned,particle_beta_10,4,1500,13.98822197375935,1.0021949482912802,1622.8510873552843,1501.1528101723807,1291.9825039606296,0.22842906649812883,6.517055225940342,nan,400,checks_passed
5,expanded_aligned,particle_beta_11,4,1500,14.124267902704386,1.0008768588933097,1589.129064107577,1571.2705923285646,1364.0185867927707,0.2257334483488839,6.381634120733516,nan,400,checks_passed
5,expanded_aligned,particle_beta_12,4,1500,14.048593636159945,1.0014925477591283,1502.8781855044942,1209.4241864387866,1115.2302600055498,0.26484977978496343,6.035267320032036,nan,400,checks_passed
5,expanded_aligned,particle_beta_13,4,1500,13.308514890207526,1.0024568323413432,1582.8201129700576,1192.3777778494125,1094.6449548583425,0.24638151256582638,6.356298596543198,nan,400,checks_passed
5,expanded_aligned,particle_beta_14,4,1500,13.577481705115936,1.0023825488197107,1606.5048044047394,1666.1362942122814,1384.6802725727225,0.2163435832946771,6.4514117238608275,nan,400,checks_passed
5,expanded_aligned,particle_beta_15,4,1500,13.83224383507172,1.001439259967032,1350.1788230384177,1179.6698144356592,1033.709289720221,0.25953031999108056,5.422056295366136,nan,400,checks_passed
5,expanded_aligned,particle_beta_16,4,1500,13.616655528570607,1.0045931356442979,1150.0581171173724,747.3362331436305,701.7534541870374,0.3237757944426437,4.618410352430588,nan,400,checks_passed
5,expanded_aligned,particle_beta_17,4,1500,13.842571677527237,1.0036117075258584,1353.3140838474396,1001.7426261289153,954.2290140931002,0.2862936632833873,5.43464689471276,nan,400,checks_passed
5,expanded_aligned,particle_beta_18,4,1500,14.023011344103434,1.0013457245540476,1490.6734109197705,1119.3750817073476,1144.2057819902752,0.2551206432603313,5.986255312332414,nan,400,checks_passed
5,expanded_aligned,particle_beta_19,4,1500,11.126366411332352,1.0013418845251414,2333.2146872388985,2406.5268431480654,2030.6063368974403,0.13657145374456342,9.369737672907078,nan,400,checks_passed
5,expanded_aligned,particle_beta_20,4,1500,11.20304243038019,1.0034061651573065,2033.7642734754277,1867.4999014572593,1634.9205548266482,0.15195798248835832,8.167202887594405,nan,400,checks_passed
5,expanded_aligned,particle_beta_21,4,1500,11.177053884153045,1.0007882357687419,2213.787147243943,1767.2746190354324,1680.465998012256,0.15824797470346585,8.890139834442598,nan,400,checks_passed
5,expanded_aligned,particle_beta_22,4,1500,11.4288874771975,1.0016951021036322,2111.950755585341,2183.3620612182876,1859.0659757043954,0.1440764858851155,8.481184636013907,nan,400,checks_passed
5,expanded_aligned,particle_beta_23,4,1500,10.981017376128648,1.0019580937515273,2306.843481749088,2394.484332434191,2050.427274773254,0.13498165938679602,9.263836026175094,nan,400,checks_passed
5,expanded_aligned,particle_beta_24,4,1500,11.040280285620824,1.0014227035851486,1966.4089608410145,1499.5233413383537,1504.0552157796762,0.16586816537704024,7.896717015157208,nan,400,checks_passed
5,expanded_aligned,particle_beta_25,4,1500,10.542597420857527,1.0021696214971212,2354.5231840171095,2102.7862312104608,1966.5421539700483,0.13494467126192392,9.455308463331038,nan,400,checks_passed
5,expanded_aligned,particle_beta_26,4,1500,10.48869770070444,1.002722254062206,2473.9671464265725,2314.91845829943,2114.089372791738,0.12673870478353758,9.934972251027164,nan,400,checks_passed
5,expanded_tilted,energy_kBT,4,1500,-548.8818300095387,1.0023030251898546,722.0575949472144,1042.2636524301452,663.9011702013287,0.23352133361580155,2.880201110665787,nan,400,checks_passed
5,expanded_tilted,local_beta_deg,4,1500,25.615802094319584,1.00856917899215,289.7627926723749,698.950140961516,286.5352565652933,0.18519531751830182,1.1558290129828295,0.25,400,low_ess
5,expanded_tilted,magnetization,4,1500,0.8488558799751528,1.0092770366950252,545.8416286939055,887.8410613981846,523.462686209726,0.000797010370832829,2.177296764431567,0.002,400,checks_passed
5,expanded_tilted,abs_muB,4,1500,0.8488561686441858,1.0092763108598075,545.8373714025929,884.1262339073227,523.454178246682,0.0007969948701679267,2.177279782607329,nan,400,checks_passed
5,expanded_tilted,particle_muB_0,4,1500,0.8357931754663723,1.0081878179461734,451.48152925968685,228.93634311044985,294.942738074016,0.0062495795613031185,1.800905649519413,nan,400,low_ess
5,expanded_tilted,particle_muB_1,4,1500,0.8635220985093156,1.0060746116314487,960.813960306919,925.4820085438328,717.2939173293922,0.0032369923796829953,3.832571605069103,nan,400,checks_passed
5,expanded_tilted,particle_muB_2,4,1500,0.8365549244263059,1.0028297624675333,1016.1440924166889,1294.8485722704368,916.08655423331,0.002948139193650713,4.0532768633075325,nan,400,checks_passed
5,expanded_tilted,particle_muB_3,4,1500,0.8389406319008225,1.0039659311739946,1289.8858512521988,2128.3419500717387,1283.5517990158755,0.002452214987165318,5.145199894587717,nan,400,checks_passed
5,expanded_tilted,particle_muB_4,4,1500,0.8614581503800456,1.0031403974902207,1154.6169064121227,1311.6539706668389,950.0741475358805,0.0027300627222482422,4.605628303770978,nan,400,checks_passed
5,expanded_tilted,particle_muB_5,4,1500,0.8431737617641335,1.0109455696855292,676.4791274506127,896.72489695172,559.4151011664974,0.004124105737627,2.6983940725225857,nan,400,high_rhat
5,expanded_tilted,particle_muB_6,4,1500,0.8478227233788983,1.0064885650516442,501.6068284954576,366.3101877816668,386.2068941064111,0.005270435326386643,2.000849453921714,nan,400,low_ess
5,expanded_tilted,particle_muB_7,4,1500,0.8474846714315931,1.0057843784323892,825.5705180081885,1178.8082025978433,686.1818394814901,0.003500821435176987,3.293101740829888,nan,400,checks_passed
5,expanded_tilted,particle_muB_8,4,1500,0.841303243613774,1.0050715059499709,799.2717611097462,1562.473799630456,749.6288305046105,0.003347043706216009,3.188199155000069,nan,400,checks_passed
5,expanded_tilted,particle_muB_9,4,1500,0.8134594154333218,1.0052454270529103,1075.065697605791,1624.183610672886,1030.5050754878805,0.0030988624807648086,4.288308076739017,nan,400,checks_passed
5,expanded_tilted,particle_muB_10,4,1500,0.8105505227842028,1.0029411458681052,1149.4350335885972,1810.7881087767512,1121.5303078519125,0.002913546225207177,4.584958434821345,nan,400,checks_passed
5,expanded_tilted,particle_muB_11,4,1500,0.8631101835748336,1.0102871042107022,682.8628390683184,537.1665456413041,489.3969340623286,0.004309487578828488,2.723857932220412,nan,400,high_rhat
5,expanded_tilted,particle_muB_12,4,1500,0.8670612135946312,1.0046829695804342,963.7725987424103,1433.4907951083353,853.0327765637248,0.0029927331902763676,3.8443732587981017,nan,400,checks_passed
5,expanded_tilted,particle_muB_13,4,1500,0.8434613754095096,1.0034439502807853,1261.5515067593863,1737.8114076594013,1157.987523319045,0.0026067838714620454,5.032177594082516,nan,400,checks_passed
5,expanded_tilted,particle_muB_14,4,1500,0.8679317643241619,1.0034693860827644,1006.3966556559258,1379.350960706322,880.4733257610858,0.002784614873959663,4.014395507608273,nan,400,checks_passed
5,expanded_tilted,particle_muB_15,4,1500,0.8403339278040951,1.0051692128536627,1203.8135295203235,1649.0452865094587,1082.3644901114933,0.0027109306974693586,4.801867730526963,nan,400,checks_passed
5,expanded_tilted,particle_muB_16,4,1500,0.8661842099513976,1.0040321618149661,942.1908098368707,1581.0190752491699,848.0425995557133,0.0028913933509823048,3.758286092329845,nan,400,checks_passed
5,expanded_tilted,particle_muB_17,4,1500,0.8372807810478028,1.0031901753054886,883.6254270358863,1175.7873007186765,779.401390606288,0.0033220456130297164,3.524675807263467,nan,400,checks_passed
5,expanded_tilted,particle_muB_18,4,1500,0.8315605478940363,1.002910133899473,604.9547308887308,588.6451074217096,495.29385549217835,0.004514814667292328,2.413091836442246,nan,400,checks_passed
5,expanded_tilted,particle_muB_19,4,1500,0.863146561133748,1.0023490364053909,929.8613875554307,1693.6950186652425,852.7835198692067,0.0026680021824954684,3.709105506186344,nan,400,checks_passed
5,expanded_tilted,particle_muB_20,4,1500,0.8663300817075377,1.0025758869858183,1361.4171915635027,2150.0812962057585,1347.3337645438487,0.002051374127612159,5.43052982845136,nan,400,checks_passed
5,expanded_tilted,particle_muB_21,4,1500,0.8639573488403858,1.0055135549228895,1085.3979838790099,2291.383292255801,1058.625791442453,0.0023781520494700805,4.329522326970699,nan,400,checks_passed
5,expanded_tilted,particle_muB_22,4,1500,0.8646574590892604,1.0011107198153757,1325.4213706617804,2269.755586032956,1320.9152329593114,0.0021054269734926702,5.286946817807941,nan,400,checks_passed
5,expanded_tilted,particle_muB_23,4,1500,0.856252741303531,1.0019104311944709,941.3639915375489,1934.9163562972835,948.7712138469382,0.0026133233307038925,3.75498801333907,nan,400,checks_passed
5,expanded_tilted,particle_muB_24,4,1500,0.8475038485303658,1.0072081822602006,1082.3875825432158,2305.762734011099,1095.2177971141532,0.002458761708295644,4.317514197243129,nan,400,checks_passed
5,expanded_tilted,particle_muB_25,4,1500,0.8493799398783003,1.0016627034456407,1311.7911999002251,2539.564461512624,1358.4802054174324,0.002091456615029622,5.232577702046662,nan,400,checks_passed
5,expanded_tilted,particle_muB_26,4,1500,0.8508934561567424,1.0013295927265666,1339.9423328723385,2316.625024983222,1365.3009101876144,0.00205680316525459,5.344869193778299,nan,400,checks_passed
5,expanded_tilted,particle_beta_0,4,1500,27.237108621794906,1.0280988847367682,187.0781132812562,266.44713696942216,134.03465824285715,1.6994923355133942,0.7462321474415409,nan,400,"high_rhat,low_ess"
5,expanded_tilted,particle_beta_1,4,1500,26.11617126725324,1.0214170673421592,295.3179610463611,444.57548010445726,209.21973470564913,1.177943301689485,1.1779879130936444,nan,400,"high_rhat,low_ess"
5,expanded_tilted,particle_beta_2,4,1500,31.2673880859531,1.0113417981805692,201.86130157194813,365.327412485876,174.34741519815702,1.6391985944396321,0.8052005117825393,nan,400,"high_rhat,low_ess"
5,expanded_tilted,particle_beta_3,4,1500,28.065770109457674,1.0318354781014354,182.70164481544327,531.1335035286575,154.70468411742303,1.6221064737134836,0.72877493983894,nan,400,"high_rhat,low_ess"
5,expanded_tilted,particle_beta_4,4,1500,25.161669109924482,1.0222926266050056,257.66315885473796,255.51263545173504,183.01162168265938,1.3010946021054681,1.0277874251365278,nan,400,"high_rhat,low_ess"
5,expanded_tilted,particle_beta_5,4,1500,26.94835023294569,1.0157171779580543,237.51711627410654,230.47318965173102,174.90769828441861,1.3700277209803167,0.9474272784913053,nan,400,"high_rhat,low_ess"
5,expanded_tilted,particle_beta_6,4,1500,27.645407318760494,1.0224548676439573,192.46184525562344,164.02871009956553,127.13360958791178,1.6788518540483757,0.7677072083239529,nan,400,"high_rhat,low_ess"
5,expanded_tilted,particle_beta_7,4,1500,35.55730564059371,1.0272475835323975,225.85914310738798,673.9875417018155,206.40309186623122,1.4762875626801621,0.9009250223030723,nan,400,"high_rhat,low_ess"
5,expanded_tilted,particle_beta_8,4,1500,38.01748268703942,1.0124255610886472,224.7087882307588,627.1664471467593,205.21131961194712,1.5264415747880749,0.8963363947247288,nan,400,"high_rhat,low_ess"
5,expanded_tilted,particle_beta_9,4,1500,19.566909370801902,1.0090430585638728,397.1168339863025,146.75307179495383,202.03219592134735,1.0258169108301463,1.5840514029840578,nan,400,low_ess
5,expanded_tilted,particle_beta_10,4,1500,18.428229412801443,1.0098085972590964,508.4051508704415,297.9081934793655,283.5047792784686,0.8169602206703263,2.02796714618354,nan,400,low_ess
5,expanded_tilted,particle_beta_11,4,1500,30.400479227313113,1.0228330798565228,219.02585156558627,211.6597302667253,163.26843642088298,1.6163886446563764,0.8736678422305613,nan,400,"high_rhat,low_ess"
5,expanded_tilted,particle_beta_12,4,1500,29.51525250859935,1.0139963826772493,221.18148436228685,239.6195094035,161.3105921252207,1.4814035073878566,0.8822664028144971,nan,400,"high_rhat,low_ess"
5,expanded_tilted,particle_beta_13,4,1500,20.309590852426414,1.009772753649859,446.40297551609103,214.30694570775316,272.93253542323873,0.8690821039236758,1.78064790798295,nan,400,low_ess
5,expanded_tilted,particle_beta_14,4,1500,40.62159266029522,1.010698192824082,280.1605453796021,708.0093449030982,269.93220667366336,1.1897973679450455,1.117526800650926,nan,400,"high_rhat,low_ess"
5,expanded_tilted,particle_beta_15,4,1500,20.669312551741022,1.005872050510211,496.68809483031396,448.70274313416013,351.8095843636992,0.7745610190798984,1.981229215502296,nan,400,low_ess
5,expanded_tilted,particle_beta_16,4,1500,42.23587958706311,1.008713655624444,303.67154409090324,1034.487460864085,292.98730600188367,1.1405996737698685,1.2113093535594674,nan,400,low_ess
5,expanded_tilted,particle_beta_17,4,1500,21.132028231739252,1.008995632889228,466.0484718744832,310.0064004185767,300.91732356308967,0.8435139434530731,1.8590114358053509,nan,400,low_ess
5,expanded_tilted,particle_beta_18,4,1500,21.732097344742638,1.0063280768645329,469.9782623210023,242.42327758415763,252.35981681207784,1.0129199070329178,1.8746868983833402,nan,400,low_ess
5,expanded_tilted,particle_beta_19,4,1500,20.297300966710406,1.002267474406521,499.5382740541892,372.0778923138329,348.37368890426353,0.6597308485062164,1.992598238449561,nan,400,low_ess
5,expanded_tilted,particle_beta_20,4,1500,20.94477042165788,1.0049377037549556,574.3309521491574,512.0323766745424,437.5524139593693,0.5903584845266092,2.290937257422894,nan,400,checks_passed
5,expanded_tilted,particle_beta_21,4,1500,22.65626972315314,1.0038966135012557,454.9066630342984,664.3637630847874,387.06488840518205,0.7504449062240595,1.814568097184043,nan,400,low_ess
5,expanded_tilted,particle_beta_22,4,1500,22.32259634886686,1.0114400094089047,455.18366879354693,446.723796318636,360.4004133727308,0.7689713992098268,1.8156730399213419,nan,400,"high_rhat,low_ess"
5,expanded_tilted,particle_beta_23,4,1500,21.383161275486994,1.0058719659976683,393.07738884151297,486.6129599733259,305.1944314578433,0.8040454753008679,1.5679385409715105,nan,400,low_ess
5,expanded_tilted,particle_beta_24,4,1500,20.956108161929812,1.017619654178522,353.50107702526844,470.1023685820444,270.3683586769257,0.8841693349810793,1.4100733816727762,nan,400,"high_rhat,low_ess"
5,expanded_tilted,particle_beta_25,4,1500,16.19018946193207,1.0036152944807197,1054.886440646982,907.4302661450856,839.8244896952663,0.3218922859590832,4.207815441924447,nan,400,checks_passed
5,expanded_tilted,particle_beta_26,4,1500,16.248235365645563,1.004291957485163,1101.8318604156468,1061.6836116944603,899.0588335936051,0.32271793677903526,4.395075088668091,nan,400,checks_passed
10,compact_aligned,energy_kBT,4,1500,-648.3903207968247,1.0012234715083206,2708.2543133342047,3974.0723872999442,2675.5880206648294,0.11166007079435271,6.327978857919272,nan,400,checks_passed
10,compact_aligned,local_beta_deg,4,1500,12.839273062818158,1.0014516119062016,2437.9171966439767,3915.981956143769,2416.590607299437,0.030011606244045398,5.6963219450126905,0.25,400,checks_passed
10,compact_aligned,magnetization,4,1500,0.965906051776072,1.0015032982496794,1999.1434006939014,3032.564403851471,1938.8449282357417,0.0001955939758528342,4.671103858767764,0.002,400,checks_passed
10,compact_aligned,abs_muB,4,1500,0.965906051776072,1.0015032982496794,1999.1434006939014,3032.564403851471,1938.8449282357417,0.0001955939758528342,4.671103858767764,nan,400,checks_passed
10,compact_aligned,particle_muB_0,4,1500,0.9699855643310327,1.0003895177531534,3446.069577858561,2608.2306224122326,2351.5142221172514,0.0007531326274562549,8.0519230872233,nan,400,checks_passed
10,compact_aligned,particle_muB_1,4,1500,0.9681629447394656,1.000123684253039,3130.047111038259,2965.4018827453892,2295.1275133574463,0.0008211114588501342,7.313519947303852,nan,400,checks_passed
10,compact_aligned,particle_muB_2,4,1500,0.9693941029430639,1.0012447800808273,2878.760748302117,2798.875505482037,1919.925157271465,0.000879779549970543,6.726376124491996,nan,400,checks_passed
10,compact_aligned,particle_muB_3,4,1500,0.96925377355946,1.0002504892355615,2924.8875069430433,2613.712608066823,2174.024892130169,0.0008080312249055704,6.834153725741258,nan,400,checks_passed
10,compact_aligned,particle_muB_4,4,1500,0.9686791579402776,1.0001168981446305,3202.397757453966,2582.2383705659695,1859.1809748548928,0.0008864929171519849,7.482571043658142,nan,400,checks_passed
10,compact_aligned,particle_muB_5,4,1500,0.9692496405300708,1.0015620548248807,3255.7336946409546,2945.2077008167753,2430.2009850590325,0.0007404220924427572,7.607193270317151,nan,400,checks_passed
10,compact_aligned,particle_muB_6,4,1500,0.9694271388770968,1.0031792481862187,2931.657139638064,2994.7058773994313,2223.3352180282823,0.0008205364042633768,6.849971329117372,nan,400,checks_passed
10,compact_aligned,particle_muB_7,4,1500,0.9556453387314595,1.0004417088051023,2574.86558056284,2223.434562230236,1737.9787026087654,0.0014038140941758503,6.016309057669727,nan,400,checks_passed
10,compact_aligned,particle_muB_8,4,1500,0.9561503226026101,1.0011795720948062,2489.947673502413,2293.6367222370395,1718.7736099865187,0.0014054352888798387,5.817893894850111,nan,400,checks_passed
10,compact_aligned,particle_muB_9,4,1500,0.9563085835837758,1.001216475841813,2138.160922156365,1585.7730447664128,1196.4944603777299,0.00172772318639944,4.995925620285346,nan,400,checks_passed
10,compact_aligned,particle_muB_10,4,1500,0.9545846774146175,1.000599494844254,2450.569308922125,1945.880665595718,1591.8479744169247,0.001506460486063718,5.725884271789003,nan,400,checks_passed
10,compact_aligned,particle_muB_11,4,1500,0.955987487425417,1.0005761851226214,2267.7699658831366,1735.6159676513737,1263.399872318348,0.001680468580572779,5.298763977990544,nan,400,checks_passed
10,compact_aligned,particle_muB_12,4,1500,0.9534004043914592,1.0032068922130652,2098.0561721062973,1586.1606446176052,1384.0714867166125,0.0016878567383783378,4.90221875931241,nan,400,checks_passed
10,compact_aligned,particle_muB_13,4,1500,0.9580989422287629,1.0012265366588315,2541.555891266795,1981.0995261740563,1657.203835926786,0.0014097859348536073,5.938479214072162,nan,400,checks_passed
10,compact_aligned,particle_muB_14,4,1500,0.9564070972988337,1.0010471650084243,2374.6623736071574,1686.377010391828,1544.7292491744345,0.0015199293199081626,5.54852371909733,nan,400,checks_passed
10,compact_aligned,particle_muB_15,4,1500,0.9591253611914353,1.001401916738018,2483.082936437159,2178.432225426968,1602.192564727684,0.00134619353930795,5.801854075103411,nan,400,checks_passed
10,compact_aligned,particle_muB_16,4,1500,0.9581275317600204,1.0009573966875467,2304.6197078749456,1639.9942891193352,1334.5525423450365,0.0015618620624776548,5.3848653411807925,nan,400,checks_passed
10,compact_aligned,particle_muB_17,4,1500,0.9575656165653718,1.004006853293772,2075.569314080962,1644.4836255419082,1265.5696536474416,0.0017192167545306049,4.849677031061576,nan,400,checks_passed
10,compact_aligned,particle_muB_18,4,1500,0.9604294378615287,1.00054699509795,2751.533770097566,1914.8178276870863,1450.4363004209936,0.0014149488136957068,6.429103588352587,nan,400,checks_passed
10,compact_aligned,particle_muB_19,4,1500,0.9751456289574697,1.0008492915516864,3818.5005659614385,3823.014886589286,3376.412283481253,0.00047835817188953957,8.922127708386647,nan,400,checks_passed
10,compact_aligned,particle_muB_20,4,1500,0.9756702700191175,1.0006861968196936,3807.087557188616,3409.922432074461,2612.3074212441284,0.0005383943652463934,8.89546061221917,nan,400,checks_passed
10,compact_aligned,particle_muB_21,4,1500,0.9765136416967967,1.0002054681598163,4086.680956910734,4393.557032232078,3404.345222258201,0.00044035395298291946,9.548745317995987,nan,400,checks_passed
10,compact_aligned,particle_muB_22,4,1500,0.9762859161357428,0.9999591842546885,3983.3930156213787,4018.0336401347986,3269.021715114148,0.0004572888626896585,9.307407602575763,nan,400,checks_passed
10,compact_aligned,particle_muB_23,4,1500,0.9756965282732117,1.0006115307447234,3960.6550855852506,3644.48623936764,3264.5107838930517,0.00047834178639048465,9.254279231346723,nan,400,checks_passed
10,compact_aligned,particle_muB_24,4,1500,0.9760117869085301,0.9999951358736667,3951.250860975791,3903.357074482601,3361.8094768112664,0.0004546828688331494,9.232305765187808,nan,400,checks_passed
10,compact_aligned,particle_muB_25,4,1500,0.9786094884013083,1.0007198119894467,4047.5183381086817,3844.970015409939,3424.5799586365324,0.0004097049155009658,9.457239796309938,nan,400,checks_passed
10,compact_aligned,particle_muB_26,4,1500,0.979547013586014,1.0004335049429498,3832.265857930131,3983.857477012986,3359.2162911621026,0.00038151593359453417,8.954291038145636,nan,400,checks_passed
10,compact_aligned,particle_beta_0,4,1500,12.217789110305054,1.0003895177531534,3446.069577858561,2608.2306224122326,2840.6612784632653,0.13312237656614614,8.0519230872233,nan,400,checks_passed
10,compact_aligned,particle_beta_1,4,1500,12.558554054422313,1.0001010994100505,3130.0471110382587,2965.401882745388,2649.482901240339,0.1430963037290418,7.31351994730385,nan,400,checks_passed
10,compact_aligned,particle_beta_2,4,1500,12.316519360745128,1.0014842163463433,2878.760748302116,2798.875505482037,2394.3190898917946,0.14742122103728914,6.726376124491994,nan,400,checks_passed
10,compact_aligned,particle_beta_3,4,1500,12.349288976654915,1.0002504892355615,2924.887506943044,2613.712608066823,2362.703843328648,0.14844663293590404,6.83415372574126,nan,400,checks_passed
10,compact_aligned,particle_beta_4,4,1500,12.492741651339582,1.0001196469095048,3202.397757453966,2582.2383705659695,2537.996131406576,0.14364699487310947,7.482571043658142,nan,400,checks_passed
10,compact_aligned,particle_beta_5,4,1500,12.3708992960206,1.0015620548248807,3255.733694640955,2945.2077008167753,2803.9647314833746,0.13545885014811504,7.607193270317153,nan,400,checks_passed
10,compact_aligned,particle_beta_6,4,1500,12.270845769392375,1.0031792481862187,2931.6571396380655,2994.70587739943,2457.093252468901,0.146797253541863,6.849971329117375,nan,400,checks_passed
10,compact_aligned,particle_beta_7,4,1500,14.704373859785662,1.0004417088051023,2574.86558056284,2223.434562230236,2054.3027697488556,0.19898252168136338,6.016309057669727,nan,400,checks_passed
10,compact_aligned,particle_beta_8,4,1500,14.59852064036293,1.0011795720948062,2489.947673502413,2293.6367222370395,2008.3106823352198,0.20088235277235442,5.817893894850111,nan,400,checks_passed
10,compact_aligned,particle_beta_9,4,1500,14.54298400763278,1.0011143674512504,2138.1609221563654,1585.7730447664128,1532.8740783140572,0.23104277019201522,4.995925620285348,nan,400,checks_passed
10,compact_aligned,particle_beta_10,4,1500,14.87918497237047,1.000599494844254,2450.569308922125,1945.880665595718,1907.7904015619308,0.20917439251261025,5.725884271789003,nan,400,checks_passed
10,compact_aligned,particle_beta_11,4,1500,14.64282999705446,1.0005761851226214,2267.7699658831357,1735.6159676513764,1574.8543528223765,0.22690129933211628,5.298763977990541,nan,400,checks_passed
10,compact_aligned,particle_beta_12,4,1500,14.909274702857347,1.0030382264424798,2098.0561721062973,1586.1606446176052,1615.474901439457,0.2371462349289724,4.90221875931241,nan,400,checks_passed
10,compact_aligned,particle_beta_13,4,1500,14.191370511537572,1.0012265366588315,2541.5558912667966,1981.0995261740563,1977.0038080678605,0.2007224052866759,5.938479214072166,nan,400,checks_passed
10,compact_aligned,particle_beta_14,4,1500,14.49104265861477,1.0010471650084243,2374.662373607157,1686.3770103918273,1836.5391783461362,0.212166524010305,5.5485237190973296,nan,400,checks_passed
10,compact_aligned,particle_beta_15,4,1500,14.066521083222927,1.0013593910267908,2483.0829364371584,2178.432225426968,1917.705606096259,0.1988600551302655,5.80185407510341,nan,400,checks_passed
10,compact_aligned,particle_beta_16,4,1500,14.21186349945155,1.0009573966875467,2304.619707874945,1639.9942891193348,1725.3718248092623,0.21376952875142896,5.384865341180792,nan,400,checks_passed
10,compact_aligned,particle_beta_17,4,1500,14.168071244576723,1.004006853293772,2075.5693140809635,1644.4836255419082,1473.5644242327237,0.239379694443234,4.84967703106158,nan,400,checks_passed
10,compact_aligned,particle_beta_18,4,1500,13.822014959851149,1.0007744762638155,2751.533770097565,1914.8178276870863,2064.2388077441196,0.18934203036701758,6.429103588352584,nan,400,checks_passed
10,compact_aligned,particle_beta_19,4,1500,11.190040495313951,1.0006330868355797,3818.5005659614394,3823.014886589286,3589.354110337669,0.10494972804867299,8.922127708386649,nan,400,checks_passed
10,compact_aligned,particle_beta_20,4,1500,11.077583424578442,1.0006861968196936,3807.0875571886177,3409.922432074461,3253.1223746035125,0.10885930777090626,8.895460612219173,nan,400,checks_passed
10,compact_aligned,particle_beta_21,4,1500,10.930444271563955,1.0003568140764973,4086.680956910734,4393.557032232083,3750.9647280576087,0.09809189536536371,9.548745317995987,nan,400,checks_passed
10,compact_aligned,particle_beta_22,4,1500,10.96605535197143,0.9999591842546885,3983.3930156213773,4018.0336401347986,3607.4710329128743,0.1010629919920218,9.30740760257576,nan,400,checks_passed
10,compact_aligned,particle_beta_23,4,1500,11.077517387069122,1.0007432901554492,3960.6550855852506,3644.486239367637,3585.1218611834825,0.10344534460709204,9.254279231346723,nan,400,checks_passed
10,compact_aligned,particle_beta_24,4,1500,11.031710107811312,1.000056461867175,3951.250860975791,3903.357074482601,3635.0859340758407,0.10120046982014043,9.232305765187808,nan,400,checks_passed
10,compact_aligned,particle_beta_25,4,1500,10.377529429632602,1.0007198119894467,4047.5183381086817,3844.9700154099405,3743.0205770058014,0.09518188651972423,9.457239796309938,nan,400,checks_passed
10,compact_aligned,particle_beta_26,4,1500,10.204801871951156,1.000263717239066,3832.2658579301333,3983.857477012988,3625.50725486926,0.0927163577864781,8.95429103814564,nan,400,checks_passed
10,compact_tilted40,energy_kBT,4,1500,-584.0260682777564,1.0002673039915635,1660.3775203234022,2800.741463179949,1639.65735695341,0.14663887243184667,3.829796704637663,nan,400,checks_passed
10,compact_tilted40,local_beta_deg,4,1500,26.380005423620958,1.013897485969731,318.07470245418364,855.8963658321348,310.33060493224133,0.18364997241579178,0.7336653456078884,0.25,400,"high_rhat,low_ess"
10,compact_tilted40,magnetization,4,1500,0.8352189648723409,1.0127465108640141,436.5868496317946,1391.8693420942827,424.831731116453,0.0009905990028763452,1.0070233170118519,0.002,400,high_rhat
10,compact_tilted40,abs_muB,4,1500,0.8352206188746835,1.0127266494800873,436.6376978139415,1391.8693420942827,424.8785553935911,0.0009903077387266972,1.0071406025074932,nan,400,high_rhat
10,compact_tilted40,particle_muB_0,4,1500,0.7936517012987578,1.0128998879596152,377.712368009876,496.3549209994227,282.0285411125642,0.008566452634505103,0.8712245044267736,nan,400,"high_rhat,low_ess"
10,compact_tilted40,particle_muB_1,4,1500,0.8444385840871218,1.0042315256610628,889.7342585015081,722.1526390379345,640.1406530882571,0.004008267600467527,2.0522449199074977,nan,400,checks_passed
10,compact_tilted40,particle_muB_2,4,1500,0.8221767693058247,1.001491080543806,1380.4055117977514,2321.05477875568,1344.3911023204032,0.0026482867234580896,3.1840183424773034,nan,400,checks_passed
10,compact_tilted40,particle_muB_3,4,1500,0.8239247133680474,1.0009961580021627,1570.3547250104414,3286.387229004752,1588.2455772596816,0.0023730857611472707,3.622151756057116,nan,400,checks_passed
10,compact_tilted40,particle_muB_4,4,1500,0.841542105230611,1.006873427345694,529.2138797518827,496.09054840944765,386.63509687881736,0.005591914619675584,1.2206751464133914,nan,400,low_ess
10,compact_tilted40,particle_muB_5,4,1500,0.8200758412298161,1.0046411941650424,628.6918324235671,795.6095465777935,506.39303768275363,0.0051332240667257565,1.450129189643218,nan,400,checks_passed
10,compact_tilted40,particle_muB_6,4,1500,0.819538895478734,1.007833443043042,489.97465862465697,487.2158386902222,368.7856044023571,0.006159110969103557,1.1301666699216553,nan,400,low_ess
10,compact_tilted40,particle_muB_7,4,1500,0.8346643668278212,1.0032601116039432,813.1700918878341,1573.8065129802726,704.1352659468325,0.0036820887663750533,1.8756434004330205,nan,400,checks_passed
10,compact_tilted40,particle_muB_8,4,1500,0.8373049944459408,1.0039463392162693,891.9025309348891,1505.7768645210986,777.5752741132891,0.003442073588379,2.057246217816242,nan,400,checks_passed
10,compact_tilted40,particle_muB_9,4,1500,0.7943022552863792,1.0028180880656132,1650.162246805338,1777.5089941527494,1419.4730161919804,0.00276060637334177,3.8062343398274994,nan,400,checks_passed
10,compact_tilted40,particle_muB_10,4,1500,0.7917514857963943,1.0019228720422815,1179.2981765781951,1125.0534231362317,1005.4625852076931,0.0033765168368826938,2.720147806846165,nan,400,checks_passed
10,compact_tilted40,particle_muB_11,4,1500,0.8524648423862558,1.0028104010418268,955.667056737407,654.0660144128765,675.5049959473344,0.003937191983491616,2.204324317707465,nan,400,checks_passed
10,compact_tilted40,particle_muB_12,4,1500,0.8496821891022176,1.0147340201791812,423.6686087127471,357.28457675286023,283.8506276705048,0.006602913751530589,0.9772263365686046,nan,400,"high_rhat,low_ess"
10,compact_tilted40,particle_muB_13,4,1500,0.8259300655272271,1.0004354448992538,1622.8397760530643,1959.1272981116228,1395.5312171039895,0.002583866860853171,3.743212823835621,nan,400,checks_passed
10,compact_tilted40,particle_muB_14,4,1500,0.8666063530356107,1.0015569258620989,1422.0787506070255,2784.8639214174823,1324.9698710605633,0.0022488690736277143,3.2801410800534243,nan,400,checks_passed
10,compact_tilted40,particle_muB_15,4,1500,0.8263355978021326,1.0031981167744823,1665.673618545639,2581.5367549498915,1561.960703594007,0.002411515808289971,3.842012588839112,nan,400,checks_passed
10,compact_tilted40,particle_muB_16,4,1500,0.8665745450041904,1.0024508983601408,1411.9544878145307,2000.9802289909776,1248.206177261239,0.002336633853839852,3.256788638933871,nan,400,checks_passed
10,compact_tilted40,particle_muB_17,4,1500,0.8246609087098186,1.002436967871747,1477.3797049502107,2112.996030535307,1406.5121871332892,0.0025764868699299074,3.407697259364739,nan,400,checks_passed
10,compact_tilted40,particle_muB_18,4,1500,0.8189779276645258,1.0067110876553265,724.7813221251299,468.007052172084,496.20620098027973,0.004769549347477054,1.6717674655804167,nan,400,checks_passed
10,compact_tilted40,particle_muB_19,4,1500,0.8562080866970003,1.0017840439789734,1691.964495060722,2097.699607232376,1513.321237854127,0.0020675638244914718,3.9026546482545443,nan,400,checks_passed
10,compact_tilted40,particle_muB_20,4,1500,0.8514489472287858,1.0021847121225038,1137.4381038350648,1700.4134419187592,1047.6137031168817,0.00262077696338096,2.6235941215033836,nan,400,checks_passed
10,compact_tilted40,particle_muB_21,4,1500,0.8592481679660433,1.000301405078796,1916.9686145073028,3426.6149158529283,1963.35972241016,0.0017825185141198572,4.421645073407116,nan,400,checks_passed
10,compact_tilted40,particle_muB_22,4,1500,0.8605258498496414,1.0037409490345344,1850.4070993249654,3195.7677865995556,1857.620526950604,0.0018460425623996319,4.268115488489974,nan,400,checks_passed
10,compact_tilted40,particle_muB_23,4,1500,0.8418281484484105,1.004056369539135,1200.1957287981681,3806.9811014566462,1278.8864830055943,0.0024159855200834176,2.768349722162061,nan,400,checks_passed
10,compact_tilted40,particle_muB_24,4,1500,0.8382756022052588,1.0075019639393927,1103.7542524769333,1733.9121661804754,1034.2112436111197,0.002767996294924009,2.5458995602654366,nan,400,checks_passed
10,compact_tilted40,particle_muB_25,4,1500,0.8438295953105405,1.0020716299191443,2339.5475510017623,3624.748003335301,2355.184663168732,0.0015670632541812633,5.396357991780369,nan,400,checks_passed
10,compact_tilted40,particle_muB_26,4,1500,0.8449435122600975,1.000682444070952,2525.28800336347,3793.5099761168876,2610.081377568382,0.0014658511204945525,5.8247835538382216,nan,400,checks_passed
10,compact_tilted40,particle_beta_0,4,1500,36.93913371598468,1.0357381758196762,213.8606148068969,336.0038002686965,169.64578858911537,2.144349571173735,0.49328701925554147,nan,400,"high_rhat,low_ess"
10,compact_tilted40,particle_beta_1,4,1500,30.13679985208699,1.0151594847891772,258.1178756837704,611.8191743501832,218.05867079476351,1.4354463146475156,0.5953700153138871,nan,400,"high_rhat,low_ess"
10,compact_tilted40,particle_beta_2,4,1500,27.87315479538503,1.0274970826990384,236.3594480391163,515.265746131218,182.57318260059745,1.589539659071282,0.5451824203412916,nan,400,"high_rhat,low_ess"
10,compact_tilted40,particle_beta_3,4,1500,29.32394541971794,1.0164626389819995,202.60382714654006,700.5113155802042,169.92177494310738,1.665040727181958,0.4673223167955591,nan,400,"high_rhat,low_ess"
10,compact_tilted40,particle_beta_4,4,1500,31.504999777746125,1.0264262789988587,269.62425379394597,619.7605058866203,231.04649834978952,1.4322919889243626,0.6219104185831882,nan,400,"high_rhat,low_ess"
10,compact_tilted40,particle_beta_5,4,1500,28.3821405413287,1.004101032591809,295.1313521067524,369.97399221927765,225.06591537772934,1.3660972296229497,0.6807446293982249,nan,400,low_ess
10,compact_tilted40,particle_beta_6,4,1500,27.7998619638351,1.0077013452970416,290.4438886323902,307.96149894056026,202.1792037408073,1.4401603752087913,0.669932611078605,nan,400,low_ess
10,compact_tilted40,particle_beta_7,4,1500,39.41673029789087,1.0243381542842782,197.09005185040655,768.4901004105255,182.59438206829495,1.6875504850642116,0.4546043425994668,nan,400,"high_rhat,low_ess"
10,compact_tilted40,particle_beta_8,4,1500,37.05194287009545,1.034265464947484,226.98707386989958,702.9135399331576,204.95301331889536,1.565704554927741,0.5235642718970113,nan,400,"high_rhat,low_ess"
10,compact_tilted40,particle_beta_9,4,1500,19.650911679312333,1.0075905157266791,329.7705312003451,134.04102638845086,147.8835012101947,1.4138046298607683,0.7606427322815715,nan,400,low_ess
10,compact_tilted40,particle_beta_10,4,1500,19.72270059877094,1.0073329989174857,329.93518337296314,145.02808835963597,158.8084456615141,1.4230137843857766,0.7610225159996631,nan,400,low_ess
10,compact_tilted40,particle_beta_11,4,1500,28.225494548894417,1.0056160424542664,412.7183000053713,406.53179136590626,298.5860077979728,1.1501659842204426,0.9519685529085943,nan,400,low_ess
10,compact_tilted40,particle_beta_12,4,1500,29.888430577141616,1.006120948281743,274.7948176141502,187.61093268017345,191.2910613541633,1.5511345724524,0.6338367474074184,nan,400,low_ess
10,compact_tilted40,particle_beta_13,4,1500,21.536484822556062,1.0039448616723818,401.80606862310646,201.81627387392217,214.5840826866742,1.1545318844038144,0.9267985977167765,nan,400,low_ess
10,compact_tilted40,particle_beta_14,4,1500,41.01721693167948,1.0080818610740698,545.6806258380168,1396.8215572078984,524.7259896461087,0.8493788654226953,1.258657044581043,nan,400,checks_passed
10,compact_tilted40,particle_beta_15,4,1500,21.802327981997173,1.0047756696289796,408.03250345356867,249.32964165096425,243.14384558748583,1.0582798107723832,0.9411603794823479,nan,400,low_ess
10,compact_tilted40,particle_beta_16,4,1500,42.01737163414698,1.0105350514685085,474.2696608136712,1314.6859020299632,450.333277599489,0.9198762779904025,1.0939418065236373,nan,400,high_rhat
10,compact_tilted40,particle_beta_17,4,1500,20.941532553223905,1.0063109539741941,309.3151737385449,159.55093517298332,156.96923669721718,1.3002516190383113,0.7134607753829205,nan,400,low_ess
10,compact_tilted40,particle_beta_18,4,1500,21.98842092757864,1.0105221811654557,314.51282166866105,137.9942291638722,152.11797911001602,1.4423155713695799,0.725449575924347,nan,400,"high_rhat,low_ess"
10,compact_tilted40,particle_beta_19,4,1500,20.831286445385096,1.0035635260617173,638.2769034964424,547.5352718260389,464.0695840832276,0.6126582997907096,1.472237940911704,nan,400,checks_passed
10,compact_tilted40,particle_beta_20,4,1500,20.87454835217145,1.0045683580788798,634.7649156493798,513.120531638283,462.4432342789927,0.6096251570506181,1.4641372533760235,nan,400,checks_passed
10,compact_tilted40,particle_beta_21,4,1500,22.213721102490773,1.0044225707221357,741.2665630327741,843.3866867001454,586.6596471562603,0.6256363425396563,1.709792023568263,nan,400,checks_passed
10,compact_tilted40,particle_beta_22,4,1500,22.50339335590578,1.0081293430223242,653.1001925761873,666.720655014603,512.0080027239636,0.6803201958701728,1.5064290709255823,nan,400,checks_passed
10,compact_tilted40,particle_beta_23,4,1500,19.503203749330144,1.0094706413415524,504.44524607356425,567.7067312612642,389.4830329145825,0.6834998639108085,1.1635442647443086,nan,400,low_ess
10,compact_tilted40,particle_beta_24,4,1500,20.815996772717437,1.0036794496484498,518.6443241968389,634.9469728135335,375.897542426318,0.7793510490360435,1.1962956010758303,nan,400,low_ess
10,compact_tilted40,particle_beta_25,4,1500,15.17216572928331,1.0015965175651498,1895.4875300097458,1491.0414704419597,1447.468282932537,0.23051243123748566,4.372097193112541,nan,400,checks_passed
10,compact_tilted40,particle_beta_26,4,1500,15.126229441109508,1.0009503187001516,2242.6553453926294,2194.829796014281,1908.3470261501436,0.20006841296734032,5.1728681858748695,nan,400,checks_passed
10,expanded_aligned,energy_kBT,4,1500,-613.4163846774167,1.0016902670648384,2780.595178537121,3831.957160402682,2738.305803229351,0.10880413663577149,6.693286140488321,nan,400,checks_passed
10,expanded_aligned,local_beta_deg,4,1500,12.657055451424899,1.001136838030113,2541.106773269595,3624.2932259203662,2508.9334811341378,0.028245041858070783,6.1168036535165555,0.25,400,checks_passed
10,expanded_aligned,magnetization,4,1500,0.9671393966956099,1.0013922469532843,1990.4795782183844,2486.9221485677554,1825.8598774601896,0.00019182776905035608,4.791366063154631,0.002,400,checks_passed
10,expanded_aligned,abs_muB,4,1500,0.9671393966956099,1.0013922469532843,1990.4795782183844,2486.9221485677554,1825.8598774601896,0.00019182776905035608,4.791366063154631,nan,400,checks_passed
10,expanded_aligned,particle_muB_0,4,1500,0.9692735260072667,1.0019065198020225,3238.42776262677,2798.792936836636,2016.5280080823607,0.0008642999870996962,7.795353968773701,nan,400,checks_passed
10,expanded_aligned,particle_muB_1,4,1500,0.970596083287083,1.0008079774855423,3421.377040913214,2927.8219938420457,2562.4824750618536,0.0006967727446497953,8.235738774954378,nan,400,checks_passed
10,expanded_aligned,particle_muB_2,4,1500,0.9690483405980579,1.000871515312689,2981.185230439667,2894.0809110535256,2319.583770004034,0.0007786274369676338,7.176134785513123,nan,400,checks_passed
10,expanded_aligned,particle_muB_3,4,1500,0.9700524447466912,1.0010263900032876,3245.6562162507457,2873.271412402787,2521.436687917885,0.0007119862260063305,7.812753879710745,nan,400,checks_passed
10,expanded_aligned,particle_muB_4,4,1500,0.9704542346220753,1.000991996512206,3335.42686159255,2835.10732199982,2044.914644392243,0.0008582987052296429,8.028844528549856,nan,400,checks_passed
10,expanded_aligned,particle_muB_5,4,1500,0.9687755209044274,1.0000976690606167,3042.439782631224,2511.6754970102365,1856.6214050643018,0.0008832559933210951,7.323583162173714,nan,400,checks_passed
10,expanded_aligned,particle_muB_6,4,1500,0.9692739955791926,1.0003419537134584,3367.999266799804,3242.882991444901,2573.452354380767,0.0007521163001441862,8.107250917951273,nan,400,checks_passed
10,expanded_aligned,particle_muB_7,4,1500,0.957160540238829,1.002884164392312,2481.340050786373,1871.0504063971525,1468.0504129655908,0.0015072885127850831,5.972936693540806,nan,400,checks_passed
10,expanded_aligned,particle_muB_8,4,1500,0.9573124396216387,1.0015826677099373,2377.795633023365,1589.2931420824914,1128.3814780697223,0.0017036726727472761,5.723690625041654,nan,400,checks_passed
10,expanded_aligned,particle_muB_9,4,1500,0.9600922276665315,1.000954425021006,2819.2622047899085,2209.5460130675956,1925.6710383430031,0.001181459576436048,6.786363145335838,nan,400,checks_passed
10,expanded_aligned,particle_muB_10,4,1500,0.9572491860937683,1.0007022936466976,2462.53630552906,2095.279955204812,1207.116440387754,0.0017498860646298663,5.927673417357517,nan,400,checks_passed
10,expanded_aligned,particle_muB_11,4,1500,0.9593497807042504,1.0011451264967157,2764.174027227078,2291.960928655349,1750.1171098728166,0.0012827735049088357,6.653758105151586,nan,400,checks_passed
10,expanded_aligned,particle_muB_12,4,1500,0.960830712518907,1.0021099290953903,2782.5410746118905,2061.138757226661,1739.6597192798652,0.0012488653467681503,6.697970187748641,nan,400,checks_passed
10,expanded_aligned,particle_muB_13,4,1500,0.9616027468821284,1.0003222497107789,2629.4133666592543,2080.044011998283,1699.8649885354268,0.001251578955936161,6.329370122095309,nan,400,checks_passed
10,expanded_aligned,particle_muB_14,4,1500,0.9613606841986035,0.9999209660814644,2730.4524467681404,2062.2875951726683,1467.906741891064,0.0013283822101756437,6.57258548827324,nan,400,checks_passed
10,expanded_aligned,particle_muB_15,4,1500,0.9604460568442051,1.0025637933595428,2797.0443195171124,2033.859932790972,1699.7280061049125,0.0013748420639052065,6.732881550922083,nan,400,checks_passed
10,expanded_aligned,particle_muB_16,4,1500,0.9618700709531577,1.0000982738256887,2666.273953652417,2466.959325442522,1644.174401403034,0.001323432944301559,6.418098771974289,nan,400,checks_passed
10,expanded_aligned,particle_muB_17,4,1500,0.9643800184408069,1.000478621963091,3116.418747203841,2720.7031335586594,2160.410094410186,0.0009367348927798149,7.501661000358733,nan,400,checks_passed
10,expanded_aligned,particle_muB_18,4,1500,0.9597298019337833,1.001285450977876,2142.759932786703,1415.1328980238075,1011.0473165323796,0.0018506147829348645,5.157926429283513,nan,400,checks_passed
10,expanded_aligned,particle_muB_19,4,1500,0.9742753872284116,1.0013383019022204,3775.336189330976,3555.097526876576,3026.7007996423945,0.000528622817288014,9.08776854206707,nan,400,checks_passed
10,expanded_aligned,particle_muB_20,4,1500,0.9747113979537801,1.0005279661931996,3674.760769019384,3440.0741449503375,3003.99223486158,0.0005313333099180545,8.845669270644349,nan,400,checks_passed
10,expanded_aligned,particle_muB_21,4,1500,0.9745160249842197,1.0000586709893755,3397.0368682425074,3422.104901282135,2701.5500297883896,0.000566845511481325,8.177148534400324,nan,400,checks_passed
10,expanded_aligned,particle_muB_22,4,1500,0.9746870712783405,1.0019215382984092,3447.774737399866,3082.8088512522427,2471.028046941256,0.000603124839110826,8.299281766540762,nan,400,checks_passed
10,expanded_aligned,particle_muB_23,4,1500,0.9748222370305463,0.9998380149135077,3789.330014664446,3387.774104447979,2495.255745711634,0.0005970539279327732,9.121453660231666,nan,400,checks_passed
10,expanded_aligned,particle_muB_24,4,1500,0.9742856408926301,1.000449318992184,3785.4479087670557,3327.4375729308067,2846.3361980694926,0.000538063500127025,9.11210888189087,nan,400,checks_passed
10,expanded_aligned,particle_muB_25,4,1500,0.978467043660146,1.00007957083468,4024.6162848106796,4155.788270911623,3696.2644578879167,0.00037903219744470914,9.687821013226035,nan,400,checks_passed
10,expanded_aligned,particle_muB_26,4,1500,0.9781404959119897,1.0007119978078114,4082.077680906742,3712.1544583864743,3467.31797088518,0.00039467585867612905,9.82613872630832,nan,400,checks_passed
10,expanded_aligned,particle_beta_0,4,1500,12.324668280394544,1.001897146459442,3238.42776262677,2798.7929368366354,2630.2941731166993,0.14149163872246026,7.795353968773701,nan,400,checks_passed
10,expanded_aligned,particle_beta_1,4,1500,12.146401404009843,1.0008079774855423,3421.377040913214,2927.8219938420457,2961.007611317914,0.12722407187416898,8.235738774954378,nan,400,checks_passed
10,expanded_aligned,particle_beta_2,4,1500,12.397340637969887,1.0007830402385702,2981.185230439667,2894.0809110535256,2614.8550039379174,0.14132456843232535,7.176134785513123,nan,400,checks_passed
10,expanded_aligned,particle_beta_3,4,1500,12.217389778954962,1.0010263900032876,3245.6562162507466,2873.2714124027893,2822.2155736644763,0.13288472365119894,7.812753879710747,nan,400,checks_passed
10,expanded_aligned,particle_beta_4,4,1500,12.094196148243025,1.000991996512206,3335.426861592551,2835.10732199982,2592.6292385609004,0.13954540975410107,8.02884452854986,nan,400,checks_passed
10,expanded_aligned,particle_beta_5,4,1500,12.461959852468203,1.000040903223162,3042.439782631229,2511.6754970102365,2340.908152734284,0.14973581271756833,7.323583162173726,nan,400,checks_passed
10,expanded_aligned,particle_beta_6,4,1500,12.306114381326795,1.0003419537134584,3367.999266799803,3242.8829914448993,2950.667681852181,0.1340746785228743,8.107250917951271,nan,400,checks_passed
10,expanded_aligned,particle_beta_7,4,1500,14.407768822352534,1.002884164392312,2481.340050786375,1871.0504063971516,1831.6555892771457,0.20868598208396777,5.97293669354081,nan,400,checks_passed
10,expanded_aligned,particle_beta_8,4,1500,14.423077740137028,1.0016935076276994,2377.795633023364,1589.2931420824914,1581.5626686905127,0.22243248810382157,5.723690625041653,nan,400,checks_passed
10,expanded_aligned,particle_beta_9,4,1500,13.93450247708589,1.0008276255242985,2819.262204789909,2209.5460130675947,2260.8064908503356,0.179472145070304,6.786363145335839,nan,400,checks_passed
10,expanded_aligned,particle_beta_10,4,1500,14.363743839442584,1.0007022936466976,2462.5363055290577,2095.279955204812,1712.9119763493109,0.21750078466589684,5.927673417357512,nan,400,checks_passed
10,expanded_aligned,particle_beta_11,4,1500,14.09027640770983,1.0012191117288465,2764.174027227078,2291.960928655349,2157.669849114988,0.18477559842928,6.653758105151586,nan,400,checks_passed
10,expanded_aligned,particle_beta_12,4,1500,13.850569228080712,1.0020173087216038,2782.541074611891,2061.13875722666,2149.7078946703596,0.1808348696431893,6.697970187748642,nan,400,checks_passed
10,expanded_aligned,particle_beta_13,4,1500,13.680991394799387,1.0003222497107789,2629.4133666592534,2080.044011998287,2062.828866219094,0.18389926061825265,6.329370122095306,nan,400,checks_passed
10,expanded_aligned,particle_beta_14,4,1500,13.716525614079238,0.9998860319666404,2730.452446768136,2062.2875951726683,2002.9693338828522,0.18737313309979858,6.572585488273229,nan,400,checks_passed
10,expanded_aligned,particle_beta_15,4,1500,13.74940969224018,1.0025838338270043,2797.0443195171124,2033.85993279097,2075.2845985826875,0.19174669177127468,6.732881550922083,nan,400,checks_passed
10,expanded_aligned,particle_beta_16,4,1500,13.56806494696237,1.0000982738256887,2666.273953652417,2466.959325442522,2068.331123956862,0.18581323189642246,6.418098771974289,nan,400,checks_passed
10,expanded_aligned,particle_beta_17,4,1500,13.276330810765987,1.000478621963091,3116.418747203841,2720.7031335586594,2604.8182923206964,0.1533427629756778,7.501661000358733,nan,400,checks_passed
10,expanded_aligned,particle_beta_18,4,1500,13.76486995792049,1.001285450977876,2142.759932786703,1415.132898023807,1363.124983451116,0.24367589899809128,5.157926429283513,nan,400,checks_passed
10,expanded_aligned,particle_beta_19,4,1500,11.396731123995329,1.0013383019022204,3775.336189330973,3555.097526876576,3392.1080124578375,0.10955867560429221,9.087768542067062,nan,400,checks_passed
10,expanded_aligned,particle_beta_20,4,1500,11.275793832896651,1.0002767086557698,3674.760769019386,3440.0741449503375,3331.891024906679,0.11035101678928858,8.845669270644354,nan,400,checks_passed
10,expanded_aligned,particle_beta_21,4,1500,11.315672292654625,1.0001868732692227,3397.0368682425055,3422.104901282135,3052.224564179373,0.11588708416345819,8.17714853440032,nan,400,checks_passed
10,expanded_aligned,particle_beta_22,4,1500,11.297994907545222,1.0019215382984092,3447.7747373998645,3082.8088512522427,2957.1168326529228,0.11674975518433595,8.299281766540759,nan,400,checks_passed
10,expanded_aligned,particle_beta_23,4,1500,11.22192400974649,0.999873319769974,3789.330014664446,3387.774104447979,3216.996983715471,0.11303738695331209,9.121453660231666,nan,400,checks_passed
10,expanded_aligned,particle_beta_24,4,1500,11.404927646132853,1.000449318992184,3785.4479087670525,3327.4375729308067,3307.12443522728,0.11057253739821764,9.112108881890864,nan,400,checks_passed
10,expanded_aligned,particle_beta_25,4,1500,10.483100410240812,0.9999970519076773,4024.6162848106787,4155.788270911623,3845.8508801339326,0.09206552845891007,9.687821013226033,nan,400,checks_passed
10,expanded_aligned,particle_beta_26,4,1500,10.570151550316778,1.0006673061016838,4082.077680906742,3712.1544583864743,3787.475058391831,0.09325082996423616,9.82613872630832,nan,400,checks_passed
10,expanded_tilted,energy_kBT,4,1500,-548.7810463107428,1.000405001940932,1272.7956142622072,2819.846783830221,1251.4779810637067,0.16658048023694882,2.931679497566685,nan,400,checks_passed
10,expanded_tilted,local_beta_deg,4,1500,25.61523575950214,1.0047225432686115,527.5162439560014,944.1075104495815,515.3308040748924,0.13548245395517675,1.2150486218760654,0.25,400,checks_passed
10,expanded_tilted,magnetization,4,1500,0.8486659902175866,1.0032499502650691,1049.9750215377144,1941.1613825772276,1030.081616631468,0.0005579407007811436,2.4184481853228017,0.002,400,checks_passed
10,expanded_tilted,abs_muB,4,1500,0.8486812182305381,1.0033455727834995,1056.6130824862094,1913.5439348402235,1036.695914354987,0.0005557537582975659,2.4337378885306347,nan,400,checks_passed
10,expanded_tilted,particle_muB_0,4,1500,0.8366900127477297,1.000211546256553,717.376808286089,617.812468915484,526.0751086071845,0.00498571159789603,1.652361822523449,nan,400,checks_passed
10,expanded_tilted,particle_muB_1,4,1500,0.8651125390226229,1.0017873738762386,1499.966145210556,1258.294410291393,1120.6191944389038,0.002476343129606569,3.454930191212941,nan,400,checks_passed
10,expanded_tilted,particle_muB_2,4,1500,0.8363330345728217,1.001326320229514,1539.745956935488,2186.644186393922,1146.5139241845031,0.0029275835029500597,3.5465565742270333,nan,400,checks_passed
10,expanded_tilted,particle_muB_3,4,1500,0.839937729495701,1.0005112232069544,2105.059846945777,3618.473897698399,2086.4233588363713,0.001897195808813328,4.8486659800592635,nan,400,checks_passed
10,expanded_tilted,particle_muB_4,4,1500,0.861610089775089,1.000932820939011,1628.9184661765087,1845.0074280993667,1430.544022284176,0.0023012096906375587,3.7519510728873815,nan,400,checks_passed
10,expanded_tilted,particle_muB_5,4,1500,0.8412300016555294,1.0019489466634268,985.1155180911085,990.0523843911327,797.2687839004858,0.003650709633873057,2.2690547757713464,nan,400,checks_passed
10,expanded_tilted,particle_muB_6,4,1500,0.8437911606942193,1.0010867223777982,881.9002563245,1007.1302405931998,736.5894303089759,0.003761087234625803,2.0313150606384123,nan,400,checks_passed
10,expanded_tilted,particle_muB_7,4,1500,0.8498747963872253,1.0004171330252005,1184.286334332263,2152.1857834587177,1093.1280898369903,0.002646777823314795,2.727812640698688,nan,400,checks_passed
10,expanded_tilted,particle_muB_8,4,1500,0.845575589275044,1.0041014659045533,1406.791249433444,2826.4021610051163,1270.154177439475,0.002491726402541568,3.240316840430763,nan,400,checks_passed
10,expanded_tilted,particle_muB_9,4,1500,0.8128120839354407,1.0024421981354503,1599.300657360199,2150.944951039564,1421.9712598837093,0.0026501263686639913,3.683731225256969,nan,400,checks_passed
10,expanded_tilted,particle_muB_10,4,1500,0.8065837644626991,1.0021061079605031,1363.1087642315945,1203.8253565739215,1158.3233802433977,0.0031532953864603953,3.139701278250927,nan,400,checks_passed
10,expanded_tilted,particle_muB_11,4,1500,0.8642657851122875,1.0006336901232453,1320.5438843937604,1133.7472826582052,1077.9654686585764,0.0028256988504808474,3.0416599398469586,nan,400,checks_passed
10,expanded_tilted,particle_muB_12,4,1500,0.8678733144906576,1.0010732931689343,1605.070209077862,1236.690543006448,1222.0492465571474,0.0025699516054571796,3.697020457472487,nan,400,checks_passed
10,expanded_tilted,particle_muB_13,4,1500,0.8398945103414325,1.0006338796024477,1567.5082956112287,1546.100356326838,1352.35913080317,0.002529531363999447,3.6105026455272164,nan,400,checks_passed
10,expanded_tilted,particle_muB_14,4,1500,0.8665432522413421,1.0018743560142684,1477.3204091196217,2148.147733830542,1292.5844479706077,0.002375965023375442,3.402769389069085,nan,400,checks_passed
10,expanded_tilted,particle_muB_15,4,1500,0.8427209605040273,1.0000482741017398,2272.1666629906204,2921.018077853202,2237.466850177275,0.0018587734711636994,5.233569589886907,nan,400,checks_passed
10,expanded_tilted,particle_muB_16,4,1500,0.8716423260761156,1.000791494452899,1608.4194531276482,2275.556221874637,1453.958790580419,0.002115451703433613,3.70473490117663,nan,400,checks_passed
10,expanded_tilted,particle_muB_17,4,1500,0.8385453884766372,1.0011103210566692,1995.9036984793713,2614.8527130220955,1932.466181685503,0.002067378892961278,4.597242390202062,nan,400,checks_passed
10,expanded_tilted,particle_muB_18,4,1500,0.8318124602972593,1.000755105929997,1329.885304614882,1262.743735173387,1140.5949872007927,0.002861021530933678,3.063176395304178,nan,400,checks_passed
10,expanded_tilted,particle_muB_19,4,1500,0.8597387780944603,1.0014825619207628,2034.769042836252,2882.732373794895,1937.0115640850786,0.001808645706999009,4.686762445064118,nan,400,checks_passed
10,expanded_tilted,particle_muB_20,4,1500,0.8615951265502235,1.0009849299666596,2115.4599839819366,3105.84137230425,2099.4657305225883,0.0017541519726010217,4.872621019013784,nan,400,checks_passed
10,expanded_tilted,particle_muB_21,4,1500,0.8667491206133753,1.0019894112285037,2372.1397653805943,3531.2892753638685,2287.9377804945802,0.00156529077172711,5.4638415135961305,nan,400,checks_passed
10,expanded_tilted,particle_muB_22,4,1500,0.863541453533502,1.0007567438390976,2042.4694625207171,3939.2404218743686,2061.3377121228264,0.0017309247699703455,4.704499120346968,nan,400,checks_passed
10,expanded_tilted,particle_muB_23,4,1500,0.8509097589630767,1.0013065566831585,2150.759608953202,3575.4226152008177,2112.838365470672,0.0017908984858306938,4.95392801413573,nan,400,checks_passed
10,expanded_tilted,particle_muB_24,4,1500,0.8507050986046243,1.0007232614247192,1922.710187846459,3610.1163937197766,2104.306407492487,0.0017505159070908014,4.428652938704131,nan,400,checks_passed
10,expanded_tilted,particle_muB_25,4,1500,0.8471108746466705,1.0000769674434031,2836.329194440875,4228.893579704696,2887.0556161535337,0.0014457020698041432,6.5330270268979245,nan,400,checks_passed
10,expanded_tilted,particle_muB_26,4,1500,0.8507827253050227,1.0005596708931337,2462.5016864444306,3635.0259030417374,2552.103654290083,0.0014922556160040113,5.671975630633568,nan,400,checks_passed
10,expanded_tilted,particle_beta_0,4,1500,29.243065804260763,1.003527680934826,351.93642467873826,478.0721154784547,276.2167973471274,1.2704892961854521,0.8106288151186434,nan,400,low_ess
10,expanded_tilted,particle_beta_1,4,1500,25.483008343931893,1.0080073143993087,725.4068080145494,708.6508948742829,529.0542454816472,0.727885079053221,1.6708576323028057,nan,400,checks_passed
10,expanded_tilted,particle_beta_2,4,1500,29.539942869483323,1.012085471212256,363.02419541063324,726.3228936744895,302.831225320441,1.203311039814072,0.8361677074311054,nan,400,"high_rhat,low_ess"
10,expanded_tilted,particle_beta_3,4,1500,27.265920209410304,1.005589775923158,429.77065826363565,875.5127600197172,340.4620899400957,1.0627643887642124,0.9899074237599298,nan,400,low_ess
10,expanded_tilted,particle_beta_4,4,1500,26.02353825243192,1.0070235732371082,544.4473135513124,637.9822332221589,434.38746101693545,0.8434641700710507,1.2540466110647854,nan,400,checks_passed
10,expanded_tilted,particle_beta_5,4,1500,26.27662182108657,1.005277076323592,573.9999959760567,427.72621810586656,399.1251296658067,0.8912690782618313,1.3221164505518923,nan,400,low_ess
10,expanded_tilted,particle_beta_6,4,1500,26.11157129474093,1.003870760228431,528.215879481556,677.188373178765,405.9076790315755,0.863482179729877,1.2166601195140634,nan,400,checks_passed
10,expanded_tilted,particle_beta_7,4,1500,36.633580304147046,1.003876013092079,380.7521389413347,944.4017742181052,351.72778880774325,1.1228584384440339,0.8770011672581209,nan,400,low_ess
10,expanded_tilted,particle_beta_8,4,1500,37.516724090359254,1.0127449789951366,343.26922179741246,1310.7179647380253,315.27661671541864,1.1996644980116316,0.790665310606442,nan,400,"high_rhat,low_ess"
10,expanded_tilted,particle_beta_9,4,1500,19.88527027340251,1.0105444508146089,317.0053706825951,149.8465920679015,157.04210611445393,1.2778983276061697,0.7301707638169431,nan,400,"high_rhat,low_ess"
10,expanded_tilted,particle_beta_10,4,1500,20.7796468692232,1.0058088463534882,630.612541571001,339.99862257632293,339.36777046790405,0.9443518842169736,1.4525143222651478,nan,400,low_ess
10,expanded_tilted,particle_beta_11,4,1500,29.348004508854306,1.0073893906504774,513.3825392510768,567.9214059644153,397.1374101143489,0.9412717047793391,1.182493911721672,nan,400,low_ess
10,expanded_tilted,particle_beta_12,4,1500,29.168070103968276,1.003530135010392,532.4287752268925,513.792214466619,401.44845673679936,0.9144239737984181,1.2263638456611308,nan,400,checks_passed
10,expanded_tilted,particle_beta_13,4,1500,21.68318705266866,1.0067941548959733,347.6463082785889,265.0948366754599,220.12076905778116,1.0534165181197652,0.8007472236427149,nan,400,low_ess
10,expanded_tilted,particle_beta_14,4,1500,41.21191425010594,1.001579015585135,530.5281412384315,1196.919697280625,510.10837758563224,0.8828521400845621,1.2219860416885902,nan,400,checks_passed
10,expanded_tilted,particle_beta_15,4,1500,21.81193423797221,1.0046025083946815,746.4191498447823,527.5948893598213,493.57753627374325,0.684855256536464,1.7192561741026726,nan,400,checks_passed
10,expanded_tilted,particle_beta_16,4,1500,39.604432096621615,1.0014990701578446,613.1216762412711,1792.9426758720008,580.6236611197775,0.8023039130762738,1.412226933852364,nan,400,checks_passed
10,expanded_tilted,particle_beta_17,4,1500,21.30682260620079,1.004195295418125,807.3379724673398,552.3876409516926,516.6522192229735,0.6429030332259192,1.8595728606918058,nan,400,checks_passed
10,expanded_tilted,particle_beta_18,4,1500,22.315611659023386,1.0145193385971398,421.2637410219212,217.4849445058608,234.20500136166166,1.0797155829233671,0.9703131113773503,nan,400,"high_rhat,low_ess"
10,expanded_tilted,particle_beta_19,4,1500,20.038546355779026,1.0023693915782286,1010.5352313697496,772.4711345794327,678.1958400022838,0.4727458952605249,2.3276049871469673,nan,400,checks_passed
10,expanded_tilted,particle_beta_20,4,1500,20.145650420793057,1.0018331149235595,1249.8794113343413,936.3212943092168,888.7685656369378,0.39581119719437013,2.8788957186685735,nan,400,checks_passed
10,expanded_tilted,particle_beta_21,4,1500,23.669201173781584,1.0025286872983428,773.0278195680761,980.4860152499347,610.1665004679379,0.624996031679514,1.7805449549652013,nan,400,checks_passed
10,expanded_tilted,particle_beta_22,4,1500,22.93264762991562,1.0044500273393435,771.9538791639679,937.8266691653582,637.9124202699345,0.5910670035799492,1.7780713063848221,nan,400,checks_passed
10,expanded_tilted,particle_beta_23,4,1500,21.106231923601367,1.0080282373703464,657.425248620059,870.6877789044867,517.6134963802697,0.6339610466430736,1.5142730702127123,nan,400,checks_passed
10,expanded_tilted,particle_beta_24,4,1500,20.40361523808446,1.0029120439908965,991.1899658709225,897.1317829592218,707.2807011574255,0.51504780885827,2.2830462869107393,nan,400,checks_passed
10,expanded_tilted,particle_beta_25,4,1500,15.95269870547081,1.000949037585966,2268.663451915929,1926.4297628024808,1825.442245623564,0.21671375695736111,5.225500507963432,nan,400,checks_passed
10,expanded_tilted,particle_beta_26,4,1500,16.15390741123891,1.000926068850234,1822.0213092478086,1658.487442009632,1448.758950967975,0.24676016308070509,4.1967323398955365,nan,400,checks_passed
