sweeps,scope,variable,chains,draws,mean,rhat_rank,ess_bulk,ess_tail,ess_mean,mcse_mean,ess_bulk_per_sec,mcse_target,ess_target,status
1,compact_aligned,energy_kBT,4,1500,-648.4893296394752,1.0096953144163372,340.81707691589327,517.0202828809491,340.994518166169,0.3107157946287828,3.217715389037274,nan,400,low_ess
1,compact_aligned,local_beta_deg,4,1500,12.82313432059591,1.0078992041167991,339.6280420127815,558.8953057822249,338.96944109997503,0.07929451456906533,3.2064894964251227,0.25,400,low_ess
1,compact_aligned,magnetization,4,1500,0.9660221474887198,1.0056069920826414,403.84366528551436,593.8244027627917,392.9504204637424,0.0004266066297712893,3.812760758097507,0.002,400,low_ess
1,compact_aligned,abs_muB,4,1500,0.9660221474887198,1.0056069920826414,403.84366528551436,593.8244027627917,392.9504204637424,0.0004266066297712893,3.812760758097507,nan,400,low_ess
1,compact_aligned,particle_muB_0,4,1500,0.9676142160699137,1.018162367691803,235.80441138482445,459.7852883595348,306.9358905915418,0.002055200090238071,2.2262719056858478,nan,400,"high_rhat,low_ess"
1,compact_aligned,particle_muB_1,4,1500,0.9692318292043526,1.0174047862352642,309.82668340981195,499.5394856602966,349.9273953378362,0.0020871533658436427,2.9251295039660072,nan,400,"high_rhat,low_ess"
1,compact_aligned,particle_muB_2,4,1500,0.9668582870268986,1.0125641751074648,325.85824743199777,484.6264441371308,385.50547323171895,0.0020234760298890302,3.0764863864653362,nan,400,"high_rhat,low_ess"
1,compact_aligned,particle_muB_3,4,1500,0.9678773464402196,1.0049288375986516,372.8270290928261,536.9733981017491,405.41877923702026,0.0018802463564624534,3.5199271110968526,nan,400,low_ess
1,compact_aligned,particle_muB_4,4,1500,0.969669143811932,1.010962397749667,364.8308559442622,431.8858767856188,316.9705626780751,0.002397015225959668,3.444433800649002,nan,400,"high_rhat,low_ess"
1,compact_aligned,particle_muB_5,4,1500,0.9714705531492303,1.0207345532753105,324.79920410369965,379.4358488269654,351.50475199733086,0.00166367288605801,3.0664877677166547,nan,400,"high_rhat,low_ess"
1,compact_aligned,particle_muB_6,4,1500,0.9670316110733856,1.0146165271351604,315.38046741043723,406.4820013850822,312.1448484134781,0.0025294614241582465,2.9775637787033937,nan,400,"high_rhat,low_ess"
1,compact_aligned,particle_muB_7,4,1500,0.959378616086016,1.0126032509585519,362.84520531928496,446.22581282089254,436.4461837255914,0.0025290360212075827,3.4256869155719447,nan,400,"high_rhat,low_ess"
1,compact_aligned,particle_muB_8,4,1500,0.9605589817234697,1.0075090335475811,397.12803019444436,528.5764161699528,390.1862283759576,0.0024709481485962357,3.7493572380179443,nan,400,low_ess
1,compact_aligned,particle_muB_9,4,1500,0.9542930419552659,1.008776913412045,378.7740758079521,467.72430789755316,392.77935317439585,0.0030413180329195827,3.576074249930823,nan,400,low_ess
1,compact_aligned,particle_muB_10,4,1500,0.9537814597818776,1.0090116227938017,302.3448419625879,531.5421022844056,400.28341332548376,0.003325458020909307,2.854492091718584,nan,400,low_ess
1,compact_aligned,particle_muB_11,4,1500,0.9548183292896449,1.0078539936694146,354.67135544379573,395.54344185522064,353.36180686850054,0.0035294952000941944,3.3485161271535793,nan,400,low_ess
1,compact_aligned,particle_muB_12,4,1500,0.958041610695315,1.0058062613223335,274.1282670070247,453.87762728780456,383.93972426565534,0.0028774365578400594,2.58809432702311,nan,400,low_ess
1,compact_aligned,particle_muB_13,4,1500,0.9582935596069824,1.0056914986118726,362.40648896842083,453.967977699988,361.92575817125663,0.002914762916965444,3.4215449155102924,nan,400,low_ess
1,compact_aligned,particle_muB_14,4,1500,0.9530244793556492,1.005581066870817,354.79058783601545,580.4381233948939,360.06593857093253,0.0032855516294712944,3.3496418216369337,nan,400,low_ess
1,compact_aligned,particle_muB_15,4,1500,0.957352394532708,1.0139013292100156,318.95500580007223,393.641379896125,370.2071916131567,0.0029605673154456356,3.0113116392540302,nan,400,"high_rhat,low_ess"
1,compact_aligned,particle_muB_16,4,1500,0.9506687348501387,1.014650476593066,325.7407498676489,609.8487532441934,397.09474287368016,0.0031770481815243065,3.0753770708042754,nan,400,"high_rhat,low_ess"
1,compact_aligned,particle_muB_17,4,1500,0.9626141795617451,1.0150320965251816,302.1025805653798,406.0441438115233,474.0927064775422,0.002213727063982707,2.852204858247127,nan,400,"high_rhat,low_ess"
1,compact_aligned,particle_muB_18,4,1500,0.9605276809271697,1.0106781951638024,277.80989575747304,427.7578873477793,394.3957046283973,0.002410302664163366,2.6228532469523573,nan,400,"high_rhat,low_ess"
1,compact_aligned,particle_muB_19,4,1500,0.9767469059880031,1.0184816340524334,292.38912122694364,500.84501088469375,354.8965239355028,0.0012334505972824903,2.760498339674447,nan,400,"high_rhat,low_ess"
1,compact_aligned,particle_muB_20,4,1500,0.9774372774537932,1.0072078940634646,292.87471832046015,221.46085321192683,348.167439666684,0.0013482068903738617,2.7650829492686,nan,400,low_ess
1,compact_aligned,particle_muB_21,4,1500,0.9763719895804055,1.0148973258694205,281.4508421922482,458.8706273480627,303.71845287783,0.0015339465113718164,2.657228077814273,nan,400,"high_rhat,low_ess"
1,compact_aligned,particle_muB_22,4,1500,0.9771527173862958,1.0111471645107897,301.17831964064317,364.7085495725509,359.05865480399297,0.0013498096836506634,2.843478744438737,nan,400,"high_rhat,low_ess"
1,compact_aligned,particle_muB_23,4,1500,0.9781713013800901,1.013515555678551,317.0910747321208,341.3812698829007,324.39123340384685,0.0012325802405251513,2.9937139304310882,nan,400,"high_rhat,low_ess"
1,compact_aligned,particle_muB_24,4,1500,0.9761372957724221,1.0089649525530946,320.6037735118761,346.3944100154104,382.3661313093278,0.0015005645441403667,3.0268779520903095,nan,400,low_ess
1,compact_aligned,particle_muB_25,4,1500,0.9789692632380822,1.0051021247892025,359.8119234723984,421.7986994531283,375.14481344753045,0.0011568614247164442,3.3970491554974314,nan,400,low_ess
1,compact_aligned,particle_muB_26,4,1500,0.9785051762544302,1.0187905675372568,291.28978025773955,341.3073209873094,281.30989143017473,0.0014158043903350153,2.7501192636421736,nan,400,"high_rhat,low_ess"
1,compact_aligned,particle_beta_0,4,1500,12.846703463289863,1.018162367691803,235.80441138482445,452.4659104522161,243.51494868980774,0.45431785740435005,2.2262719056858478,nan,400,"high_rhat,low_ess"
1,compact_aligned,particle_beta_1,4,1500,12.322103000125368,1.0174047862352642,309.82668340981195,337.99176451297757,317.65802817247527,0.4085849567694941,2.9251295039660072,nan,400,"high_rhat,low_ess"
1,compact_aligned,particle_beta_2,4,1500,12.895488924235897,1.012149508448366,325.8582474319978,458.01317296714126,335.1590535890072,0.4028077897506472,3.0764863864653367,nan,400,"high_rhat,low_ess"
1,compact_aligned,particle_beta_3,4,1500,12.62666925058366,1.0063068480520332,372.8270290928263,546.1707017587091,374.14830057296524,0.3808806724760884,3.519927111096855,nan,400,low_ess
1,compact_aligned,particle_beta_4,4,1500,12.202202462707838,1.010962397749667,364.8308559442623,431.8858767856188,347.03850291580954,0.3924803742504094,3.4444338006490023,nan,400,"high_rhat,low_ess"
1,compact_aligned,particle_beta_5,4,1500,12.006028979220648,1.0207345532753105,324.7992041036998,492.6357753033912,325.2652251714443,0.3727308086753375,3.0664877677166564,nan,400,"high_rhat,low_ess"
1,compact_aligned,particle_beta_6,4,1500,12.589457411261515,1.0146165271351604,315.3804674104373,413.67607251659325,309.9375592303966,0.4455882146180844,2.9775637787033946,nan,400,"high_rhat,low_ess"
1,compact_aligned,particle_beta_7,4,1500,14.096133073512135,1.0126032509585519,362.845205319285,430.6172801918845,382.062487963253,0.43771230478742323,3.425686915571945,nan,400,"high_rhat,low_ess"
1,compact_aligned,particle_beta_8,4,1500,14.008733238686322,1.0075090335475811,397.12803019444425,528.5764161699528,388.6040368094423,0.4160354935923262,3.7493572380179434,nan,400,low_ess
1,compact_aligned,particle_beta_9,4,1500,15.06711304840294,1.0083221810730043,378.774075807952,473.9438401740633,369.6149107917981,0.4647349239141576,3.5760742499308216,nan,400,low_ess
1,compact_aligned,particle_beta_10,4,1500,14.784597544955012,1.0090116227938017,302.3448419625879,527.6750686904453,329.1062827080653,0.5306006795367065,2.854492091718584,nan,400,low_ess
1,compact_aligned,particle_beta_11,4,1500,14.621500290810996,1.0078539936694146,354.6713554437958,392.12555374481434,330.97386720912334,0.523047769291969,3.34851612715358,nan,400,low_ess
1,compact_aligned,particle_beta_12,4,1500,14.185426620907743,1.0058062613223335,274.12826700702476,465.50845432063073,288.44708599475376,0.526745017965001,2.5880943270231103,nan,400,low_ess
1,compact_aligned,particle_beta_13,4,1500,14.15574944966184,1.0054735004738522,362.4064889684207,449.21911282913914,356.6333326631685,0.4708613797556272,3.421544915510291,nan,400,low_ess
1,compact_aligned,particle_beta_14,4,1500,15.054395298786524,1.005581066870817,354.79058783601545,524.4144936981844,339.19645363607157,0.5121603658667083,3.3496418216369337,nan,400,low_ess
1,compact_aligned,particle_beta_15,4,1500,14.371812042268639,1.013454425385975,318.95500580007206,393.64137989612516,329.4010263792793,0.490956820452101,3.0113116392540284,nan,400,"high_rhat,low_ess"
1,compact_aligned,particle_beta_16,4,1500,15.4214807367137,1.014650476593066,325.7407498676487,609.8487532441934,346.55393639326576,0.519767222474618,3.075377070804273,nan,400,"high_rhat,low_ess"
1,compact_aligned,particle_beta_17,4,1500,13.405995204994184,1.0179542412433733,302.1025805653801,368.434797863798,356.8617319314869,0.44302382625152437,2.8522048582471298,nan,400,"high_rhat,low_ess"
1,compact_aligned,particle_beta_18,4,1500,14.10529880879963,1.0106781951638024,277.80989575747293,436.51792653003923,308.3089112712159,0.4579565393015868,2.622853246952356,nan,400,"high_rhat,low_ess"
1,compact_aligned,particle_beta_19,4,1500,11.014885191037182,1.0182559890499836,292.38912122694387,499.5997860965315,303.9691185375447,0.3272601771252747,2.760498339674449,nan,400,"high_rhat,low_ess"
1,compact_aligned,particle_beta_20,4,1500,10.656730269596594,1.0069076079197963,292.87471832046015,224.95188150961073,312.3037042842287,0.33883386845140373,2.7650829492686,nan,400,low_ess
1,compact_aligned,particle_beta_21,4,1500,10.882521233186878,1.0148973258694203,281.45084219224816,458.8706273480627,283.86804724815056,0.3665249455447897,2.6572280778142727,nan,400,"high_rhat,low_ess"
1,compact_aligned,particle_beta_22,4,1500,10.72928132853236,1.0104185751106616,301.1783196406433,340.53594077899805,314.0425860015277,0.33959833811718226,2.843478744438738,nan,400,"high_rhat,low_ess"
1,compact_aligned,particle_beta_23,4,1500,10.595174250168837,1.0169858507226435,317.09107473212083,335.919055103239,317.6376656782976,0.31812660999059267,2.9937139304310887,nan,400,"high_rhat,low_ess"
1,compact_aligned,particle_beta_24,4,1500,10.739608402664832,1.0089649525530946,320.6037735118761,351.0110985547798,336.83070866692003,0.35710111591152055,3.0268779520903095,nan,400,low_ess
1,compact_aligned,particle_beta_25,4,1500,10.372929545263554,1.005480119403088,359.8119234723984,427.2590874898886,346.0185842068576,0.3019141548730331,3.3970491554974314,nan,400,low_ess
1,compact_aligned,particle_beta_26,4,1500,10.466607585714868,1.0187905675372568,291.28978025773944,337.40137950921303,284.4253061786448,0.3392324153734785,2.7501192636421727,nan,400,"high_rhat,low_ess"
1,compact_tilted40,energy_kBT,4,1500,-583.8011352674735,1.0083005998119194,337.46466158071496,693.6650646449825,337.30168310862547,0.31948530908276246,3.2211621344832477,nan,400,low_ess
1,compact_tilted40,local_beta_deg,4,1500,26.231143111719557,1.0350945459768157,163.6958202868931,353.19880913823454,157.80236045698982,0.26832522398624076,1.5625066500635567,0.25,400,"high_rhat,low_ess,high_mcse"
1,compact_tilted40,magnetization,4,1500,0.8343656719732313,1.029406346014785,235.2950832473377,509.8134970314623,232.0125663431046,0.0013763174274832328,2.245934756653408,0.002,400,"high_rhat,low_ess"
1,compact_tilted40,abs_muB,4,1500,0.8343656719732313,1.029406346014785,235.2950832473377,509.8134970314623,232.0125663431046,0.0013763174274832328,2.245934756653408,nan,400,"high_rhat,low_ess"
1,compact_tilted40,particle_muB_0,4,1500,0.7852861253663601,1.0426318259147676,165.5219685611222,254.8624261097608,82.24214497194204,0.01684380205039527,1.579937570520073,nan,400,"high_rhat,low_ess"
1,compact_tilted40,particle_muB_1,4,1500,0.8498831962778192,1.022192433591799,262.95036694810074,140.41809086066544,187.66472429553312,0.0075804262760342765,2.50990951554526,nan,400,"high_rhat,low_ess"
1,compact_tilted40,particle_muB_2,4,1500,0.8233083064659898,1.0078479157681222,404.7536969658078,570.7548874369155,384.35796887962437,0.005096319318636103,3.8634483277489164,nan,400,low_ess
1,compact_tilted40,particle_muB_3,4,1500,0.8203635108440621,1.0085418378947038,442.2411332896346,638.4657355643691,437.6425132467411,0.004370631124806097,4.221272788062906,nan,400,checks_passed
1,compact_tilted40,particle_muB_4,4,1500,0.8396008279894244,1.0407023029236098,297.35933215982317,145.7668666083983,115.92063099335314,0.010145961224058732,2.8383494040585693,nan,400,"high_rhat,low_ess"
1,compact_tilted40,particle_muB_5,4,1500,0.8182439199671847,1.0249988601410884,225.0113685769546,292.57544215808906,189.4899948306726,0.009050831413144998,2.147774812607993,nan,400,"high_rhat,low_ess"
1,compact_tilted40,particle_muB_6,4,1500,0.8097211019945976,1.0409927955191407,105.02923251099705,214.8186999574632,84.4174149706467,0.013576066050317501,1.0025233018282773,nan,400,"high_rhat,low_ess"
1,compact_tilted40,particle_muB_7,4,1500,0.8374410678586143,1.0102067696594277,399.6244604276307,681.0942146215974,370.1784832325333,0.004723203105781793,3.814488823550186,nan,400,"high_rhat,low_ess"
1,compact_tilted40,particle_muB_8,4,1500,0.8297744086361516,1.0264649243576265,253.55626177262067,429.14635119943995,243.67143547898777,0.006259687992441373,2.420241057411394,nan,400,"high_rhat,low_ess"
1,compact_tilted40,particle_muB_9,4,1500,0.7982063987409123,1.029618250435386,236.467713365717,98.23893472348065,101.69361545301044,0.010767926620253667,2.257127726362844,nan,400,"high_rhat,low_ess"
1,compact_tilted40,particle_muB_10,4,1500,0.7963456392390553,1.010846253781105,459.88222738995904,454.76201978199634,427.91479821258696,0.004639631269627966,4.389660269171738,nan,400,high_rhat
1,compact_tilted40,particle_muB_11,4,1500,0.8450469068545855,1.0178709126907273,371.6588567056656,156.65383030205194,171.0715433053091,0.008811212536088062,3.5475520030985073,nan,400,"high_rhat,low_ess"
1,compact_tilted40,particle_muB_12,4,1500,0.8473392880535239,1.033128384322067,240.88213790188382,56.52881300368789,66.8173935792941,0.013523784925566622,2.2992642188027594,nan,400,"high_rhat,low_ess"
1,compact_tilted40,particle_muB_13,4,1500,0.828712757187143,1.0139529171048298,442.3995812387414,817.1469472796317,446.51402530405176,0.004068572084990197,4.22278520281934,nan,400,high_rhat
1,compact_tilted40,particle_muB_14,4,1500,0.8687952185279562,1.0117587147021323,376.2553515895187,559.1820781640853,343.5435428157183,0.004325542313347784,3.591426390425052,nan,400,"high_rhat,low_ess"
1,compact_tilted40,particle_muB_15,4,1500,0.8218336880540837,1.0102809032771722,525.3544295175313,681.5342482533351,508.0414382345478,0.004228753157496624,5.014604455525091,nan,400,high_rhat
1,compact_tilted40,particle_muB_16,4,1500,0.8628079976254812,1.0190339558525845,428.23496758711815,736.4115221425568,403.2396271796413,0.004042491616243856,4.087581365681328,nan,400,high_rhat
1,compact_tilted40,particle_muB_17,4,1500,0.8309089026465214,1.0077341820401597,551.1746653700962,800.2669942417933,552.1618824159033,0.0040392137560262935,5.261063345893427,nan,400,checks_passed
1,compact_tilted40,particle_muB_18,4,1500,0.8215219625265097,1.0070607191901138,408.0097845505423,605.4603621949936,394.3109613174003,0.005255328229309272,3.8945282813813327,nan,400,low_ess
1,compact_tilted40,particle_muB_19,4,1500,0.8586896189629871,1.025009869324188,182.385068385924,280.69528912211496,179.3794536463045,0.006277629287631268,1.740898953472672,nan,400,"high_rhat,low_ess"
1,compact_tilted40,particle_muB_20,4,1500,0.8549743242797512,1.0194189613156932,365.4586201420253,352.64574202954276,341.96708783001543,0.004631550033393826,3.4883696070808443,nan,400,"high_rhat,low_ess"
1,compact_tilted40,particle_muB_21,4,1500,0.8508915350266151,1.0102911483972463,351.5474214224527,467.0105402847431,337.09182203527905,0.0047251874053035854,3.3555846619821073,nan,400,"high_rhat,low_ess"
1,compact_tilted40,particle_muB_22,4,1500,0.8564747733473744,1.0187942329326154,307.52556668821,502.0726889622961,286.90499148679606,0.004562402361981479,2.9353879785858266,nan,400,"high_rhat,low_ess"
1,compact_tilted40,particle_muB_23,4,1500,0.8545850817540939,1.0113791427586407,452.7518214767298,652.9134407964555,462.66638385180454,0.003730065670627013,4.321599235985021,nan,400,high_rhat
1,compact_tilted40,particle_muB_24,4,1500,0.8400655322979245,1.0075840682869088,390.14382830447414,493.8749274493679,407.4293155959808,0.004188934878160381,3.7239944498192252,nan,400,low_ess
1,compact_tilted40,particle_muB_25,4,1500,0.8419505782816977,1.014699716872388,422.227163285088,561.4435737441484,436.13753909530664,0.003574262590448935,4.030235770920567,nan,400,high_rhat
1,compact_tilted40,particle_muB_26,4,1500,0.8351004744708248,1.018872714630862,397.3966376579549,447.5682889812401,371.2867770858868,0.004334826308192,3.79322384630959,nan,400,"high_rhat,low_ess"
1,compact_tilted40,particle_beta_0,4,1500,34.604801280877815,1.0584260050005934,87.62349058626766,154.5633035845551,69.23197998493,3.1478645242472725,0.8363823004330371,nan,400,"high_rhat,low_ess"
1,compact_tilted40,particle_beta_1,4,1500,27.94989726019784,1.0386467679705675,120.96311889982043,292.885932956181,109.53519672621782,1.8415826587667914,1.154615171982687,nan,400,"high_rhat,low_ess"
1,compact_tilted40,particle_beta_2,4,1500,33.17750611410143,1.0714799060627571,54.529663435972,335.0887074496259,47.097975434799494,3.2768213716448287,0.5204956461020642,nan,400,"high_rhat,low_ess"
1,compact_tilted40,particle_beta_3,4,1500,27.308497878900884,1.0369622276122847,119.13862140911405,371.44766649998434,106.36800645566754,2.072081449437999,1.1372000085578866,nan,400,"high_rhat,low_ess"
1,compact_tilted40,particle_beta_4,4,1500,27.174766526384346,1.0297661830524678,143.11379372354227,123.67116083725888,123.24393502590698,1.8021452883480842,1.36604742880392,nan,400,"high_rhat,low_ess"
1,compact_tilted40,particle_beta_5,4,1500,28.54933992214599,1.0289013037340253,100.97027358594235,278.5644301858013,84.97620616438529,2.092874811904782,0.9637797938900933,nan,400,"high_rhat,low_ess"
1,compact_tilted40,particle_beta_6,4,1500,32.03798897489066,1.0244169836311057,111.94646558177254,195.18379408187957,88.65228114841406,2.4146699435375383,1.0685495611071263,nan,400,"high_rhat,low_ess"
1,compact_tilted40,particle_beta_7,4,1500,37.43287435741195,1.0290405690234663,130.3355117746086,414.13517326443264,117.3583878902225,2.0206085401280163,1.2440763822212808,nan,400,"high_rhat,low_ess"
1,compact_tilted40,particle_beta_8,4,1500,41.30743100425541,1.0489733289934642,94.39986925056519,316.5503602032355,76.49432894078645,2.579079227128659,0.9010640785490386,nan,400,"high_rhat,low_ess"
1,compact_tilted40,particle_beta_9,4,1500,18.748599914655255,1.0202742672476877,174.64103484262546,39.14034152339538,49.26498274965573,2.47426539575944,1.666980731929125,nan,400,"high_rhat,low_ess"
1,compact_tilted40,particle_beta_10,4,1500,17.649058128679165,1.0164626396639673,260.65991247960426,187.4873969958158,186.242925781638,1.0324782279589582,2.488046707243733,nan,400,"high_rhat,low_ess"
1,compact_tilted40,particle_beta_11,4,1500,29.938195143570802,1.037839139165909,137.61077148354022,94.00309401560664,100.5786575826708,2.2792643362204776,1.3135200714750577,nan,400,"high_rhat,low_ess"
1,compact_tilted40,particle_beta_12,4,1500,29.070855996236418,1.034825629658611,133.86229794149904,46.21316111824346,53.690947840888384,2.872264326922108,1.2777402035055418,nan,400,"high_rhat,low_ess"
1,compact_tilted40,particle_beta_13,4,1500,20.441155539873595,1.0174566596353363,140.28868603063708,47.63490554173945,80.97270024704257,1.6528561678509381,1.3390812573428914,nan,400,"high_rhat,low_ess"
1,compact_tilted40,particle_beta_14,4,1500,40.80520274692284,1.0215417383229004,237.37453479775033,233.77257556824583,229.0057177293375,1.2680104996776118,2.265783503373454,nan,400,"high_rhat,low_ess"
1,compact_tilted40,particle_beta_15,4,1500,19.75551635642048,1.0289647265617572,291.38483986746206,306.63697770366554,232.90168952570667,0.9581666791904901,2.781321778544327,nan,400,"high_rhat,low_ess"
1,compact_tilted40,particle_beta_16,4,1500,41.08672054108354,1.0289056797778382,210.5633343504717,513.0687308515126,199.7991629387527,1.3650074543931894,2.0098656740627314,nan,400,"high_rhat,low_ess"
1,compact_tilted40,particle_beta_17,4,1500,20.533291848289334,1.0256467446110429,280.2737822176857,168.75394475843387,171.25754204092186,1.1232868842837618,2.6752646939065636,nan,400,"high_rhat,low_ess"
1,compact_tilted40,particle_beta_18,4,1500,21.817458707736403,1.0225297889345641,151.42450275521983,117.07562463979768,111.62990696178468,1.5061444463458504,1.4453746718940674,nan,400,"high_rhat,low_ess"
1,compact_tilted40,particle_beta_19,4,1500,20.422751022071896,1.0046482376879815,285.5450058057632,252.92251908934116,243.1928466769069,0.7694953672829105,2.725579490557498,nan,400,low_ess
1,compact_tilted40,particle_beta_20,4,1500,23.32271213663988,1.0230596621915153,174.42840137443093,247.91426491723783,149.06714890565925,1.2717854034713794,1.6649511064475595,nan,400,"high_rhat,low_ess"
1,compact_tilted40,particle_beta_21,4,1500,21.95482698381217,1.0416626351349283,149.7087611190639,113.3866783914833,116.80182321756435,1.416995579131844,1.4289976030624618,nan,400,"high_rhat,low_ess"
1,compact_tilted40,particle_beta_22,4,1500,22.19858389481844,1.0372521360671485,138.46675639525725,318.44754105522907,116.93295769886299,1.3560672445525443,1.321690604568498,nan,400,"high_rhat,low_ess"
1,compact_tilted40,particle_beta_23,4,1500,21.747613301700756,1.0283104027128422,203.148989093634,221.6362837545931,174.52045090736658,1.1620170146635036,1.9390943877258393,nan,400,"high_rhat,low_ess"
1,compact_tilted40,particle_beta_24,4,1500,19.34039520893034,1.0226830047585873,154.00088783948615,337.21835634880244,144.88086088243546,1.1218789417058468,1.4699667404040353,nan,400,"high_rhat,low_ess"
1,compact_tilted40,particle_beta_25,4,1500,14.845701492918398,1.0290812184217641,256.51808719862134,435.2124054890702,292.23972502183864,0.5118946044397665,2.4485122247285718,nan,400,"high_rhat,low_ess"
1,compact_tilted40,particle_beta_26,4,1500,15.019121732901983,1.01581648515738,274.0550408731148,278.32837440935344,217.3346377722736,0.6375681653940589,2.6159056663584717,nan,400,"high_rhat,low_ess"
1,expanded_aligned,energy_kBT,4,1500,-613.3602780057238,1.009984921239543,395.72333547335694,809.6058238189958,403.1674742901755,0.2813809569202355,3.713950405758787,nan,400,low_ess
1,expanded_aligned,local_beta_deg,4,1500,12.645009878804709,1.005717468418262,363.85124327792073,715.9658936786159,371.4822721424923,0.0748324807137622,3.4148238212726127,0.25,400,low_ess
1,expanded_aligned,magnetization,4,1500,0.9672045701977667,1.0082156252368344,416.7244927093139,757.0197479929049,437.04873989039083,0.00038830630295402704,3.9110508783518108,0.002,400,checks_passed
1,expanded_aligned,abs_muB,4,1500,0.9672045701977667,1.0082156252368344,416.7244927093139,757.0197479929049,437.04873989039083,0.00038830630295402704,3.9110508783518108,nan,400,checks_passed
1,expanded_aligned,particle_muB_0,4,1500,0.9688730624684986,1.0109290927438062,414.25205651776076,597.2093284955619,382.09833364910526,0.002165037234353647,3.8878465217377447,nan,400,"high_rhat,low_ess"
1,expanded_aligned,particle_muB_1,4,1500,0.9695785074862437,1.0053771460806036,411.42784378601687,462.23008245520714,387.3162424528914,0.0017833704873603756,3.8613406650425297,nan,400,low_ess
1,expanded_aligned,particle_muB_2,4,1500,0.9696185098799273,1.0094730522173652,336.1097497491167,475.7694915574887,374.34161716522533,0.0018050185975995031,3.154463812367873,nan,400,low_ess
1,expanded_aligned,particle_muB_3,4,1500,0.9704630320621728,1.0088810564657158,425.09355735747863,409.83157702437984,368.9802635390366,0.0018147903482366324,3.9895963879530907,nan,400,low_ess
1,expanded_aligned,particle_muB_4,4,1500,0.9742065603169452,1.020566107390672,278.8093746758693,403.45273305940395,260.62568956094316,0.0019281103710465305,2.616687208926336,nan,400,"high_rhat,low_ess"
1,expanded_aligned,particle_muB_5,4,1500,0.9699078416198903,1.0241542145335008,345.4050971866276,349.9879867545133,407.05555558668357,0.0017992659852859398,3.2417026893623704,nan,400,"high_rhat,low_ess"
1,expanded_aligned,particle_muB_6,4,1500,0.967623476743438,1.0102418046320074,339.2185147141423,436.9474188555694,373.19048771712966,0.0021085033703931956,3.183640254261184,nan,400,"high_rhat,low_ess"
1,expanded_aligned,particle_muB_7,4,1500,0.9600438965506881,1.0089402900412852,327.8033821218164,485.83054238754823,341.4918079107132,0.0030222006824710745,3.076506728075909,nan,400,low_ess
1,expanded_aligned,particle_muB_8,4,1500,0.958119352923963,1.0116022415866692,362.31570688287275,538.7843164086847,412.6995813419165,0.002781879198416728,3.4004124749954867,nan,400,"high_rhat,low_ess"
1,expanded_aligned,particle_muB_9,4,1500,0.9624474837201357,1.0088564982723167,380.656320139671,450.21914929147795,453.34006217748964,0.002437691432270022,3.5725431580785845,nan,400,low_ess
1,expanded_aligned,particle_muB_10,4,1500,0.955829468871842,1.0292984113910415,214.84969487506288,391.1762502306059,375.6592090270552,0.0029694542541371816,2.0164115682081496,nan,400,"high_rhat,low_ess"
1,expanded_aligned,particle_muB_11,4,1500,0.9547947540042041,1.0147040490524135,317.2126606590307,388.1042901079583,394.49608782304455,0.0029513294684905015,2.9771104813851714,nan,400,"high_rhat,low_ess"
1,expanded_aligned,particle_muB_12,4,1500,0.9544412338637812,1.0055723048594942,295.12865522871044,478.9125426613305,311.1260003708484,0.0033605014124621587,2.769847240690489,nan,400,low_ess
1,expanded_aligned,particle_muB_13,4,1500,0.9663929307086067,1.0100156654457095,312.0707639232681,522.6382411880099,389.1605049868395,0.0023767879737740323,2.928852651340067,nan,400,"high_rhat,low_ess"
1,expanded_aligned,particle_muB_14,4,1500,0.9636400167269749,1.0137318105703594,314.72536583222393,571.0231117659445,437.3202120100122,0.0022320274993786,2.9537666732162378,nan,400,"high_rhat,low_ess"
1,expanded_aligned,particle_muB_15,4,1500,0.9601137615517159,1.0070734585788943,382.3548674742833,468.2763396358277,422.42954289617154,0.0026062958215341747,3.588484397821341,nan,400,low_ess
1,expanded_aligned,particle_muB_16,4,1500,0.9631306561007044,1.014193974529388,313.69133473461886,486.6314675164518,416.4214824904247,0.002533558096559263,2.9440620642880737,nan,400,"high_rhat,low_ess"
1,expanded_aligned,particle_muB_17,4,1500,0.9584411042913359,1.011234131805018,384.1029741833752,372.6706315689688,439.9635851524767,0.002546687808136804,3.6048907631770137,nan,400,"high_rhat,low_ess"
1,expanded_aligned,particle_muB_18,4,1500,0.962301852530627,1.0114852014464102,372.67254297200196,357.66481988260455,355.0392142549513,0.0025251122310744525,3.497613656092345,nan,400,"high_rhat,low_ess"
1,expanded_aligned,particle_muB_19,4,1500,0.974576316421963,1.0053283469805867,339.5125087214539,443.9594848247954,397.68092411967166,0.0013660895887261015,3.186399452581999,nan,400,low_ess
1,expanded_aligned,particle_muB_20,4,1500,0.9764709211093359,1.0067832349955075,412.95784353896335,412.87671252177927,531.8962337043805,0.0011258357954065721,3.8757000487176656,nan,400,checks_passed
1,expanded_aligned,particle_muB_21,4,1500,0.9746842727371713,1.0086447246275287,342.4615504358608,381.72014756464154,516.7466733823702,0.0011775893347633658,3.214076856692423,nan,400,low_ess
1,expanded_aligned,particle_muB_22,4,1500,0.9759969165412355,1.0142497051260375,328.7157335032313,456.32980678984705,386.70461107639113,0.001397276907757232,3.0850693461463026,nan,400,"high_rhat,low_ess"
1,expanded_aligned,particle_muB_23,4,1500,0.9743372079727637,1.0118616464795513,268.1292934863457,477.5933333489682,324.0216823176848,0.0017900875991329337,2.5164523015764293,nan,400,"high_rhat,low_ess"
1,expanded_aligned,particle_muB_24,4,1500,0.9753854309777166,1.0226547810972144,306.1524118961166,614.974092803027,306.91983442201814,0.0014072885641301298,2.873307617872758,nan,400,"high_rhat,low_ess"
1,expanded_aligned,particle_muB_25,4,1500,0.977207416954608,1.0103278080110298,300.617000027324,445.359274524439,319.5196236441763,0.001374929016000164,2.821356561886755,nan,400,"high_rhat,low_ess"
1,expanded_aligned,particle_muB_26,4,1500,0.9758974102032133,1.0084164527427473,304.9527696707669,279.55878996703103,255.14634593092927,0.0017144630193752849,2.8620487121418807,nan,400,low_ess
1,expanded_aligned,particle_beta_0,4,1500,12.414477730756762,1.0109290927438062,414.2520565177608,596.0979664544648,389.6662293663694,0.3704348843143833,3.8878465217377456,nan,400,"high_rhat,low_ess"
1,expanded_aligned,particle_beta_1,4,1500,12.33084398831662,1.0053771460806036,411.4278437860168,452.027257751138,391.15647436021095,0.35801327977701014,3.8613406650425293,nan,400,low_ess
1,expanded_aligned,particle_beta_2,4,1500,12.36282889596624,1.0099879804395564,336.10974974911653,475.7694915574887,340.1498866314812,0.3797945806482608,3.1544638123678714,nan,400,low_ess
1,expanded_aligned,particle_beta_3,4,1500,12.199165958702698,1.0088810564657158,425.09355735747897,409.83157702437984,386.24864136987577,0.3506346352794083,3.989596387953094,nan,400,low_ess
1,expanded_aligned,particle_beta_4,4,1500,11.253358032385057,1.020566107390672,278.8093746758698,373.3481241122776,262.8327413472166,0.41178334865555993,2.6166872089263404,nan,400,"high_rhat,low_ess"
1,expanded_aligned,particle_beta_5,4,1500,12.182286562401254,1.0241542145335008,345.40509718662764,356.7937933005935,358.9027904909603,0.37952934597532784,3.2417026893623713,nan,400,"high_rhat,low_ess"
1,expanded_aligned,particle_beta_6,4,1500,12.580350787451419,1.0092442664611687,339.21851471414226,437.68926763075086,330.7563182628377,0.4167100775678329,3.1836402542611832,nan,400,low_ess
1,expanded_aligned,particle_beta_7,4,1500,13.916498126311994,1.007406919918007,327.8033821218164,485.8305423875479,306.71728700783785,0.49191810268106356,3.076506728075909,nan,400,low_ess
1,expanded_aligned,particle_beta_8,4,1500,14.142570530913057,1.0115447240744662,362.3157068828726,530.0808631081534,361.87939010337993,0.4723917813738229,3.400412474995485,nan,400,"high_rhat,low_ess"
1,expanded_aligned,particle_beta_9,4,1500,13.639883659587746,1.0088564982723167,380.65632013967087,450.21914929147795,394.3555231710906,0.4070934254166364,3.5725431580785836,nan,400,low_ess
1,expanded_aligned,particle_beta_10,4,1500,14.766693868338095,1.0292984113910415,214.84969487506288,397.1815325370613,294.1008652427229,0.5154983584570835,2.0164115682081496,nan,400,"high_rhat,low_ess"
1,expanded_aligned,particle_beta_11,4,1500,14.74596938655471,1.0166834104546838,317.2126606590306,395.27572018275924,333.4746324089269,0.5071779222069572,2.9771104813851705,nan,400,"high_rhat,low_ess"
1,expanded_aligned,particle_beta_12,4,1500,14.835592794064326,1.0055723048594942,295.1286552287105,481.6350377946442,294.2484551945993,0.5392008794416815,2.7698472406904893,nan,400,low_ess
1,expanded_aligned,particle_beta_13,4,1500,12.739754381728858,1.0100156654457095,312.0707639232679,522.6382411880099,341.49678751655875,0.4268825133170213,2.928852651340065,nan,400,"high_rhat,low_ess"
1,expanded_aligned,particle_beta_14,4,1500,13.272320192348506,1.0124846333454618,314.72536583222393,552.8024765196147,316.547992815466,0.4587056904443475,2.9537666732162378,nan,400,"high_rhat,low_ess"
1,expanded_aligned,particle_beta_15,4,1500,13.928912737825774,1.0070734585788943,382.3548674742832,454.1799992681782,384.49789929755985,0.435941419977767,3.5884843978213397,nan,400,low_ess
1,expanded_aligned,particle_beta_16,4,1500,13.250360560536317,1.014193974529388,313.6913347346188,467.7111676069492,329.7308440779751,0.46473619523302506,2.9440620642880733,nan,400,"high_rhat,low_ess"
1,expanded_aligned,particle_beta_17,4,1500,14.189039597601829,1.011234131805018,384.1029741833752,380.2800229658325,391.7679067446979,0.44295250830195426,3.6048907631770137,nan,400,"high_rhat,low_ess"
1,expanded_aligned,particle_beta_18,4,1500,13.581004653910751,1.0114852014464102,372.67254297200196,357.6648198826048,345.80804829859954,0.44122839545257136,3.497613656092345,nan,400,"high_rhat,low_ess"
1,expanded_aligned,particle_beta_19,4,1500,11.395524432332277,1.0062107884745686,339.51250872145397,440.0006527144364,343.8184357727616,0.33518030638457,3.186399452582,nan,400,low_ess
1,expanded_aligned,particle_beta_20,4,1500,10.964091469892407,1.006520320477458,412.95784353896335,415.9993608916367,450.7343663901288,0.28125309770438267,3.8757000487176656,nan,400,checks_passed
1,expanded_aligned,particle_beta_21,4,1500,11.458395479283276,1.0086447246275287,342.4615504358606,381.7201475646415,396.0761480770205,0.3033434750379708,3.214076856692422,nan,400,low_ess
1,expanded_aligned,particle_beta_22,4,1500,10.90083871160876,1.0142497051260375,328.7157335032314,456.32980678984677,345.628262920872,0.34132668986888126,3.085069346146303,nan,400,"high_rhat,low_ess"
1,expanded_aligned,particle_beta_23,4,1500,11.222423444008706,1.0118616464795511,268.1292934863456,477.5933333489682,272.6318044268022,0.4039091111811846,2.5164523015764284,nan,400,"high_rhat,low_ess"
1,expanded_aligned,particle_beta_24,4,1500,11.312046904335492,1.0198217279073645,306.1524118961167,614.4711647659559,292.6942398928621,0.3458411582043919,2.873307617872759,nan,400,"high_rhat,low_ess"
1,expanded_aligned,particle_beta_25,4,1500,10.844711547780406,1.0103278080110298,300.617000027324,445.359274524439,300.2898809689281,0.33302818620324565,2.821356561886755,nan,400,"high_rhat,low_ess"
1,expanded_aligned,particle_beta_26,4,1500,10.985322292783765,1.0098814195965065,304.95276967076694,277.9997369626827,282.4685819615222,0.3719072454551402,2.862048712141881,nan,400,low_ess
1,expanded_tilted,energy_kBT,4,1500,-548.333965146774,1.0151767014352375,333.7482953041065,751.5570492217918,331.32712331812115,0.33274812778180746,3.0125240068113945,nan,400,"high_rhat,low_ess"
1,expanded_tilted,local_beta_deg,4,1500,25.5091162066396,1.0302308907563005,289.14645909069236,638.8004221297275,288.2981993312022,0.18191947787035445,2.6099328798114816,0.25,400,"high_rhat,low_ess"
1,expanded_tilted,magnetization,4,1500,0.8473772921104382,1.0182898210727789,375.438133992014,769.2343342108873,366.5123918412835,0.0009364869242314163,3.388830467861566,0.002,400,"high_rhat,low_ess"
1,expanded_tilted,abs_muB,4,1500,0.8473772921104382,1.0182898210727789,375.438133992014,769.2343342108873,366.5123918412835,0.0009364869242314163,3.388830467861566,nan,400,"high_rhat,low_ess"
1,expanded_tilted,particle_muB_0,4,1500,0.8453823291571783,1.016931842162841,517.4789881307894,520.0600895129766,462.4298561641313,0.0047508267916464425,4.670938838336264,nan,400,high_rhat
1,expanded_tilted,particle_muB_1,4,1500,0.8596972992222772,1.0146332001775356,372.4911829251612,434.36100458227247,355.3702237144075,0.00501979997204936,3.3622302995290108,nan,400,"high_rhat,low_ess"
1,expanded_tilted,particle_muB_2,4,1500,0.8351955583494456,1.0149509754288812,587.150009234821,823.3214673554153,544.3424790886684,0.003773828398245212,5.299812832924653,nan,400,high_rhat
1,expanded_tilted,particle_muB_3,4,1500,0.8410272177577421,1.0030907042115453,319.79227916261107,720.9012553281187,350.4577364084021,0.0046488289012574496,2.8865523261848507,nan,400,low_ess
1,expanded_tilted,particle_muB_4,4,1500,0.8566687986215711,1.0080419607682312,412.9286940371791,473.97678085973837,369.5699070990328,0.005218434772918828,3.727232832020321,nan,400,low_ess
1,expanded_tilted,particle_muB_5,4,1500,0.83515050206327,1.0061010347751147,459.59193688120456,669.9725050779242,442.1876854580112,0.004747676141822275,4.148430906381143,nan,400,checks_passed
1,expanded_tilted,particle_muB_6,4,1500,0.8527609411695382,1.0135270871168536,400.93326249915253,403.2989852427397,369.4789029506431,0.00504123043022482,3.618958045335821,nan,400,"high_rhat,low_ess"
1,expanded_tilted,particle_muB_7,4,1500,0.8519868743993769,1.0062531727120207,421.47476206289906,528.0981683874269,388.9569131612374,0.004101652620110126,3.8043725071993832,nan,400,low_ess
1,expanded_tilted,particle_muB_8,4,1500,0.8509993469727668,1.0084306856338368,382.39679254924783,642.5074082837082,380.6058744365988,0.004561778302576451,3.451641652978689,nan,400,low_ess
1,expanded_tilted,particle_muB_9,4,1500,0.8060821420987665,1.0232285586528285,323.5135491313626,331.4687849701101,293.10970554042206,0.006955270103243505,2.9201417565262866,nan,400,"high_rhat,low_ess"
1,expanded_tilted,particle_muB_10,4,1500,0.811448125926186,1.0163685897683727,508.6874843501963,396.02856264077684,384.48493543203546,0.005282440834600661,4.591583777748232,nan,400,"high_rhat,low_ess"
1,expanded_tilted,particle_muB_11,4,1500,0.8598587217447653,1.0070291849055812,419.51378530824866,377.92892758520543,357.94789094806333,0.0052792207150698985,3.786672073569301,nan,400,low_ess
1,expanded_tilted,particle_muB_12,4,1500,0.8522067854404125,1.0156032808947635,509.05394830375474,395.31926714068936,406.0784626656605,0.00483428425370891,4.594891604254792,nan,400,"high_rhat,low_ess"
1,expanded_tilted,particle_muB_13,4,1500,0.8406641215043886,1.00771441904268,569.0984861812784,684.88618235049,546.4719758382531,0.0038081299387508166,5.136873733838752,nan,400,checks_passed
1,expanded_tilted,particle_muB_14,4,1500,0.872938656581756,1.0127490340805068,396.89682468931517,655.1224029725456,440.94185423531536,0.003686963470011791,3.582523804396683,nan,400,"high_rhat,low_ess"
1,expanded_tilted,particle_muB_15,4,1500,0.8409137319606252,1.0099705126113745,433.5013517106063,774.6962835319033,438.16852281282695,0.004162014535380648,3.9129285374280167,nan,400,checks_passed
1,expanded_tilted,particle_muB_16,4,1500,0.8730667400505405,1.0076350662477551,379.9658434283913,446.8757252701323,327.7270641310613,0.004303766764100407,3.4296990912069663,nan,400,low_ess
1,expanded_tilted,particle_muB_17,4,1500,0.8304086443549579,1.0073256899491372,503.4315119591112,537.9263326731503,441.7853735520687,0.004682156552856278,4.544141608814143,nan,400,checks_passed
1,expanded_tilted,particle_muB_18,4,1500,0.8295688387635171,1.0046288858160584,498.26886623634437,527.8220664736873,478.87681173316605,0.004713477980476798,4.4975418376772565,nan,400,checks_passed
1,expanded_tilted,particle_muB_19,4,1500,0.8622249721821592,1.0085006914497807,495.3206367080792,607.5212063804224,524.8281932974963,0.0032759029764922996,4.4709301295233725,nan,400,checks_passed
1,expanded_tilted,particle_muB_20,4,1500,0.8588997142544262,1.0155256340241634,453.827213085776,642.6766127053821,350.3352153236322,0.004250144904664629,4.096396576706017,nan,400,"high_rhat,low_ess"
1,expanded_tilted,particle_muB_21,4,1500,0.8720614772114718,1.0197663255566876,433.04114103982573,794.1135471324302,443.72303607853496,0.0033955205313590166,3.9087745216220213,nan,400,high_rhat
1,expanded_tilted,particle_muB_22,4,1500,0.8602788882651797,1.010230145574181,495.1360182694236,578.6639181781023,481.5275208007383,0.003441160957042096,4.469263701600368,nan,400,high_rhat
1,expanded_tilted,particle_muB_23,4,1500,0.8371280059823805,1.0074129961302098,403.9192589223296,467.63132713001187,402.49089945309413,0.004370909045809815,3.6459106501450154,nan,400,checks_passed
1,expanded_tilted,particle_muB_24,4,1500,0.8419514594705078,1.015663150451113,385.35005054849506,776.2053426075444,408.7003121223907,0.004183577755503855,3.4782987497975157,nan,400,"high_rhat,low_ess"
1,expanded_tilted,particle_muB_25,4,1500,0.8502934369791914,1.0092841446006455,451.3643927146429,526.2197289161995,398.9891580226384,0.0038258125918404933,4.074166334344053,nan,400,low_ess
1,expanded_tilted,particle_muB_26,4,1500,0.8503235564974333,1.0106508621101444,399.0854183264916,453.6570443345484,405.4650851588533,0.003716499581561013,3.6022787843199247,nan,400,"high_rhat,low_ess"
1,expanded_tilted,particle_beta_0,4,1500,30.997450297950632,1.0204286132231266,122.55609451620288,345.0263707525045,110.59622885335727,2.0378466365737467,1.1062323976057915,nan,400,"high_rhat,low_ess"
1,expanded_tilted,particle_beta_1,4,1500,29.32336792301844,1.0117795219313808,237.38523418095528,453.1866539975474,238.4906538278023,1.175737085051336,2.1427187101616743,nan,400,"high_rhat,low_ess"
1,expanded_tilted,particle_beta_2,4,1500,26.481077638636652,1.0155160222465645,163.2297421183955,374.8189048954551,153.01900032601722,1.5848959956265924,1.4733663772252055,nan,400,"high_rhat,low_ess"
1,expanded_tilted,particle_beta_3,4,1500,23.85506345122166,1.0288175301651912,135.47808018010414,311.7885100698247,121.89834319756034,1.6040181475424775,1.2228705724695907,nan,400,"high_rhat,low_ess"
1,expanded_tilted,particle_beta_4,4,1500,29.078835163691377,1.0232617918049525,153.5360937888664,258.54021526331604,141.13228363464896,1.6575630904003154,1.3858682574829464,nan,400,"high_rhat,low_ess"
1,expanded_tilted,particle_beta_5,4,1500,27.225265900921848,1.055774820779075,110.82416856830405,236.94499450520047,122.81525898858555,1.7237872340066518,1.0003361007214135,nan,400,"high_rhat,low_ess"
1,expanded_tilted,particle_beta_6,4,1500,26.193799384338384,1.0073176143858222,306.40149333568957,392.88464798207485,265.30718225768334,1.0523655402295107,2.7656826038783637,nan,400,low_ess
1,expanded_tilted,particle_beta_7,4,1500,33.51928310705727,1.0258313379042838,134.1089973423123,205.04566495667552,126.63874617453561,1.831823683233858,1.2105127717731008,nan,400,"high_rhat,low_ess"
1,expanded_tilted,particle_beta_8,4,1500,35.83523598944106,1.0161594819508486,192.51320850862365,405.65364207634843,186.53281308243135,1.5313211347835023,1.7376887625210906,nan,400,"high_rhat,low_ess"
1,expanded_tilted,particle_beta_9,4,1500,22.16207305692478,1.0210548602781337,169.20707213914824,215.84204018207996,138.31562345424584,1.4981276646994406,1.5273197619690722,nan,400,"high_rhat,low_ess"
1,expanded_tilted,particle_beta_10,4,1500,19.424114026389454,1.027696821619214,230.23521984537913,102.85246547750242,105.12197221858419,1.4906972145430615,2.0781802836347545,nan,400,"high_rhat,low_ess"
1,expanded_tilted,particle_beta_11,4,1500,30.481750684951393,1.0093739231020853,278.90467737209156,288.0659205448536,239.94292009092126,1.2842798403519955,2.5174871243307124,nan,400,low_ess
1,expanded_tilted,particle_beta_12,4,1500,32.15662279171062,1.019663573441507,182.36957518758473,218.1784763605727,163.83284580340657,1.6980470808821089,1.6461289273822242,nan,400,"high_rhat,low_ess"
1,expanded_tilted,particle_beta_13,4,1500,22.15076997235786,1.0123746165360064,300.5176113292033,242.01810335142068,244.27582621548552,1.0149112999783754,2.712572712240912,nan,400,"high_rhat,low_ess"
1,expanded_tilted,particle_beta_14,4,1500,39.76801680129293,1.023002888071101,221.83479962757127,409.65852881026916,210.47650331695303,1.2930654171065774,2.0023552744002022,nan,400,"high_rhat,low_ess"
1,expanded_tilted,particle_beta_15,4,1500,20.634638733390428,1.0393303920147448,157.8665267051503,108.41892632611726,108.46538012875183,1.4377133686495236,1.4249561968185005,nan,400,"high_rhat,low_ess"
1,expanded_tilted,particle_beta_16,4,1500,39.22653314417564,1.0105870781111341,213.54886680541847,460.46690749835955,201.70072192142314,1.3818430240227624,1.9275636667822,nan,400,"high_rhat,low_ess"
1,expanded_tilted,particle_beta_17,4,1500,21.296351140702317,1.0205231274247677,288.3369687968213,156.62977453009225,156.17422992209504,1.2299239040498282,2.602626149026998,nan,400,"high_rhat,low_ess"
1,expanded_tilted,particle_beta_18,4,1500,22.471772322392315,1.0168698076218308,315.8838369768053,476.18911791053165,271.98514775630713,0.9640314160412251,2.851273416660397,nan,400,"high_rhat,low_ess"
1,expanded_tilted,particle_beta_19,4,1500,20.807360822816463,1.016679773083142,250.05773569631776,204.79831902781208,199.6234327674794,0.9075248412361885,2.2571049574580018,nan,400,"high_rhat,low_ess"
1,expanded_tilted,particle_beta_20,4,1500,20.472392105467954,1.0031972470149426,376.8499673606594,503.88400182138355,320.6991606062286,0.6602485016829677,3.4015741491822036,nan,400,low_ess
1,expanded_tilted,particle_beta_21,4,1500,21.947191726369173,1.0205986127927207,258.52631638334657,573.3031069319086,241.33647364673175,0.8994108954318809,2.333545205939414,nan,400,"high_rhat,low_ess"
1,expanded_tilted,particle_beta_22,4,1500,22.384243048660185,1.010120134475916,274.09029575647,278.71100686185673,231.8623954148949,0.9991260648781431,2.4740309017849285,nan,400,"high_rhat,low_ess"
1,expanded_tilted,particle_beta_23,4,1500,19.600595557247306,1.0148796990266855,265.07180651851735,431.5025725825419,244.0194699674584,0.8957698890581072,2.392626994358983,nan,400,"high_rhat,low_ess"
1,expanded_tilted,particle_beta_24,4,1500,18.778755219040765,1.013636826014368,266.46865324088725,417.6912685647121,303.7054228532199,0.7535941457708509,2.4052354011858728,nan,400,"high_rhat,low_ess"
1,expanded_tilted,particle_beta_25,4,1500,16.45767823191009,1.0033838883796942,389.2943975309416,475.50859635704205,353.7180572656526,0.504667704732733,3.5139017480539927,nan,400,low_ess
1,expanded_tilted,particle_beta_26,4,1500,16.015899337192234,1.018080673359036,272.73793985766224,506.61391224843993,286.55860679450166,0.5118477947488291,2.4618240840476298,nan,400,"high_rhat,low_ess"
5,compact_aligned,energy_kBT,4,1500,-648.3575601813036,1.0014344122329097,1499.7899432706356,3520.9437980155367,1501.8979909693176,0.14772572769373457,5.793233410219161,nan,400,checks_passed
5,compact_aligned,local_beta_deg,4,1500,12.86303262718788,1.0009852852559868,1716.5185900981332,3060.3093972341358,1715.0704944233078,0.03535654400612156,6.6303904023607485,0.25,400,checks_passed
5,compact_aligned,magnetization,4,1500,0.9657095030134399,1.0007236276431006,1815.146284990779,3396.352620815773,1829.7248662878667,0.0002045387609128809,7.011359257225161,0.002,400,checks_passed
5,compact_aligned,abs_muB,4,1500,0.9657095030134399,1.0007236276431006,1815.146284990779,3396.352620815773,1829.7248662878667,0.0002045387609128809,7.011359257225161,nan,400,checks_passed
5,compact_aligned,particle_muB_0,4,1500,0.9694797038795223,1.000399227196707,1549.4253987840993,2334.4648507291795,1634.7556751382433,0.0010299515742190658,5.984960112016465,nan,400,checks_passed
5,compact_aligned,particle_muB_1,4,1500,0.9682374109388493,1.0018414881146716,1067.5800932473057,2228.9574830548318,1613.0710266553754,0.0010170332764126652,4.123737922123904,nan,400,checks_passed
5,compact_aligned,particle_muB_2,4,1500,0.9659002102147048,1.0008900088803419,1590.0544272405284,1959.197816924735,1690.7401851751679,0.0010311367722781175,6.1418977192691475,nan,400,checks_passed
5,compact_aligned,particle_muB_3,4,1500,0.9690774944280227,1.002593306964695,1552.2599019148352,2316.8480086210434,1653.054741758494,0.0008736132626195255,5.995908937425002,nan,400,checks_passed
5,compact_aligned,particle_muB_4,4,1500,0.9687926006931344,1.0014221158651833,1644.3187019097616,2136.1922125591295,1661.6813227063806,0.0009308261659497094,6.351504144759349,nan,400,checks_passed
5,compact_aligned,particle_muB_5,4,1500,0.9693044489488873,1.0014774220772023,1600.3380030423696,2443.4229780651563,1773.9351732447901,0.000946412901868111,6.181620051839154,nan,400,checks_passed
5,compact_aligned,particle_muB_6,4,1500,0.9692474821660544,1.002415786369538,1666.3319156453003,2133.5535128103525,1805.8788216480416,0.0009172735643523318,6.436534509078845,nan,400,checks_passed
5,compact_aligned,particle_muB_7,4,1500,0.9547324651957815,1.00195782535723,1714.4410987016367,2172.7655461737545,1683.038002949335,0.001489222547296003,6.622365683551539,nan,400,checks_passed
5,compact_aligned,particle_muB_8,4,1500,0.9529615348551482,1.002069759546185,1685.1853351225027,2111.7620835054227,1782.8343712071373,0.0014953263586028028,6.509359547079848,nan,400,checks_passed
5,compact_aligned,particle_muB_9,4,1500,0.955893091431754,1.0010912760922466,1746.6594118366381,2278.8425703692765,1770.4206259113344,0.001466770067681119,6.746815249913856,nan,400,checks_passed
5,compact_aligned,particle_muB_10,4,1500,0.9521077386597593,1.0013146667972495,1705.4985589091627,2082.9941929214233,1669.6216961663522,0.001682658246909505,6.587823366122073,nan,400,checks_passed
5,compact_aligned,particle_muB_11,4,1500,0.9561790680612036,1.0014354313933171,1707.773893802665,2331.243342793208,1799.1555683577772,0.0013995626254509422,6.596612294320732,nan,400,checks_passed
5,compact_aligned,particle_muB_12,4,1500,0.9566450973295343,1.002874814105522,1528.2415936800655,2390.8788226157676,1702.6134641261008,0.0013817324863284594,5.903133501540177,nan,400,checks_passed
5,compact_aligned,particle_muB_13,4,1500,0.957357867437275,1.0030902488741709,1433.2528418575034,2229.587357669173,1659.767022769036,0.001405812002434425,5.536220779446945,nan,400,checks_passed
5,compact_aligned,particle_muB_14,4,1500,0.9575396807957901,1.0027971552133481,1542.5575615979824,2283.3766872791944,1723.8931215446707,0.0013914074401603742,5.958431741146212,nan,400,checks_passed
5,compact_aligned,particle_muB_15,4,1500,0.9576403273803877,1.0018829458970329,1699.232494089375,2074.0584463133837,1527.2555284972561,0.0014775669272105048,6.5636194592833395,nan,400,checks_passed
5,compact_aligned,particle_muB_16,4,1500,0.9573801572885711,1.001887331996744,1686.2362285704476,1852.8807774828554,1682.4814673282094,0.0014126149902628194,6.513418829555057,nan,400,checks_passed
5,compact_aligned,particle_muB_17,4,1500,0.9594698304794622,1.0015745057545011,1724.3506682309567,1845.7456859964952,1483.049109618663,0.0014024147163586938,6.660643343390325,nan,400,checks_passed
5,compact_aligned,particle_muB_18,4,1500,0.9590316822788233,1.0013115757773674,1754.9988735188754,2259.5214658052832,1774.9266790412596,0.0013517068511758744,6.779028059619342,nan,400,checks_passed
5,compact_aligned,particle_muB_19,4,1500,0.9750322637501537,1.0017035445949862,1670.4774277639863,2153.136252251251,1692.4742190849365,0.0006986946155107613,6.452547364356477,nan,400,checks_passed
5,compact_aligned,particle_muB_20,4,1500,0.9758929346675522,1.0019731578643134,1619.416136955344,2309.5747356374154,1770.1109163842555,0.0006484084481864951,6.255313093511546,nan,400,checks_passed
5,compact_aligned,particle_muB_21,4,1500,0.9759169897806946,1.001577716843621,1307.1611981844505,1987.6010473416195,1405.7977760316587,0.0006916879773581189,5.049167024917025,nan,400,checks_passed
5,compact_aligned,particle_muB_22,4,1500,0.9768569500231973,1.0019686874725902,1590.2691471766827,2317.130271583518,1770.4700658275717,0.0006326080818138285,6.142727117221541,nan,400,checks_passed
5,compact_aligned,particle_muB_23,4,1500,0.9769456068438048,1.0014136689688633,1519.3265508730155,1999.7738542448947,1570.9350912009418,0.000648048430687101,5.868697396620905,nan,400,checks_passed
5,compact_aligned,particle_muB_24,4,1500,0.9772707780074325,1.0012317609555488,1492.768355209936,2309.9907285883496,1644.2971530949626,0.0006222262743337472,5.76611114637911,nan,400,checks_passed
5,compact_aligned,particle_muB_25,4,1500,0.9792025042847684,1.0009951217274649,1495.2546742023655,2023.6782961955346,1437.794796234071,0.0006099456318450311,5.775715042124666,nan,400,checks_passed
5,compact_aligned,particle_muB_26,4,1500,0.9800606615426052,1.004098405518163,1394.611065475439,2155.3566485069978,1465.7426874216071,0.0005669745448193535,5.386959323886966,nan,400,checks_passed
5,compact_aligned,particle_beta_0,4,1500,12.239051651918656,1.0008212619809824,1549.4253987840993,2334.4648507291795,1514.702383097496,0.18833193023903702,5.984960112016465,nan,400,checks_passed
5,compact_aligned,particle_beta_1,4,1500,12.451593861623875,1.0018414881146716,1067.580093247305,2228.9574830548318,1241.3177840297653,0.21352020692081253,4.123737922123901,nan,400,checks_passed
5,compact_aligned,particle_beta_2,4,1500,13.00281516586816,1.0008900088803419,1590.054427240528,1959.197816924735,1621.9896279074628,0.18947492581864844,6.141897719269146,nan,400,checks_passed
5,compact_aligned,particle_beta_3,4,1500,12.45937913143191,1.002593306964695,1552.2599019148336,2311.9045690755775,1542.83813519236,0.18057896023657685,5.995908937424995,nan,400,checks_passed
5,compact_aligned,particle_beta_4,4,1500,12.43215802470451,1.001591411535206,1644.3187019097616,2136.1922125591295,1595.3148263466983,0.18242895120919067,6.351504144759349,nan,400,checks_passed
5,compact_aligned,particle_beta_5,4,1500,12.309897232419344,1.0013268758758687,1600.3380030423687,2443.4229780651563,1649.6759547348254,0.17911390025507584,6.18162005183915,nan,400,checks_passed
5,compact_aligned,particle_beta_6,4,1500,12.302843687752167,1.0025538485551972,1666.3319156453,2133.5535128103525,1643.2783277774597,0.18023407192136878,6.436534509078844,nan,400,checks_passed
5,compact_aligned,particle_beta_7,4,1500,14.796598734616826,1.0020835637852579,1714.4410987016367,2172.7655461737545,1642.7059631344916,0.227596168775571,6.622365683551539,nan,400,checks_passed
5,compact_aligned,particle_beta_8,4,1500,15.12946004404661,1.002069759546185,1685.1853351225031,2111.7620835054217,1670.645796748618,0.22857818920136633,6.50935954707985,nan,400,checks_passed
5,compact_aligned,particle_beta_9,4,1500,14.56372546755005,1.0012735398905503,1746.6594118366381,2266.9361489482335,1725.6093533404676,0.2210632012259185,6.746815249913856,nan,400,checks_passed
5,compact_aligned,particle_beta_10,4,1500,15.160823765314435,1.0016519559157515,1705.4985589091627,2082.9941929214233,1649.869817444483,0.23748108526077358,6.587823366122073,nan,400,checks_passed
5,compact_aligned,particle_beta_11,4,1500,14.55202217480492,1.001575298581928,1707.773893802665,2331.243342793208,1694.3513884066322,0.2204815789619785,6.596612294320732,nan,400,checks_passed
5,compact_aligned,particle_beta_12,4,1500,14.519961807726379,1.002874814105522,1528.2415936800667,2346.4953912318515,1540.3054864424137,0.22768458587387758,5.903133501540181,nan,400,checks_passed
5,compact_aligned,particle_beta_13,4,1500,14.307561566914412,1.002438730804595,1433.2528418575039,2229.587357669173,1436.6723953104224,0.23781927207299103,5.536220779446947,nan,400,checks_passed
5,compact_aligned,particle_beta_14,4,1500,14.297929207592063,1.00222229752712,1542.5575615979828,2283.3766872791944,1545.8573113660148,0.228037151773519,5.958431741146214,nan,400,checks_passed
5,compact_aligned,particle_beta_15,4,1500,14.299982817111564,1.0018829458970329,1699.232494089375,2074.0584463133837,1593.3538375170663,0.22358987980147188,6.5636194592833395,nan,400,checks_passed
5,compact_aligned,particle_beta_16,4,1500,14.376379474511785,1.0015107533773853,1686.2362285704485,1852.8807774828554,1635.2002910580832,0.22013427741254388,6.513418829555061,nan,400,checks_passed
5,compact_aligned,particle_beta_17,4,1500,14.0523934917683,1.0015745057545011,1724.3506682309562,1836.7460790435257,1541.0011467401378,0.21909045105165237,6.660643343390324,nan,400,checks_passed
5,compact_aligned,particle_beta_18,4,1500,14.045691405863986,1.0013115757773674,1754.998873518874,2259.5214658052855,1675.298095382493,0.2150833255169964,6.779028059619336,nan,400,checks_passed
5,compact_aligned,particle_beta_19,4,1500,11.155895015461782,1.0016557677376747,1670.4774277639858,2153.136252251251,1636.8244052614066,0.1584821063161613,6.452547364356475,nan,400,checks_passed
5,compact_aligned,particle_beta_20,4,1500,11.094590227568522,1.0019731578643134,1619.4161369553433,2309.5747356374154,1641.5528901593611,0.1494934924782506,6.2553130935115435,nan,400,checks_passed
5,compact_aligned,particle_beta_21,4,1500,11.129749187292354,1.001698871923197,1307.161198184451,1987.6010473416195,1306.5648678916784,0.16520232286271497,5.049167024917026,nan,400,checks_passed
5,compact_aligned,particle_beta_22,4,1500,10.785881193398449,1.0019686874725902,1590.2691471766827,2317.130271583517,1608.7758779746603,0.15169058193328455,6.142727117221541,nan,400,checks_passed
5,compact_aligned,particle_beta_23,4,1500,10.843425256175745,1.0014136689688633,1519.3265508730155,1975.1566541536315,1503.932418352803,0.15283426389420102,5.868697396620905,nan,400,checks_passed
5,compact_aligned,particle_beta_24,4,1500,10.71068441555077,1.0009487611093135,1492.7683552099356,2309.9907285883487,1498.357476315094,0.1545959841975053,5.766111146379108,nan,400,checks_passed
5,compact_aligned,particle_beta_25,4,1500,10.267084978111328,1.0010933001412143,1495.2546742023649,2023.6782961955346,1438.6647221020696,0.14965766489994187,5.775715042124664,nan,400,checks_passed
5,compact_aligned,particle_beta_26,4,1500,10.014301946973852,1.004098405518163,1394.6110654754389,2155.3566485069964,1372.2090447774867,0.15175515765037356,5.386959323886965,nan,400,checks_passed
5,compact_tilted40,energy_kBT,4,1500,-584.0144419115752,1.0017009005875386,1495.9709473779365,2627.188579978195,1506.3762778565588,0.15215870960382447,5.868284642814023,nan,400,checks_passed
5,compact_tilted40,local_beta_deg,4,1500,26.50228369850395,1.0055322793398602,649.9313434693145,1555.6546969451406,645.272164292611,0.12881682479835213,2.5495028018087,0.25,400,checks_passed
5,compact_tilted40,magnetization,4,1500,0.833675432241503,1.011876986951703,666.6282356085906,1708.2497106146104,641.2971242749276,0.0008300702725342404,2.6150001404404257,0.002,400,high_rhat
5,compact_tilted40,abs_muB,4,1500,0.833675432241503,1.011876986951703,666.6282356085906,1708.2497106146104,641.2971242749276,0.0008300702725342404,2.6150001404404257,nan,400,high_rhat
5,compact_tilted40,particle_muB_0,4,1500,0.7886913925718821,1.006899864831273,375.48445855193415,427.0146210088222,278.42922220618254,0.00900738639253642,1.4729227767409192,nan,400,low_ess
5,compact_tilted40,particle_muB_1,4,1500,0.8379122335460866,1.001646487027058,1256.622973788081,793.0981428176127,900.4111021650441,0.0036024814613248627,4.929388041801917,nan,400,checks_passed
5,compact_tilted40,particle_muB_2,4,1500,0.8249426657622404,1.0003585565591089,1782.0190630146838,2672.832205626818,1753.5192272780414,0.002309711658968759,6.990373121229464,nan,400,checks_passed
5,compact_tilted40,particle_muB_3,4,1500,0.8197958091064811,1.0059173043803997,1767.680065111964,2383.815252151865,1716.6681989009146,0.002339962263073588,6.934125156432181,nan,400,checks_passed
5,compact_tilted40,particle_muB_4,4,1500,0.8386133632991444,1.0029290072238617,900.6886652946628,624.4037695599249,690.406521516074,0.0041672571866323786,3.5331551536943193,nan,400,checks_passed
5,compact_tilted40,particle_muB_5,4,1500,0.8136490911673315,1.0082711454919138,654.8755298037566,967.7633085088812,572.0000257002338,0.005042204979973818,2.56889749178478,nan,400,checks_passed
5,compact_tilted40,particle_muB_6,4,1500,0.8117800314227743,1.006420121262946,713.3720797425867,1131.0543765748503,594.1430053632339,0.004865675191034216,2.7983634491720637,nan,400,checks_passed
5,compact_tilted40,particle_muB_7,4,1500,0.8367831850681507,1.004090545444801,1462.6847460315007,1853.7619885085114,1278.1949812795476,0.0026143610412164607,5.737711983952383,nan,400,checks_passed
5,compact_tilted40,particle_muB_8,4,1500,0.8398769474152741,1.0011359077147632,1413.1391887698023,1870.2369956877692,1267.409906555709,0.0026648138020323843,5.543358321330729,nan,400,checks_passed
5,compact_tilted40,particle_muB_9,4,1500,0.7901430468307342,1.004234162268028,1237.27260374844,1250.5612494448274,1043.9214992603188,0.0033943470679182455,4.85348183551133,nan,400,checks_passed
5,compact_tilted40,particle_muB_10,4,1500,0.7924012942588627,1.003458152607696,1635.8709130078166,1497.7172717289043,1511.622918916889,0.0028002860608416992,6.417073923297709,nan,400,checks_passed
5,compact_tilted40,particle_muB_11,4,1500,0.8455814529690681,1.0033872167960154,1008.7776280039049,541.1959754396714,669.9554973701523,0.004360090509100972,3.9571585750415763,nan,400,checks_passed
5,compact_tilted40,particle_muB_12,4,1500,0.8446064495851864,1.0052466984686812,886.4353960958316,639.0361663204692,565.8382749961021,0.0046576088956074,3.4772434791420834,nan,400,checks_passed
5,compact_tilted40,particle_muB_13,4,1500,0.8267674761559474,1.0055656415272725,1857.2571472155114,2474.3997251226383,1759.9552385648433,0.002386185932386139,7.285511536079255,nan,400,checks_passed
5,compact_tilted40,particle_muB_14,4,1500,0.865670168095858,1.0024896039510753,1762.700561702788,2403.7121484294607,1688.042918371534,0.0020148597225848734,6.914591927236704,nan,400,checks_passed
5,compact_tilted40,particle_muB_15,4,1500,0.8306121534799394,1.001355470251577,2178.4212557712617,2593.7792360134,2037.555453530485,0.0020404065744918033,8.545350444959233,nan,400,checks_passed
5,compact_tilted40,particle_muB_16,4,1500,0.8659371128046244,1.0014860834868582,2039.8459188545767,2508.350283986605,1764.1097689302208,0.001963204811897091,8.001757320422758,nan,400,checks_passed
5,compact_tilted40,particle_muB_17,4,1500,0.8204797735825922,1.0033109405219134,1633.7467291320388,1345.509764370839,1313.111289176422,0.002772453723858751,6.408741331251996,nan,400,checks_passed
5,compact_tilted40,particle_muB_18,4,1500,0.8242220342632925,1.002165116777089,1656.761351694366,1496.0260301979588,1259.7823719117673,0.0028842595002164266,6.4990213974387,nan,400,checks_passed
5,compact_tilted40,particle_muB_19,4,1500,0.8541538534063936,1.0068702121413162,1323.3071180450702,2320.964500791698,1310.8837902447385,0.002309348776257222,5.190971691102308,nan,400,checks_passed
5,compact_tilted40,particle_muB_20,4,1500,0.8540651380967171,1.0016404143510242,1686.099034983328,1895.1711550332363,1555.1810220459013,0.00213818617642781,6.614105100502662,nan,400,checks_passed
5,compact_tilted40,particle_muB_21,4,1500,0.8586094099662523,1.003865515370828,1978.8863568823488,2552.8417499284046,2007.5539036524672,0.001733931368965106,7.762629640850302,nan,400,checks_passed
5,compact_tilted40,particle_muB_22,4,1500,0.8622245438502054,1.001397028800821,1718.2035335042322,2620.605554161241,1791.2914159468185,0.0018723897430702444,6.740042262561646,nan,400,checks_passed
5,compact_tilted40,particle_muB_23,4,1500,0.8383770271593428,1.0039787509351874,1345.0560439281023,1953.4132574043736,1312.1287706363846,0.0023526010200906463,5.2762867755835945,nan,400,checks_passed
5,compact_tilted40,particle_muB_24,4,1500,0.8398872599175834,1.0049384868185216,1180.988483268625,2366.74739371775,1194.1531849774808,0.002503138101006936,4.632694633443729,nan,400,checks_passed
5,compact_tilted40,particle_muB_25,4,1500,0.8419229439800693,1.0014210122337832,1562.0934474895037,2409.988060413702,1605.1299687653852,0.0019524123795701092,6.127665115830087,nan,400,checks_passed
5,compact_tilted40,particle_muB_26,4,1500,0.841530812758544,1.0031668901499853,1766.1761237159242,2425.556898712457,1831.8544302124758,0.0018393724997445282,6.9282256059004395,nan,400,checks_passed
5,compact_tilted40,particle_beta_0,4,1500,37.66889366226976,1.0066892191264114,213.33164418270027,279.2365380429233,175.77157376332468,2.148673772179079,0.8368416603128942,nan,400,low_ess
5,compact_tilted40,particle_beta_1,4,1500,31.29266543998296,1.0059335277686365,385.96976245913663,688.2463422791001,319.222309613906,1.2158122029343155,1.5140537545862593,nan,400,low_ess
5,compact_tilted40,particle_beta_2,4,1500,27.880019624400177,1.0070864313566774,404.3088840351474,968.2742716229561,326.4310458549264,1.1641421871109592,1.585993109889805,nan,400,low_ess
5,compact_tilted40,particle_beta_3,4,1500,28.276268703751818,1.021756162371386,367.90679041429223,841.2088265900503,239.54754955732204,1.3881592561985778,1.4431976583230741,nan,400,"high_rhat,low_ess"
5,compact_tilted40,particle_beta_4,4,1500,31.87834782181423,1.001646203303987,381.3953690074874,650.6262713489444,330.6676860205898,1.2310517568790407,1.4961096608927602,nan,400,low_ess
5,compact_tilted40,particle_beta_5,4,1500,28.8186520740527,1.01019952867814,522.7937602990579,608.4192081076895,438.31618994373423,0.979984133751549,2.0507768551917565,nan,400,high_rhat
5,compact_tilted40,particle_beta_6,4,1500,30.337404157092255,1.007661841872404,489.502936015084,483.2833258264521,397.7234287942415,1.107619513317326,1.9201860618112556,nan,400,low_ess
5,compact_tilted40,particle_beta_7,4,1500,36.68344480555317,1.023127107305719,351.18406154946274,1191.582589351753,297.70885151154727,1.3074803649644997,1.3775989692874175,nan,400,"high_rhat,low_ess"
5,compact_tilted40,particle_beta_8,4,1500,36.96752834684788,1.0026511757239491,507.23959768899084,1296.0818018938085,467.40626852941887,1.0147179763669918,1.9897621317865506,nan,400,checks_passed
5,compact_tilted40,particle_beta_9,4,1500,21.981429235226507,1.0153987698798734,405.0866110561062,232.01474885796648,207.99523844711788,1.4289828256697858,1.5890439201621527,nan,400,"high_rhat,low_ess"
5,compact_tilted40,particle_beta_10,4,1500,19.087075212969417,1.004420250092565,620.8198773399159,227.06132941758895,282.2729348665629,0.9377824088273355,2.43530648675567,nan,400,low_ess
5,compact_tilted40,particle_beta_11,4,1500,31.114936976818566,1.0066722944390556,481.1392947900735,533.0985164192055,401.0407468280053,1.1162997790496547,1.8873777860591356,nan,400,checks_passed
5,compact_tilted40,particle_beta_12,4,1500,29.233512808397137,1.0066195741077286,390.2712402662069,331.271314591883,292.2196464964185,1.2482006550731641,1.5309272748915028,nan,400,low_ess
5,compact_tilted40,particle_beta_13,4,1500,23.353792225417294,1.0105689751632723,428.16515030355174,346.5910371583548,279.55608621883425,1.0860100399811787,1.6795747140132917,nan,400,"high_rhat,low_ess"
5,compact_tilted40,particle_beta_14,4,1500,41.183699042575896,1.0045146676282917,902.9650510719692,1765.7426542920712,888.0610404070712,0.6488175042878882,3.54208479214853,nan,400,checks_passed
5,compact_tilted40,particle_beta_15,4,1500,20.292244366487086,1.004512805861777,843.2278031491271,478.1075541142423,523.2417488774541,0.6587950779291001,3.3077519160963416,nan,400,checks_passed
5,compact_tilted40,particle_beta_16,4,1500,41.11723493369338,1.0015705335827232,974.7560213877234,2000.7488853915518,949.1151592026436,0.6290547535715951,3.8237011225559305,nan,400,checks_passed
5,compact_tilted40,particle_beta_17,4,1500,19.89535940228315,1.0031006856093527,690.6530689909222,474.95698221825324,394.2049159529884,0.7736644617764947,2.709242987222185,nan,400,low_ess
5,compact_tilted40,particle_beta_18,4,1500,22.74760905160914,1.0080960912720702,469.07181024380975,271.8561981291146,271.9429071192861,1.1321922711619838,1.8400403465424413,nan,400,low_ess
5,compact_tilted40,particle_beta_19,4,1500,20.5549672796695,1.0026764719122931,964.3906651405924,803.8099808658374,752.7513741821983,0.46580231435943054,3.783040666556468,nan,400,checks_passed
5,compact_tilted40,particle_beta_20,4,1500,21.442704996443844,1.0067257799456302,785.9944007884355,803.532743353434,633.4910999102324,0.5575728106554196,3.0832409409882193,nan,400,checks_passed
5,compact_tilted40,particle_beta_21,4,1500,21.988420662810377,1.0038370789089697,911.8974857942944,1440.815480930319,765.9435101139676,0.5447559080639431,3.5771242891359782,nan,400,checks_passed
5,compact_tilted40,particle_beta_22,4,1500,22.038890314222108,1.0020823730469794,863.2643860774276,1606.9190782985024,802.1684714545015,0.5146302232599465,3.3863499477617993,nan,400,checks_passed
5,compact_tilted40,particle_beta_23,4,1500,19.7547658677194,1.0042909674372378,749.8381596906981,821.077031213885,606.2612190867596,0.5698526035060244,2.9414099015902795,nan,400,checks_passed
5,compact_tilted40,particle_beta_24,4,1500,19.848986463429778,1.0119265880221708,655.364769051594,799.3307830239206,547.1984658669743,0.6059624596974119,2.5708166434700304,nan,400,high_rhat
5,compact_tilted40,particle_beta_25,4,1500,15.111406517783731,1.0025325910929146,1125.9574831408231,1713.872329663748,1078.5178706398824,0.2698218550549348,4.416823079591226,nan,400,checks_passed
5,compact_tilted40,particle_beta_26,4,1500,15.011399866285393,1.0035975022249228,1421.9183768482264,2089.520932015651,1416.3674630922678,0.2318561394173062,5.577796673671255,nan,400,checks_passed
5,expanded_aligned,energy_kBT,4,1500,-613.371016971535,1.001901063256623,1487.3616265157027,2626.5624969780547,1473.3521824931559,0.15138647331564936,5.683124444380747,nan,400,checks_passed
5,expanded_aligned,local_beta_deg,4,1500,12.649277395528285,1.002568275591448,1496.2382305798344,2466.8631802235436,1496.889445583494,0.03752673228792104,5.717041445223463,0.25,400,checks_passed
5,expanded_aligned,magnetization,4,1500,0.9672355080870915,1.00158751176152,1601.3307633051677,3099.257706718525,1635.4576043676932,0.00020277976565494224,6.118594054223033,0.002,400,checks_passed
5,expanded_aligned,abs_muB,4,1500,0.9672355080870915,1.00158751176152,1601.3307633051677,3099.257706718525,1635.4576043676932,0.00020277976565494224,6.118594054223033,nan,400,checks_passed
5,expanded_aligned,particle_muB_0,4,1500,0.970700966333786,1.0021033673269555,1603.5359039221535,2521.9388736936435,1968.8906874785073,0.0007830827791165236,6.127019771493316,nan,400,checks_passed
5,expanded_aligned,particle_muB_1,4,1500,0.9677735392307731,1.0028482507169947,1538.6833375762178,2301.1122997527664,1579.1660162847504,0.0010135160359143398,5.879221792500935,nan,400,checks_passed
5,expanded_aligned,particle_muB_2,4,1500,0.9702245330631895,1.002062937237813,1695.317635244781,2224.9607490753856,1942.0979670344375,0.0008420339280474345,6.477712563029916,nan,400,checks_passed
5,expanded_aligned,particle_muB_3,4,1500,0.9680346110510423,1.0002272631818618,1653.1665780982012,2233.927376072684,1733.4345346199484,0.0009884701853385106,6.316655763556485,nan,400,checks_passed
5,expanded_aligned,particle_muB_4,4,1500,0.9697066306901451,1.0039415356835735,1607.1344241372965,2507.940435741123,1705.0505787616576,0.0009139448684581131,6.140769513206221,nan,400,checks_passed
5,expanded_aligned,particle_muB_5,4,1500,0.9702204655228682,1.0010976965729002,1654.266789305771,2451.970175816847,1956.152102802637,0.0008105041806781111,6.320859608200755,nan,400,checks_passed
5,expanded_aligned,particle_muB_6,4,1500,0.9690104644861773,1.0035121983793462,1646.0301752802707,2380.233798751598,1758.0121894027745,0.000932845891164173,6.289387973009449,nan,400,checks_passed
5,expanded_aligned,particle_muB_7,4,1500,0.9567918570229473,1.0024331120383572,1594.100059704178,2051.198081720443,1594.607583500826,0.0014649723914126238,6.090965945730601,nan,400,checks_passed
5,expanded_aligned,particle_muB_8,4,1500,0.9598466400688563,1.0030013645486047,1561.4796893350294,2519.3941189723478,1631.3091471062576,0.001268007723430256,5.966325360062174,nan,400,checks_passed
5,expanded_aligned,particle_muB_9,4,1500,0.9595036086172788,1.0020431152310225,1560.2547612432104,2082.613694512278,1612.7025447050867,0.001377982438349065,5.961644979274394,nan,400,checks_passed
5,expanded_aligned,particle_muB_10,4,1500,0.959297824103977,1.001989876832437,1610.2771080623463,2048.0187281773988,1869.3221939576194,0.0012783050371630734,6.152777530299719,nan,400,checks_passed
5,expanded_aligned,particle_muB_11,4,1500,0.959357202995412,1.0001507011864144,1707.727763294328,2500.7264218946652,1898.3213429340708,0.0012511931961098678,6.525130958676909,nan,400,checks_passed
5,expanded_aligned,particle_muB_12,4,1500,0.9588701941893985,1.002028351772919,1680.9041761222377,2396.7249035607256,1818.7308823120156,0.0011987633484144922,6.422639552938014,nan,400,checks_passed
5,expanded_aligned,particle_muB_13,4,1500,0.9635673272189894,1.001007190423019,1677.8166966160504,1858.3832834056816,1774.9536317118925,0.0011070140661843218,6.4108424687990055,nan,400,checks_passed
5,expanded_aligned,particle_muB_14,4,1500,0.9630515299577421,1.0020745725540634,1803.2381834083462,2668.0262110182352,2046.2007331337604,0.0010036017281520053,6.89007085867595,nan,400,checks_passed
5,expanded_aligned,particle_muB_15,4,1500,0.9606348801416571,1.0025390114609942,1658.421824018398,2170.146818646127,1655.6683419182898,0.0013943921584798722,6.336735760255247,nan,400,checks_passed
5,expanded_aligned,particle_muB_16,4,1500,0.9629748098674372,1.000660569663221,1595.950648537509,1950.3812067217218,1704.6736599197561,0.0012190874445954186,6.098036940737941,nan,400,checks_passed
5,expanded_aligned,particle_muB_17,4,1500,0.961425856492339,1.000834492540342,1570.0934080196314,2333.4600642086994,1807.3311143615558,0.0012346749557022884,5.9992378907748005,nan,400,checks_passed
5,expanded_aligned,particle_muB_18,4,1500,0.9611905515785467,1.0021309978026303,1596.5822604546606,2120.750905402413,1643.4730847745393,0.0012640178778029357,6.1004502940622,nan,400,checks_passed
5,expanded_aligned,particle_muB_19,4,1500,0.974176341870231,1.0033329089129266,1574.1522349035997,2095.313808090599,1759.07473674691,0.000694603743844036,6.014746438170787,nan,400,checks_passed
5,expanded_aligned,particle_muB_20,4,1500,0.9739894009419571,1.0012877363891166,1512.0196420985735,2264.410147197624,1683.030722338339,0.0007055556123965753,5.777341323860967,nan,400,checks_passed
5,expanded_aligned,particle_muB_21,4,1500,0.9750202548297866,1.0029582284098177,1463.9881530632051,2023.2818678269448,1546.0659988889013,0.0006841574269015918,5.593815727549622,nan,400,checks_passed
5,expanded_aligned,particle_muB_22,4,1500,0.9751993309456645,1.0027980429626961,1611.5003354057978,2267.3149238483707,1761.9668274995433,0.000652477861801996,6.1574514126244155,nan,400,checks_passed
5,expanded_aligned,particle_muB_23,4,1500,0.9743022867261152,1.0044770273081223,1519.0697417792137,1683.3996280020722,1738.046889547379,0.0007330485746092748,5.804279355013638,nan,400,checks_passed
5,expanded_aligned,particle_muB_24,4,1500,0.9748555485210594,1.0010895042097303,1489.389117118725,2352.69879420931,1519.3302596970166,0.000736193407469754,5.690871371020088,nan,400,checks_passed
5,expanded_aligned,particle_muB_25,4,1500,0.9778296502091713,1.0017147986142285,1341.543658015451,1871.13637307619,1418.3453930964065,0.0006438514933298326,5.12596225433888,nan,400,checks_passed
5,expanded_aligned,particle_muB_26,4,1500,0.9778024116749205,1.00951133246026,1300.8044530349239,1850.4541188395913,1562.3283636791855,0.0006382311452160748,4.97030006194264,nan,400,checks_passed
5,expanded_aligned,particle_beta_0,4,1500,12.120273689970057,1.0018478305641059,1603.5359039221541,2521.9388736936435,1704.2784058773886,0.16750808560063798,6.127019771493319,nan,400,checks_passed
5,expanded_aligned,particle_beta_1,4,1500,12.625390050938702,1.0039326002126794,1538.6833375762167,2301.112299752762,1499.9786936383734,0.19191960138719474,5.879221792500931,nan,400,checks_passed
5,expanded_aligned,particle_beta_2,4,1500,12.124516558060998,1.0019737219936653,1695.3176352447815,2233.8542078581886,1741.1367888557425,0.1712918768592821,6.477712563029918,nan,400,checks_passed
5,expanded_aligned,particle_beta_3,4,1500,12.541121464845691,1.0004737891960456,1653.1665780982012,2233.927376072684,1638.5162556710125,0.1844305399652148,6.316655763556485,nan,400,checks_passed
5,expanded_aligned,particle_beta_4,4,1500,12.234848775691978,1.0039415356835735,1607.1344241372965,2507.940435741123,1606.4259368627959,0.17972015682327913,6.140769513206221,nan,400,checks_passed
5,expanded_aligned,particle_beta_5,4,1500,12.185387017475058,1.001269090060268,1654.2667893057715,2451.970175816846,1706.1252113291118,0.17036160105403336,6.320859608200757,nan,400,checks_passed
5,expanded_aligned,particle_beta_6,4,1500,12.37635038540165,1.0035121983793462,1646.0301752802727,2380.2337987515984,1558.1881542657563,0.1846977328744298,6.289387973009457,nan,400,checks_passed
5,expanded_aligned,particle_beta_7,4,1500,14.39615078797103,1.0022087301560023,1594.100059704178,2051.198081720443,1556.1741459844484,0.23045163323439147,6.090965945730601,nan,400,checks_passed
5,expanded_aligned,particle_beta_8,4,1500,14.058536781242772,1.002862861228088,1561.4796893350294,2519.394118972347,1535.6347650031082,0.21491294241591546,5.966325360062174,nan,400,checks_passed
5,expanded_aligned,particle_beta_9,4,1500,13.989532799724557,1.0020431152310227,1560.2547612432104,2082.6136945122785,1496.17628344683,0.2249571547234571,5.961644979274394,nan,400,checks_passed
5,expanded_aligned,particle_beta_10,4,1500,13.985504339239586,1.0019101890049937,1610.2771080623454,2048.0187281773988,1669.2999176726994,0.21503685633955819,6.152777530299716,nan,400,checks_passed
5,expanded_aligned,particle_beta_11,4,1500,14.091829417702055,1.0001983709226543,1707.7277632943262,2477.974239167839,1690.3397480759654,0.20881943613276485,6.525130958676902,nan,400,checks_passed
5,expanded_aligned,particle_beta_12,4,1500,14.244956141337454,1.0028597609211958,1680.9041761222377,2398.0861131013453,1693.5211917612626,0.20634459008654363,6.422639552938014,nan,400,checks_passed
5,expanded_aligned,particle_beta_13,4,1500,13.418738718178979,1.0008987520756285,1677.81669661605,1862.913938406162,1687.7823130191643,0.19352524275051247,6.410842468799004,nan,400,checks_passed
5,expanded_aligned,particle_beta_14,4,1500,13.521199701615924,1.0020745725540634,1803.2381834083462,2616.374396955501,1818.4006153182825,0.1871731653395753,6.89007085867595,nan,400,checks_passed
5,expanded_aligned,particle_beta_15,4,1500,13.63161350942073,1.002653739242548,1658.421824018398,2170.146818646127,1599.9548758876379,0.22118339569711898,6.336735760255247,nan,400,checks_passed
5,expanded_aligned,particle_beta_16,4,1500,13.3584924800627,1.000660569663221,1595.950648537509,1957.7295583394534,1593.9425697400202,0.2083678158783411,6.098036940737941,nan,400,checks_passed
5,expanded_aligned,particle_beta_17,4,1500,13.67891143686757,1.000834492540342,1570.0934080196307,2333.4600642086984,1586.898581795841,0.21171466136130224,5.999237890774798,nan,400,checks_passed
5,expanded_aligned,particle_beta_18,4,1500,13.73131973933017,1.0021309978026303,1596.5822604546597,2120.7509054024135,1589.2134951248563,0.21147285723904602,6.100450294062196,nan,400,checks_passed
5,expanded_aligned,particle_beta_19,4,1500,11.42993950939205,1.0033329089129266,1574.1522349036004,2095.3138080905997,1625.234032668998,0.15808708209151304,6.01474643817079,nan,400,checks_passed
5,expanded_aligned,particle_beta_20,4,1500,11.470944729896607,1.0012877363891166,1512.0196420985726,2264.410147197624,1529.3015999465383,0.16354195474069605,5.777341323860964,nan,400,checks_passed
5,expanded_aligned,particle_beta_21,4,1500,11.270692269258653,1.0029872387009047,1463.9881530632051,2029.5689688949956,1461.5857476799122,0.16228927858112036,5.593815727549622,nan,400,checks_passed
5,expanded_aligned,particle_beta_22,4,1500,11.222425504225347,1.0027980429626961,1611.5003354057974,2267.314923848372,1616.9595118985928,0.15416301521163814,6.157451412624414,nan,400,checks_passed
5,expanded_aligned,particle_beta_23,4,1500,11.344613753188668,1.0044770273081223,1519.0697417792137,1683.399628002072,1569.9177204827583,0.163236404252904,5.804279355013638,nan,400,checks_passed
5,expanded_aligned,particle_beta_24,4,1500,11.261519765641376,1.0010895042097303,1489.389117118725,2352.69879420931,1454.8811273912893,0.16563901076922954,5.690871371020088,nan,400,checks_passed
5,expanded_aligned,particle_beta_25,4,1500,10.637557040381031,1.0017147986142285,1341.543658015451,1871.1363730761905,1347.3242732910023,0.15796035277849682,5.12596225433888,nan,400,checks_passed
5,expanded_aligned,particle_beta_26,4,1500,10.57812331220235,1.00951133246026,1300.8044530349243,1850.4541188395913,1392.6630618753038,0.15879333689883324,4.970300061942642,nan,400,checks_passed
5,expanded_tilted,energy_kBT,4,1500,-548.6735786304539,1.0012715104103462,1484.5943669560243,3098.366936060788,1489.119912193169,0.15449601654489134,5.79388957701058,nan,400,checks_passed
5,expanded_tilted,local_beta_deg,4,1500,25.656414703579518,1.001159197750594,1015.7818354375091,2176.107412032558,1011.2832207321012,0.099629067936693,3.9642665497412546,0.25,400,checks_passed
5,expanded_tilted,magnetization,4,1500,0.8480767078327581,1.0008525362198832,1635.2490864563401,2740.518100933161,1615.3636756982628,0.00045766320177656824,6.3818460104099985,0.002,400,checks_passed
5,expanded_tilted,abs_muB,4,1500,0.8480767078327581,1.0008525362198832,1635.2490864563401,2740.518100933161,1615.3636756982628,0.00045766320177656824,6.3818460104099985,nan,400,checks_passed
5,expanded_tilted,particle_muB_0,4,1500,0.8404250347971834,1.0028730451637564,1688.3973824427042,1101.2931808768135,1317.7891148252347,0.002965832888729088,6.5892665456115775,nan,400,checks_passed
5,expanded_tilted,particle_muB_1,4,1500,0.8651320535465945,1.0010303061303114,2008.9716678761167,2283.424683507382,1881.6074533947601,0.002012533656969669,7.840363850283812,nan,400,checks_passed
5,expanded_tilted,particle_muB_2,4,1500,0.834192577340682,1.0013215123244898,1915.102108055605,2364.6677570873558,1810.5339171637781,0.0021786441201471552,7.474021449727779,nan,400,checks_passed
5,expanded_tilted,particle_muB_3,4,1500,0.8361015482305074,1.0011334128151919,2193.4308829561983,2498.901431247592,2066.394899961917,0.0020522492522290253,8.560248249298034,nan,400,checks_passed
5,expanded_tilted,particle_muB_4,4,1500,0.8601911215621031,1.0011822119275662,2151.7534735368363,2217.7721683582063,2023.9347229416674,0.0019966516541753392,8.39759485830696,nan,400,checks_passed
5,expanded_tilted,particle_muB_5,4,1500,0.8427602193702195,1.0046202776750777,1847.9866480534504,1453.856560893159,1539.0858675375357,0.0025698658589077203,7.212091610292875,nan,400,checks_passed
5,expanded_tilted,particle_muB_6,4,1500,0.8449978346096538,1.0007866000541887,1812.199571744616,1794.8955744744162,1596.8361193373535,0.0024884134693460677,7.072426276089448,nan,400,checks_passed
5,expanded_tilted,particle_muB_7,4,1500,0.847661054232067,1.0046193878173448,2046.9312358362454,2755.7772985233705,1960.3095704093116,0.001995270486785097,7.988507713717,nan,400,checks_passed
5,expanded_tilted,particle_muB_8,4,1500,0.8461608114532612,1.0063210336358002,2107.395950019961,2226.068178694075,1916.9655947480073,0.0020865417470057146,8.224481852568312,nan,400,checks_passed
5,expanded_tilted,particle_muB_9,4,1500,0.8129471231694233,1.0023842852250784,2438.0030387960364,2776.9535902128528,2392.4196205340227,0.00205527832900439,9.51473392975557,nan,400,checks_passed
5,expanded_tilted,particle_muB_10,4,1500,0.8077218678986745,1.0035092604952875,2135.7545541680406,2166.6898805008213,1982.460891517384,0.0023219956929955063,8.335156272901063,nan,400,checks_passed
5,expanded_tilted,particle_muB_11,4,1500,0.8664446277462471,1.0023634428202632,1968.7051867896996,1867.931245307251,1602.938169896783,0.0022958434554190125,7.683216854267764,nan,400,checks_passed
5,expanded_tilted,particle_muB_12,4,1500,0.8639580864316584,1.0014994086201054,2053.8332828371704,1984.2135071042244,1710.8429693743597,0.0023087341089002037,8.015444161186277,nan,400,checks_passed
5,expanded_tilted,particle_muB_13,4,1500,0.8399060778012694,1.0032309151289796,2126.784325408317,2807.8647170343215,2190.006360380795,0.0019073930385408203,8.300148383829702,nan,400,checks_passed
5,expanded_tilted,particle_muB_14,4,1500,0.8670902691291973,1.0013213654322617,2315.780990946872,2787.156120822531,2129.344760520906,0.001806709567355723,9.037740978094224,nan,400,checks_passed
5,expanded_tilted,particle_muB_15,4,1500,0.8410503448456175,1.0020285348449158,2677.7206749097973,3202.5480543875515,2614.610998748168,0.0017572025696377907,10.450273996604198,nan,400,checks_passed
5,expanded_tilted,particle_muB_16,4,1500,0.8689778578458545,1.0012821038772908,2283.633935861031,2675.888030332424,2087.0315199459174,0.001817533026813173,8.9122814643448,nan,400,checks_passed
5,expanded_tilted,particle_muB_17,4,1500,0.8335087571264409,1.0006753233264598,2465.653411095289,2424.0299360190156,2322.5828837557406,0.0020047641886804324,9.622644351235598,nan,400,checks_passed
5,expanded_tilted,particle_muB_18,4,1500,0.8339942220109205,1.0011700510149129,2411.989360385321,2992.7360189859473,2327.611496036517,0.001996671372837492,9.413210992879161,nan,400,checks_passed
5,expanded_tilted,particle_muB_19,4,1500,0.8607522885828348,1.0016615656122128,1825.7744002004627,2349.698186660582,1785.036896399191,0.0019123620241357764,7.1254044220737285,nan,400,checks_passed
5,expanded_tilted,particle_muB_20,4,1500,0.8587911065789818,1.0019255404909684,2022.4802406580238,2539.9941019085904,1977.7371692583756,0.0017924420706019804,7.893083421894377,nan,400,checks_passed
5,expanded_tilted,particle_muB_21,4,1500,0.8635937179817832,1.0012667484189408,2164.6995258756842,2777.043761649149,2106.865583202836,0.001695343446234144,8.448119095350428,nan,400,checks_passed
5,expanded_tilted,particle_muB_22,4,1500,0.8645220168296731,1.0018148181675026,1980.8240623645909,2890.7031557753467,1957.2012300371025,0.0017013034996757898,7.730512889091349,nan,400,checks_passed
5,expanded_tilted,particle_muB_23,4,1500,0.849034920275581,1.0023532905589807,1974.2243228661127,2968.3590572860817,1941.5369490474484,0.0019317946807824885,7.7047562496063025,nan,400,checks_passed
5,expanded_tilted,particle_muB_24,4,1500,0.8504859500303231,1.0002520172936455,2119.105349449269,2439.816985739977,2080.248602819619,0.0017928702788670308,8.270179835004836,nan,400,checks_passed
5,expanded_tilted,particle_muB_25,4,1500,0.8499723847532147,1.0016845638728036,2070.934233128522,2679.24945023853,2075.862490386497,0.0016568411090668535,8.082183615312857,nan,400,checks_passed
5,expanded_tilted,particle_muB_26,4,1500,0.8476972373045003,1.002407065719714,1854.980065769535,2412.676807147808,1868.3948675065355,0.0017887433047449432,7.239384647983691,nan,400,checks_passed
5,expanded_tilted,particle_beta_0,4,1500,29.10953638876063,1.0026335540868192,644.0101657904266,1023.7954027597413,532.9942391867417,0.9216860580059706,2.513362484806286,nan,400,checks_passed
5,expanded_tilted,particle_beta_1,4,1500,26.575088101040098,1.0010668505468818,980.9582066778016,1876.9493962220151,884.7666401407893,0.5806689436434935,3.828361238367719,nan,400,checks_passed
5,expanded_tilted,particle_beta_2,4,1500,28.22805853540996,1.0108851314912457,692.7294865843345,1271.1292549212378,611.5341641823791,0.8401095805120847,2.7034981684850714,nan,400,high_rhat
5,expanded_tilted,particle_beta_3,4,1500,28.262620181758898,1.006106313982516,819.7319607762633,1394.291138436536,721.2368173011491,0.7480393681931391,3.199147571347832,nan,400,checks_passed
5,expanded_tilted,particle_beta_4,4,1500,26.750281625226762,1.0033063259568935,1012.3682248831209,1583.030754934674,949.6080488666393,0.5808108327373034,3.950944336582386,nan,400,checks_passed
5,expanded_tilted,particle_beta_5,4,1500,26.268769089273675,1.0070408814659706,914.3984616276384,977.5216468466615,735.397714474175,0.6739819901561406,3.568600173878886,nan,400,checks_passed
5,expanded_tilted,particle_beta_6,4,1500,25.606516918128627,1.0017538139515316,838.6754675868793,960.4470792623961,654.2188862112835,0.6806160553438115,3.2730779250558952,nan,400,checks_passed
5,expanded_tilted,particle_beta_7,4,1500,36.379085018299136,1.0045830010375287,838.9347710848842,2023.407479174435,813.6489856478001,0.7491568500081914,3.274089902379677,nan,400,checks_passed
5,expanded_tilted,particle_beta_8,4,1500,36.39658006536167,1.012022752539273,754.0630437940127,1360.4027180125272,745.8996173938644,0.7863947323831938,2.9428631194425225,nan,400,high_rhat
5,expanded_tilted,particle_beta_9,4,1500,20.372663611744823,1.0050150620830496,932.4904433695708,906.8067698914476,729.4584539612671,0.606493953635513,3.639207301842718,nan,400,checks_passed
5,expanded_tilted,particle_beta_10,4,1500,20.4933982784568,1.0084935140443945,809.3984444920326,557.8102471818086,521.8787946706852,0.7326802085353601,3.158819213901729,nan,400,checks_passed
5,expanded_tilted,particle_beta_11,4,1500,29.078740298313367,1.004164144842443,1074.3185612186164,996.15034614671,838.1334606653697,0.6724885874367108,4.192716376121021,nan,400,checks_passed
5,expanded_tilted,particle_beta_12,4,1500,30.615203895258727,1.0019922067016327,912.8718501749504,1327.1441909794626,784.6497650772438,0.7192130679794249,3.562642305264572,nan,400,checks_passed
5,expanded_tilted,particle_beta_13,4,1500,21.54579303216172,1.0056837048698428,1258.0356810915755,1223.5391843341274,1058.7718954650247,0.4700494294730611,4.909704618594847,nan,400,checks_passed
5,expanded_tilted,particle_beta_14,4,1500,40.48997083360173,1.001713017371699,1098.1368222190367,2146.8135559736297,1066.7199804199633,0.6114968086954186,4.285671311977208,nan,400,checks_passed
5,expanded_tilted,particle_beta_15,4,1500,21.726366306599967,1.002803580541331,950.5033528243085,999.6337046153902,693.4349049802016,0.5980038419713448,3.7095058363544897,nan,400,checks_passed
5,expanded_tilted,particle_beta_16,4,1500,40.676843535245325,1.0018336299788917,1065.3736710148366,1950.1109901408786,1047.970815576365,0.6069148518234087,4.1578073752028475,nan,400,checks_passed
5,expanded_tilted,particle_beta_17,4,1500,22.136979735650744,1.003563995081365,1128.6554614613335,1023.109664526901,855.6977393864953,0.5462963487016175,4.4047756476436835,nan,400,checks_passed
5,expanded_tilted,particle_beta_18,4,1500,21.74892912470217,1.0020625620302064,1279.303390047499,1230.2679300620046,1066.1456855430588,0.47914243454651406,4.9927055783110506,nan,400,checks_passed
5,expanded_tilted,particle_beta_19,4,1500,20.739019436798912,1.0012314604345984,1361.209775996773,1321.7709124245532,1129.7732144227455,0.37507666757585534,5.3123595972166475,nan,400,checks_passed
5,expanded_tilted,particle_beta_20,4,1500,19.98993684863801,1.0024167439341845,1691.465562931744,1731.474587021851,1485.3066445902127,0.3057214515670256,6.601240657430609,nan,400,checks_passed
5,expanded_tilted,particle_beta_21,4,1500,23.15696699060623,1.0038114023057947,1126.278732471097,1682.9894032109073,1024.323474238424,0.48527000512217744,4.3955000464219545,nan,400,checks_passed
5,expanded_tilted,particle_beta_22,4,1500,23.191909502803842,1.0022583473932556,1054.4540994607084,1609.8363555758351,970.0849234804198,0.48795632145199175,4.115191834405259,nan,400,checks_passed
5,expanded_tilted,particle_beta_23,4,1500,20.50345240842058,1.0042608801483106,1186.7687803718393,1450.503486942708,1027.7041517742746,0.4455290520187203,4.631573054541729,nan,400,checks_passed
5,expanded_tilted,particle_beta_24,4,1500,20.591378807337602,1.0019956648311648,1063.912516589726,1530.8742009925625,948.9531957338376,0.4667335277348004,4.15210496410492,nan,400,checks_passed
5,expanded_tilted,particle_beta_25,4,1500,16.09189658591847,1.0022818825352586,1747.400309684974,2159.365410188133,1619.4655949303672,0.22347635710103414,6.8195358048591626,nan,400,checks_passed
5,expanded_tilted,particle_beta_26,4,1500,15.997211841128534,1.0042727833681064,1492.7462313016538,2171.497107949202,1542.7826048577554,0.23869551903628303,5.825703655601076,nan,400,checks_passed
10,compact_aligned,energy_kBT,4,1500,-648.3205797856901,1.0022325893421067,2198.4578259826985,3686.1277064529027,2168.894038741194,0.12287340058042247,4.99278572563898,nan,400,checks_passed
10,compact_aligned,local_beta_deg,4,1500,12.874501403208662,1.0012718968546537,2911.9083499838093,4039.43604671066,2893.5415257489453,0.02752074431942712,6.613060424604448,0.25,400,checks_passed
10,compact_aligned,magnetization,4,1500,0.9657205982429374,1.0009149482843638,3205.2292437435485,4432.088035104913,3175.956863689583,0.0001538814084238539,7.2792039157768,0.002,400,checks_passed
10,compact_aligned,abs_muB,4,1500,0.9657205982429374,1.0009149482843638,3205.2292437435485,4432.088035104913,3175.956863689583,0.0001538814084238539,7.2792039157768,nan,400,checks_passed
10,compact_aligned,particle_muB_0,4,1500,0.969281204621017,1.0011678727373816,2849.318211927023,3946.0374624596066,2833.9344305668606,0.0007354732622924676,6.4709157156351,nan,400,checks_passed
10,compact_aligned,particle_muB_1,4,1500,0.9671693140310819,1.000195845544291,3072.6725095968827,3616.5309168973477,3172.481719063154,0.0007579734123714484,6.9781622663701475,nan,400,checks_passed
10,compact_aligned,particle_muB_2,4,1500,0.9682802596631364,1.000842634780919,2733.9329951701084,3716.6314105267265,3160.6136205084663,0.0007138458414134123,6.2088712695852095,nan,400,checks_passed
10,compact_aligned,particle_muB_3,4,1500,0.9693709524094993,0.9998693429538864,3201.281360463453,3997.778103151007,3615.5951768929476,0.0006257354229549063,7.270238114816511,nan,400,checks_passed
10,compact_aligned,particle_muB_4,4,1500,0.9699415565543779,1.0009938206317461,2944.440995488311,3729.374335223227,3235.229341085953,0.0006364195983575004,6.686943364805742,nan,400,checks_passed
10,compact_aligned,particle_muB_5,4,1500,0.9683607866761842,1.0014028875374144,3057.3435656592287,4025.6302812266667,3268.6996245614937,0.0006985952260540188,6.943349621080112,nan,400,checks_passed
10,compact_aligned,particle_muB_6,4,1500,0.968399727656414,1.0021390990400623,3194.777884004595,4272.36311456525,3368.618828106639,0.000675088893814852,7.255468459448525,nan,400,checks_passed
10,compact_aligned,particle_muB_7,4,1500,0.9536784162140424,1.0012785945548075,3134.51120022814,4179.404144531372,3227.9588387466,0.0010778325295682167,7.118600408156168,nan,400,checks_passed
10,compact_aligned,particle_muB_8,4,1500,0.9560983698758106,1.0006512462602801,2946.7743702797447,3708.5397871056502,3156.984460647139,0.0010683708328967886,6.692242552360559,nan,400,checks_passed
10,compact_aligned,particle_muB_9,4,1500,0.9564625640381209,1.000307287374435,3267.2557576976556,3825.3324904967785,3453.2481729154165,0.0009618570492341025,7.420068611847458,nan,400,checks_passed
10,compact_aligned,particle_muB_10,4,1500,0.9565574138830208,1.0001170580595449,2874.7388037413007,3979.2560628165843,3128.4355138649435,0.0009938380024660362,6.528646897215028,nan,400,checks_passed
10,compact_aligned,particle_muB_11,4,1500,0.9561596078600391,1.0001423817175044,2994.2206026313784,3630.088362704376,2836.747453757818,0.0010792063282143562,6.799994845272842,nan,400,checks_passed
10,compact_aligned,particle_muB_12,4,1500,0.9549130062234151,0.9996288653369272,2989.4532169028444,3408.1275153664983,2818.4101809178037,0.0011552819537583685,6.7891679214480005,nan,400,checks_passed
10,compact_aligned,particle_muB_13,4,1500,0.9584343338720903,1.0010066086508143,2901.7374799549,3565.9250198886,2522.0841042556053,0.0011152419337265348,6.589961971635504,nan,400,checks_passed
10,compact_aligned,particle_muB_14,4,1500,0.956110063878336,1.001405411424007,3045.8073794415686,3645.3925067118935,3157.5633164977025,0.0010935506944557464,6.917150480393799,nan,400,checks_passed
10,compact_aligned,particle_muB_15,4,1500,0.9566842285491576,1.0002328141147259,3041.198405118544,3982.514616010777,3108.9842931668563,0.0010344285145780648,6.906683315211976,nan,400,checks_passed
10,compact_aligned,particle_muB_16,4,1500,0.9585480608280835,1.0018412374070857,3094.3818470488095,4055.0597873695756,3473.6520717655158,0.0009021548127815494,7.027465040734086,nan,400,checks_passed
10,compact_aligned,particle_muB_17,4,1500,0.9568081813596876,0.9999111778849267,2908.8504115478895,4025.129983337315,3291.0166477968337,0.0010269515095434685,6.606115724009194,nan,400,checks_passed
10,compact_aligned,particle_muB_18,4,1500,0.9573232397950787,1.0005516554923317,2968.5815902728796,4087.8531529891093,3148.4598012056463,0.0010564620150539852,6.7417676218937554,nan,400,checks_passed
10,compact_aligned,particle_muB_19,4,1500,0.9755889069585152,1.0004899477165443,2736.950034318129,3861.499067057308,2680.0165589833714,0.0005322769689136958,6.215723086260473,nan,400,checks_passed
10,compact_aligned,particle_muB_20,4,1500,0.976263171326772,1.0006825465149665,2764.6191689929747,3604.6571916429525,2895.4680753247194,0.0004898295882646222,6.278560798684454,nan,400,checks_passed
10,compact_aligned,particle_muB_21,4,1500,0.975617281313844,0.9997290243414313,2748.0262955004937,3263.0427118655143,2968.114963212433,0.0005066772928980792,6.240877718781131,nan,400,checks_passed
10,compact_aligned,particle_muB_22,4,1500,0.9760032901706953,1.0005674985111432,3106.3580012837965,3722.2362730947566,3385.6409004556613,0.00044500030431951314,7.054663366399381,nan,400,checks_passed
10,compact_aligned,particle_muB_23,4,1500,0.9757360789667003,1.0000474471506913,2996.839307126668,3839.3524079633544,3243.9409684561083,0.0004925081811881924,6.805942028006676,nan,400,checks_passed
10,compact_aligned,particle_muB_24,4,1500,0.9763612913646518,1.0004035826095001,3008.3739611422984,3964.9480473903423,3261.7529085463857,0.00046574084012413185,6.832137689000847,nan,400,checks_passed
10,compact_aligned,particle_muB_25,4,1500,0.980333023386231,1.0003796220521919,2474.140773744465,3014.5397350051107,2619.7250558207247,0.0004199054434766173,5.618872735414466,nan,400,checks_passed
10,compact_aligned,particle_muB_26,4,1500,0.9799718210833062,1.0003810298810905,2807.891927796526,3646.857133707634,3126.21051220948,0.00039847117402056127,6.3768349661076185,nan,400,checks_passed
10,compact_aligned,particle_beta_0,4,1500,12.298747359502809,1.0008337385653712,2849.3182119270236,3946.0374624596066,2748.8328142098485,0.13922437097098467,6.470915715635102,nan,400,checks_passed
10,compact_aligned,particle_beta_1,4,1500,12.686201819888787,1.0002610687604658,3072.672509596882,3616.5309168973477,3048.5871876049364,0.13789443050885672,6.978162266370146,nan,400,checks_passed
10,compact_aligned,particle_beta_2,4,1500,12.45643994460867,1.000842634780919,2733.932995170107,3716.6314105267265,2809.4046785205364,0.1413120765130956,6.208871269585207,nan,400,checks_passed
10,compact_aligned,particle_beta_3,4,1500,12.362084145882251,0.9998878798816592,3201.281360463453,3997.778103151007,3281.882829694124,0.12462668833340582,7.270238114816511,nan,400,checks_passed
10,compact_aligned,particle_beta_4,4,1500,12.19147099578897,1.0009938206317461,2944.440995488311,3729.374335223227,2996.544197901039,0.1307675038818834,6.686943364805742,nan,400,checks_passed
10,compact_aligned,particle_beta_5,4,1500,12.54856592280087,1.0014028875374144,3057.3435656592287,4025.630281226669,3067.777613243929,0.13177451510675878,6.943349621080112,nan,400,checks_passed
10,compact_aligned,particle_beta_6,4,1500,12.535514161763615,1.0021390990400623,3194.777884004596,4167.772718502959,3188.7370711791696,0.12922454502659853,7.255468459448529,nan,400,checks_passed
10,compact_aligned,particle_beta_7,4,1500,15.019943772398891,1.0012785945548075,3134.51120022814,4179.404144531372,3121.5291460524686,0.1654723681477646,7.118600408156168,nan,400,checks_passed
10,compact_aligned,particle_beta_8,4,1500,14.52573625297876,1.0007617082397922,2946.7743702797447,3708.539787105652,2920.489178763587,0.16936866970075462,6.692242552360559,nan,400,checks_passed
10,compact_aligned,particle_beta_9,4,1500,14.628251645858162,1.000307287374435,3267.2557576976556,3825.3324904967794,3283.7892814769625,0.15396496662154907,7.420068611847458,nan,400,checks_passed
10,compact_aligned,particle_beta_10,4,1500,14.588573819115181,1.0001170580595449,2874.738803741304,3979.2560628165843,2884.4182018666497,0.1646689203898838,6.528646897215035,nan,400,checks_passed
10,compact_aligned,particle_beta_11,4,1500,14.651433873175284,1.0003649290693313,2994.2206026313784,3630.088362704376,2837.304393523731,0.16719683413874348,6.799994845272842,nan,400,checks_passed
10,compact_aligned,particle_beta_12,4,1500,14.75078056807604,0.9996288653369272,2989.4532169028444,3408.1275153664983,2832.7129021968367,0.1735179675044215,6.7891679214480005,nan,400,checks_passed
10,compact_aligned,particle_beta_13,4,1500,14.163924474211235,1.0009818187695503,2901.7374799548966,3565.9250198886,2738.797929004159,0.16879001189987602,6.589961971635496,nan,400,checks_passed
10,compact_aligned,particle_beta_14,4,1500,14.41696725138358,1.0009949731021361,3045.8073794415673,3645.3925067118935,3011.5836005629053,0.1700051666678852,6.917150480393795,nan,400,checks_passed
10,compact_aligned,particle_beta_15,4,1500,14.479675076926908,1.0002328141147259,3041.198405118543,3982.514616010777,2968.8087921976266,0.16500260243107684,6.906683315211973,nan,400,checks_passed
10,compact_aligned,particle_beta_16,4,1500,14.18815980147824,1.0018412374070857,3094.381847048811,4055.0597873695756,3159.9275918271637,0.15521911283445813,7.027465040734089,nan,400,checks_passed
10,compact_aligned,particle_beta_17,4,1500,14.437847912725315,0.9997445884739766,2908.8504115478895,4025.129983337315,2936.092981111389,0.1665189534318371,6.606115724009194,nan,400,checks_passed
10,compact_aligned,particle_beta_18,4,1500,14.29787047604767,1.0006637240518348,2968.5815902728796,4087.8531529891093,2981.381377150304,0.16590854253024417,6.7417676218937554,nan,400,checks_passed
10,compact_aligned,particle_beta_19,4,1500,11.12922593169865,1.0004899477165443,2736.95003431813,3861.499067057308,2658.1877744640738,0.11947921507998091,6.215723086260475,nan,400,checks_passed
10,compact_aligned,particle_beta_20,4,1500,10.983643079480181,1.0005629521641783,2764.6191689929756,3604.6571916429525,2744.340538937602,0.115522146857045,6.278560798684456,nan,400,checks_passed
10,compact_aligned,particle_beta_21,4,1500,11.110725181550608,0.9997503862098993,2748.0262955004932,3263.0427118655143,2754.422082062315,0.11771971513313902,6.24087771878113,nan,400,checks_passed
10,compact_aligned,particle_beta_22,4,1500,11.058950068791251,1.0005674985111432,3106.358001283798,3722.2362730947566,3155.3915238690056,0.10777857835295238,7.054663366399384,nan,400,checks_passed
10,compact_aligned,particle_beta_23,4,1500,11.064337915213507,0.9999788234323621,2996.8393071266673,3839.3524079633544,3030.107854710344,0.11263999867457283,6.805942028006675,nan,400,checks_passed
10,compact_aligned,particle_beta_24,4,1500,10.949701819998568,1.0003555586149881,3008.3739611422975,3964.9480473903423,3033.1700717265576,0.11005374962434625,6.832137689000845,nan,400,checks_passed
10,compact_aligned,particle_beta_25,4,1500,9.998263956185264,1.0004110567976583,2474.140773744466,3014.5397350051107,2500.4034523687105,0.10974035395376348,5.618872735414468,nan,400,checks_passed
10,compact_aligned,particle_beta_26,4,1500,10.08850065910459,1.0003810298810905,2807.8919277965265,3651.1002346911278,2829.2489743635947,0.10421620827010981,6.376834966107619,nan,400,checks_passed
10,compact_tilted40,energy_kBT,4,1500,-584.174481767171,1.0011720340877217,2681.6676926273835,4306.376408645491,2690.368650343017,0.11143971037367865,6.067674562913874,nan,400,checks_passed
10,compact_tilted40,local_beta_deg,4,1500,26.251048143925406,1.000707402990654,1611.433538829493,2968.9940742690956,1601.8294024421866,0.08289354487328109,3.646109590783142,0.25,400,checks_passed
10,compact_tilted40,magnetization,4,1500,0.8357506992630788,1.0011602088781737,1509.753058843534,3217.919583790916,1506.8510693864378,0.0005465897567561139,3.416042284661703,0.002,400,checks_passed
10,compact_tilted40,abs_muB,4,1500,0.8357551482545179,1.001154556953712,1510.0227582619113,3217.919583790916,1506.8838903003168,0.000546311191124685,3.4166525199660325,nan,400,checks_passed
10,compact_tilted40,particle_muB_0,4,1500,0.7880109484346208,1.0011146919236824,1322.761115132941,1761.971469180822,1069.3979590979752,0.004583278390751234,2.9929450219240707,nan,400,checks_passed
10,compact_tilted40,particle_muB_1,4,1500,0.8481589731387126,1.0008104586978042,2431.7989503823364,2231.8748946673672,1987.3918735685534,0.0022602759323710497,5.502309131710083,nan,400,checks_passed
10,compact_tilted40,particle_muB_2,4,1500,0.8295700026556463,1.0011114663126588,2915.409077747981,3296.2762108167844,2767.2295980765402,0.0017513887145728087,6.59654943458261,nan,400,checks_passed
10,compact_tilted40,particle_muB_3,4,1500,0.8253167725404751,1.00149496347118,3119.4734083157146,3992.421123406395,3051.273231158774,0.001715991684815389,7.058275528083313,nan,400,checks_passed
10,compact_tilted40,particle_muB_4,4,1500,0.8477530626087527,1.0002607691303542,2422.9395512990536,2427.4966471656603,2040.719128808622,0.0022454526454318622,5.482263415155371,nan,400,checks_passed
10,compact_tilted40,particle_muB_5,4,1500,0.8156042325311524,1.0015386201132037,1788.7259003209226,2143.4657531591542,1458.9573784853683,0.0031362416058475302,4.047260096857405,nan,400,checks_passed
10,compact_tilted40,particle_muB_6,4,1500,0.8112482243827165,1.0012538484336082,2058.6863015576614,2188.872013021377,1752.366209863091,0.0028913195919618227,4.658085913971721,nan,400,checks_passed
10,compact_tilted40,particle_muB_7,4,1500,0.8375352971630499,1.0004334467753064,2583.0635152794607,3655.815167726535,2488.4463116622132,0.0018602008158061668,5.844567851990697,nan,400,checks_passed
10,compact_tilted40,particle_muB_8,4,1500,0.8387229181319313,1.0003660448687086,2718.0876310639296,3582.291017460913,2602.0881868998435,0.0017839091216094595,6.150080125184645,nan,400,checks_passed
10,compact_tilted40,particle_muB_9,4,1500,0.7941383309649227,1.0048749309937162,3324.196117828226,3381.6211233651284,3006.1541594499595,0.0019234383681504942,7.521491302496744,nan,400,checks_passed
10,compact_tilted40,particle_muB_10,4,1500,0.7894021746988137,1.0011611763134431,3190.3453005422384,2430.0879982267857,2666.1844170773643,0.002174053454119862,7.2186337927820725,nan,400,checks_passed
10,compact_tilted40,particle_muB_11,4,1500,0.852557596531237,1.0013982194014541,2080.70979540649,1711.258501948456,1556.8035460224942,0.0026588048766391596,4.7079173654153195,nan,400,checks_passed
10,compact_tilted40,particle_muB_12,4,1500,0.8521261023456074,1.0010983843290677,2523.6974673373425,1700.4242348803652,1865.1938914446562,0.002489100293893221,5.710243282250218,nan,400,checks_passed
10,compact_tilted40,particle_muB_13,4,1500,0.8328544953335293,0.9999000330322495,3409.306483750973,3656.0615793094403,3219.4295898928326,0.0016119465679079554,7.7140662452346245,nan,400,checks_passed
10,compact_tilted40,particle_muB_14,4,1500,0.8657620327624125,1.0003961623564588,2858.471553117703,3253.283417268967,2659.224992670778,0.0016022474455662753,6.467719762351323,nan,400,checks_passed
10,compact_tilted40,particle_muB_15,4,1500,0.8312761270761866,1.0009137108348156,3586.7639513314843,4115.983969922942,3626.3742431207734,0.0015239296435726444,8.115590328549521,nan,400,checks_passed
10,compact_tilted40,particle_muB_16,4,1500,0.8650433677067518,1.0011177809056635,3395.3432764479385,3780.900674293202,3116.5894114513685,0.001475630409738904,7.682472398613642,nan,400,checks_passed
10,compact_tilted40,particle_muB_17,4,1500,0.8217088196974565,1.0001870940579713,3508.109708497452,2867.353489324355,3168.579823580639,0.0018133959607207128,7.937623330691662,nan,400,checks_passed
10,compact_tilted40,particle_muB_18,4,1500,0.8214338993061367,0.9998847599428943,3470.1379848072515,3778.0811467259196,3336.039244179485,0.0017224451522984711,7.851706622003835,nan,400,checks_passed
10,compact_tilted40,particle_muB_19,4,1500,0.8544676767669899,1.0001452617346553,3172.8060124592494,4071.4833890938794,3032.6394858314707,0.0015123137297093866,7.178948528106902,nan,400,checks_passed
10,compact_tilted40,particle_muB_20,4,1500,0.8562069552781444,1.0012687433045415,2819.2162204987176,3745.7144217426667,2856.837832340501,0.0015212908136168699,6.378898696323722,nan,400,checks_passed
10,compact_tilted40,particle_muB_21,4,1500,0.8621011919819263,1.0003268654902728,3487.6692603127995,4213.531365822401,3523.3056220026824,0.001300246812456452,7.891373757023174,nan,400,checks_passed
10,compact_tilted40,particle_muB_22,4,1500,0.8597857040482668,1.0007213315624743,3481.472006302333,3796.4753264283836,3384.4579693970595,0.0013413590655895655,7.8773515421817875,nan,400,checks_passed
10,compact_tilted40,particle_muB_23,4,1500,0.8382926744128887,1.0012865968766285,2438.9983858287933,3458.8139748724097,2438.6760595455244,0.0017755475641807648,5.518598932063015,nan,400,checks_passed
10,compact_tilted40,particle_muB_24,4,1500,0.8398782645969705,1.0020418913233877,2458.4318239371446,4210.248938819217,2443.4000034948917,0.0017623220487279867,5.562569994698474,nan,400,checks_passed
10,compact_tilted40,particle_muB_25,4,1500,0.8431797873956188,1.0010788534164439,2953.7368785981757,3958.624151177058,2973.221385379626,0.00139548175256841,6.6832718211447215,nan,400,checks_passed
10,compact_tilted40,particle_muB_26,4,1500,0.8431332476122094,1.0010921975576779,3293.466841558957,4376.007569961927,3393.1042770944605,0.0013333088334552626,7.451961715192392,nan,400,checks_passed
10,compact_tilted40,particle_beta_0,4,1500,37.16190351291418,1.0008989295453674,583.3081045464255,1339.8061179004917,490.62743780246115,1.2527270555141976,1.319821899644163,nan,400,checks_passed
10,compact_tilted40,particle_beta_1,4,1500,30.42103204198173,1.0023021161536072,875.1028895838411,2147.255072354442,708.8681559945119,0.7941213116751841,1.9800512784109903,nan,400,checks_passed
10,compact_tilted40,particle_beta_2,4,1500,27.871213390214194,1.0032415528607133,781.8783679768845,1527.475479220567,692.6021420000583,0.7923062711489582,1.7691168438613687,nan,400,checks_passed
10,compact_tilted40,particle_beta_3,4,1500,28.528694014122294,1.0014425253436083,1009.2554999435863,1967.0362323318284,881.6898566502643,0.7231058736276746,2.2835916401292633,nan,400,checks_passed
10,compact_tilted40,particle_beta_4,4,1500,29.673179141589372,1.0008258147062903,788.474230495905,1780.2125698804655,686.623866833779,0.7929089038157601,1.7840409701195055,nan,400,checks_passed
10,compact_tilted40,particle_beta_5,4,1500,29.864927780484994,1.0032597148501834,1177.9676822663848,1531.7983225581952,937.6344901257586,0.6846903266992278,2.665328206501051,nan,400,checks_passed
10,compact_tilted40,particle_beta_6,4,1500,29.50591664912476,1.0048524313305143,1082.5563040160796,1310.9891600574767,928.8002145224756,0.6961225888100837,2.4494456814538386,nan,400,checks_passed
10,compact_tilted40,particle_beta_7,4,1500,36.877202153983355,1.0015491005729174,1116.7020807143424,2468.7588143631933,1035.4527741694837,0.6887213841897035,2.526705612381371,nan,400,checks_passed
10,compact_tilted40,particle_beta_8,4,1500,37.02733187577918,1.0015222418164902,983.0562047706268,2351.6012801693623,886.1584816108696,0.737090863475207,2.224311813130457,nan,400,checks_passed
10,compact_tilted40,particle_beta_9,4,1500,19.37711083768379,1.0061273993184392,1414.2334730011785,805.6037658593578,818.7544139897075,0.5862037461443637,3.1999149237403057,nan,400,checks_passed
10,compact_tilted40,particle_beta_10,4,1500,20.062159193862616,1.002637214269738,1340.3129392636406,599.3988868666971,672.4465327206909,0.6823535467386216,3.032658651283658,nan,400,checks_passed
10,compact_tilted40,particle_beta_11,4,1500,28.51079974185464,1.0031688097041582,1190.409213844737,971.2187097159834,853.6058632021276,0.7136000864662947,2.693479034021255,nan,400,checks_passed
10,compact_tilted40,particle_beta_12,4,1500,29.50535198063823,1.0008741303611768,1245.1499666324582,1258.871951085993,1005.5477640181462,0.6724873087062471,2.8173381811325764,nan,400,checks_passed
10,compact_tilted40,particle_beta_13,4,1500,21.130687627010953,1.0070485154362738,1588.6469436025764,950.5644832936093,1063.7885310234985,0.4830992494610434,3.5945515082459596,nan,400,checks_passed
10,compact_tilted40,particle_beta_14,4,1500,41.80709571364147,1.000766947307931,1377.332407787568,2679.8675169442777,1361.7289532648665,0.5272768481413301,3.116420740118442,nan,400,checks_passed
10,compact_tilted40,particle_beta_15,4,1500,20.90033052620272,1.0013992058410284,1484.2213771077375,901.7188331507782,1034.6957338151972,0.48781857186233685,3.3582730329969213,nan,400,checks_passed
10,compact_tilted40,particle_beta_16,4,1500,41.70632681607147,1.0012940491321924,1833.7416872337872,3169.3400232464983,1803.5623397782563,0.46010696269941215,4.149115052984772,nan,400,checks_passed
10,compact_tilted40,particle_beta_17,4,1500,21.419171280318867,1.0006992199141742,1487.2421668232012,814.2950407457705,858.3182108579734,0.5729858389003213,3.365108021898351,nan,400,checks_passed
10,compact_tilted40,particle_beta_18,4,1500,20.8953422361269,1.0031042801631724,1478.5796744481872,909.2930292226383,872.259820877548,0.5503271605198238,3.345507836245292,nan,400,checks_passed
10,compact_tilted40,particle_beta_19,4,1500,20.72360415218643,1.0003320342614472,2126.3834033915,2056.301008573541,1770.8633851837283,0.3065750791327016,4.811260740185078,nan,400,checks_passed
10,compact_tilted40,particle_beta_20,4,1500,20.73479386449608,1.0015381541103634,1661.5428015332197,1759.8153350348982,1384.6944605189972,0.3520216678521489,3.7594892983097963,nan,400,checks_passed
10,compact_tilted40,particle_beta_21,4,1500,22.791065183103633,1.0005396474573123,1523.2899885904299,2489.488318776028,1368.8100309083773,0.4121732167908322,3.446671614504103,nan,400,checks_passed
10,compact_tilted40,particle_beta_22,4,1500,22.331857174629636,1.0018297367186917,1763.611406343726,2890.8526574945754,1537.5528214349395,0.3840700739696781,3.99043479494366,nan,400,checks_passed
10,compact_tilted40,particle_beta_23,4,1500,19.686442442446076,1.0036135064486782,1453.6095042603374,1515.940449549277,1206.9858790380358,0.40869442238883397,3.2890090885082066,nan,400,checks_passed
10,compact_tilted40,particle_beta_24,4,1500,20.084576099393114,1.0010199044792052,1562.9854240280379,2098.5882153789717,1386.6843083533845,0.3815603665467075,3.5364884790361066,nan,400,checks_passed
10,compact_tilted40,particle_beta_25,4,1500,14.83219809932444,1.0003662043294772,2708.406325717185,3390.0270381851674,2582.8931368171457,0.1713746683359142,6.128174722680918,nan,400,checks_passed
10,compact_tilted40,particle_beta_26,4,1500,15.347986356800781,1.001120768203374,2785.0813569350985,3525.4680296257993,2657.5684453814383,0.17003686063816853,6.301663457996866,nan,400,checks_passed
10,expanded_aligned,energy_kBT,4,1500,-613.3787135942154,1.0007644964343092,3068.845013092485,4493.417874771553,3080.9712750168437,0.10520800421388757,7.062335944757266,nan,400,checks_passed
10,expanded_aligned,local_beta_deg,4,1500,12.663396017557655,1.001069406552415,2980.481559957289,4750.881723326979,2997.391851588473,0.026391067919533096,6.8589850460910915,0.25,400,checks_passed
10,expanded_aligned,magnetization,4,1500,0.9670268150469646,1.0004570157445976,3112.649896756238,4778.440159987045,3211.4334185057205,0.0001472407274433404,7.163144165157647,0.002,400,checks_passed
10,expanded_aligned,abs_muB,4,1500,0.9670268150469646,1.0004570157445976,3112.649896756238,4778.440159987045,3211.4334185057205,0.0001472407274433404,7.163144165157647,nan,400,checks_passed
10,expanded_aligned,particle_muB_0,4,1500,0.9702072545108024,0.9999912046346324,3101.2329033493725,4020.7341348847376,3285.5261714528615,0.0006336107199590001,7.136870227381587,nan,400,checks_passed
10,expanded_aligned,particle_muB_1,4,1500,0.9693379473656331,1.0008438884192166,2881.1549829001515,3534.057972865153,3123.686062000347,0.0007140216418344388,6.630404699925794,nan,400,checks_passed
10,expanded_aligned,particle_muB_2,4,1500,0.9696893381104943,1.0009002115968946,3050.305435476237,3717.977425340565,3473.3435802388826,0.000645304481485151,7.019670797172019,nan,400,checks_passed
10,expanded_aligned,particle_muB_3,4,1500,0.9692065163585758,1.0002775828274244,2828.5637638387657,4041.221547145816,3055.817065131053,0.0007356922794894261,6.509376477525749,nan,400,checks_passed
10,expanded_aligned,particle_muB_4,4,1500,0.9691260523408564,1.0007123484343008,2918.993000711455,3395.0434670755417,3035.119648939685,0.0007360712215522051,6.71748136627,nan,400,checks_passed
10,expanded_aligned,particle_muB_5,4,1500,0.9680729298412998,1.0001971565193681,2920.3849587311893,3954.0848278566955,3153.4233041094767,0.0007286117154514872,6.720684680583504,nan,400,checks_passed
10,expanded_aligned,particle_muB_6,4,1500,0.9694841354359369,1.000743302237295,3164.5841357249406,4118.873022673708,3483.5897010440945,0.0006430471516479108,7.282660478646115,nan,400,checks_passed
10,expanded_aligned,particle_muB_7,4,1500,0.9592892449661223,1.0015071701610603,2701.63117412104,3751.420828378925,2690.4105329395234,0.001041496067617771,6.217266388192409,nan,400,checks_passed
10,expanded_aligned,particle_muB_8,4,1500,0.9579715031233754,1.0006358222852667,3043.7564996213773,4105.385365066758,2923.487529170535,0.00103136524368532,7.004599724866194,nan,400,checks_passed
10,expanded_aligned,particle_muB_9,4,1500,0.9585300455292203,1.000574271695968,3259.8728334810085,4255.897624189619,3436.503929100718,0.0009365192146499607,7.50194844933892,nan,400,checks_passed
10,expanded_aligned,particle_muB_10,4,1500,0.9582298918046157,1.000049031627828,3266.676983889187,3967.7252684525997,3330.4662044042416,0.0009567551256584523,7.517606847138811,nan,400,checks_passed
10,expanded_aligned,particle_muB_11,4,1500,0.9595054821914757,1.0001157840291584,3164.438851505354,4220.373801073319,3362.393375726634,0.0008725232372035145,7.282326135933525,nan,400,checks_passed
10,expanded_aligned,particle_muB_12,4,1500,0.957002408222657,1.0012650778409287,3061.411695876142,3619.2244296751023,3120.5861430235163,0.0010181345466465609,7.04522964478389,nan,400,checks_passed
10,expanded_aligned,particle_muB_13,4,1500,0.96266457558541,1.0010330919043948,2888.9406660065456,3567.385905878065,3456.9444520468223,0.0008502081704585962,6.648321899856777,nan,400,checks_passed
10,expanded_aligned,particle_muB_14,4,1500,0.962328524526459,1.0008581561760799,3151.3694501529158,4025.90590035151,3325.397728252267,0.0009097937460337752,7.252249510182142,nan,400,checks_passed
10,expanded_aligned,particle_muB_15,4,1500,0.9607964697356162,1.0014962166982524,2745.473170845354,3532.026692125387,2732.276211640976,0.0010454272685466008,6.318160016914324,nan,400,checks_passed
10,expanded_aligned,particle_muB_16,4,1500,0.9601587613330579,1.0000161088191657,3017.973331294393,3623.9399238788847,3186.3187615486313,0.000974013519715171,6.945264895095206,nan,400,checks_passed
10,expanded_aligned,particle_muB_17,4,1500,0.9606489237462044,1.0014095952602906,3036.273628138691,3939.4893832193643,3359.139493011981,0.0009010118546571257,6.987379385612593,nan,400,checks_passed
10,expanded_aligned,particle_muB_18,4,1500,0.962690361283417,1.0014103297762837,2865.195346905043,3303.6323501804013,3006.850618929327,0.0009361868128128148,6.593676774444829,nan,400,checks_passed
10,expanded_aligned,particle_muB_19,4,1500,0.9756841892338146,1.0005512286200666,2911.973638926502,3150.4427766435306,3332.5467240777257,0.00046111561188117356,6.701327702324237,nan,400,checks_passed
10,expanded_aligned,particle_muB_20,4,1500,0.9746081218812875,1.0013182212615133,2618.6971957715486,3514.1251666661237,2757.30836438387,0.0005570765929733368,6.026410345009858,nan,400,checks_passed
10,expanded_aligned,particle_muB_21,4,1500,0.97428881003068,1.0002566778745812,2733.0679628952785,3506.9446485573644,3193.9650389821563,0.0005397230012666871,6.289611900070938,nan,400,checks_passed
10,expanded_aligned,particle_muB_22,4,1500,0.9744274191056956,1.0011971643127853,3042.476025726503,4130.809802438645,3253.2525991339025,0.000493910877764946,7.001652969075167,nan,400,checks_passed
10,expanded_aligned,particle_muB_23,4,1500,0.9752225520027078,1.0003931498418552,2941.5790483774704,3662.9512759027034,3182.5635818475303,0.00048540233343001874,6.769458659225881,nan,400,checks_passed
10,expanded_aligned,particle_muB_24,4,1500,0.9753892517886374,1.0003986321982594,3205.0685959830694,3820.3928731096435,3321.3254700683883,0.0004935206643874323,7.375827405507945,nan,400,checks_passed
10,expanded_aligned,particle_muB_25,4,1500,0.977505541604182,1.0002619572728326,2866.7478788996145,4001.232524548565,3003.753474966238,0.0004488991657324956,6.597249617799208,nan,400,checks_passed
10,expanded_aligned,particle_muB_26,4,1500,0.9776577546098146,1.0014902298469193,2948.975755490984,3742.7795825572875,3109.3210539789866,0.0004586391627314884,6.786480708334828,nan,400,checks_passed
10,expanded_aligned,particle_beta_0,4,1500,12.175668394352215,0.9999912046346324,3101.2329033493725,4020.7341348847376,3077.3810795701975,0.12732251399882652,7.136870227381587,nan,400,checks_passed
10,expanded_aligned,particle_beta_1,4,1500,12.213520106791364,1.0009954693893546,2881.15498290015,3534.0579728651483,2940.3328894160823,0.13685243310055237,6.6304046999257915,nan,400,checks_passed
10,expanded_aligned,particle_beta_2,4,1500,12.206479048008124,1.0010589780350585,3050.305435476237,3717.977425340565,3164.552936469111,0.12907163489046583,7.019670797172019,nan,400,checks_passed
10,expanded_aligned,particle_beta_3,4,1500,12.250931290646696,1.0002775828274244,2828.563763838769,4041.221547145816,2771.6369941912035,0.1409935598481316,6.509376477525756,nan,400,checks_passed
10,expanded_aligned,particle_beta_4,4,1500,12.279213631993136,1.0007505422207277,2918.993000711455,3369.4037516810854,2866.056986916491,0.13844386050113996,6.71748136627,nan,400,checks_passed
10,expanded_aligned,particle_beta_5,4,1500,12.520269087356183,1.0003509770112053,2920.3849587311893,3954.0848278566955,2939.85774920181,0.1379779160410433,6.720684680583504,nan,400,checks_passed
10,expanded_aligned,particle_beta_6,4,1500,12.28017569155767,1.000743302237295,3164.5841357249406,4118.873022673708,3228.4636630836694,0.12724285167192959,7.282660478646115,nan,400,checks_passed
10,expanded_aligned,particle_beta_7,4,1500,14.093703307348648,1.0015071701610603,2701.63117412104,3751.420828378925,2558.880390573376,0.17007789033000778,6.217266388192409,nan,400,checks_passed
10,expanded_aligned,particle_beta_8,4,1500,14.314253381415694,1.0005334012293823,3043.7564996213773,4105.385365066758,2922.9582684965562,0.16205373313732355,7.004599724866194,nan,400,checks_passed
10,expanded_aligned,particle_beta_9,4,1500,14.210729080584063,1.000574271695968,3259.8728334810085,4255.897624189619,3212.596021587501,0.15369305437312342,7.50194844933892,nan,400,checks_passed
10,expanded_aligned,particle_beta_10,4,1500,14.27451653172495,1.000049031627828,3266.676983889187,3967.7252684525997,3210.2999947690955,0.15396629658538286,7.517606847138811,nan,400,checks_passed
10,expanded_aligned,particle_beta_11,4,1500,14.158559073601978,1.0002007632878072,3164.438851505354,4220.373801073319,3147.7932951290195,0.1494181836033573,7.282326135933525,nan,400,checks_passed
10,expanded_aligned,particle_beta_12,4,1500,14.434941901596941,1.0013365379565558,3061.411695876142,3619.2244296751023,3031.0517505531207,0.16234772528666327,7.04522964478389,nan,400,checks_passed
10,expanded_aligned,particle_beta_13,4,1500,13.489850566046554,1.0009321488749157,2888.9406660065456,3540.6754387693986,3024.786219545155,0.1496119642330493,6.648321899856777,nan,400,checks_passed
10,expanded_aligned,particle_beta_14,4,1500,13.46263829748098,1.0008581561760799,3151.3694501529158,4025.90590035151,3102.74771119125,0.15126765687938604,7.252249510182142,nan,400,checks_passed
10,expanded_aligned,particle_beta_15,4,1500,13.687974109710423,1.0014962166982524,2745.473170845354,3532.026692125387,2623.3242390833007,0.16948645238567223,6.318160016914324,nan,400,checks_passed
10,expanded_aligned,particle_beta_16,4,1500,13.894880898172312,1.0000161088191657,3017.973331294393,3623.9399238788847,3032.8545491761993,0.15614129532820226,6.945264895095206,nan,400,checks_passed
10,expanded_aligned,particle_beta_17,4,1500,13.812721395364171,1.0016039197907596,3036.273628138691,3939.4893832193643,3069.486704965204,0.15374328385285518,6.987379385612593,nan,400,checks_passed
10,expanded_aligned,particle_beta_18,4,1500,13.408887492218028,1.0014103297762837,2865.1953469050413,3303.6323501804013,2845.9708828721114,0.15669395486845492,6.593676774444824,nan,400,checks_passed
10,expanded_aligned,particle_beta_19,4,1500,11.085735405885938,1.0005512286200666,2911.973638926502,3150.4427766435306,3062.256630727614,0.11171596437692052,6.701327702324237,nan,400,checks_passed
10,expanded_aligned,particle_beta_20,4,1500,11.317789701469934,1.0013182212615133,2618.6971957715486,3514.125166666119,2528.955520665765,0.1262650371111347,6.026410345009858,nan,400,checks_passed
10,expanded_aligned,particle_beta_21,4,1500,11.34580432691695,1.0003144934499792,2733.0679628952807,3506.9446485573644,2856.461834345765,0.12110289799035512,6.289611900070943,nan,400,checks_passed
10,expanded_aligned,particle_beta_22,4,1500,11.388620879860571,1.0011295801410904,3042.476025726503,4130.809802438645,3063.203191883126,0.1140290712704487,7.001652969075167,nan,400,checks_passed
10,expanded_aligned,particle_beta_23,4,1500,11.204512624541273,1.0003380062639673,2941.579048377469,3662.9512759027034,2977.8746107594616,0.11396303423002085,6.769458659225878,nan,400,checks_passed
10,expanded_aligned,particle_beta_24,4,1500,11.132975958144739,1.0003986321982594,3205.0685959830694,3820.3928731096435,3190.1085414890945,0.11090822201964652,7.375827405507945,nan,400,checks_passed
10,expanded_aligned,particle_beta_25,4,1500,10.68150787929546,1.0003398563480979,2866.7478788996145,4001.232524548565,2832.71724674564,0.11090982405904701,6.597249617799208,nan,400,checks_passed
10,expanded_aligned,particle_beta_26,4,1500,10.58483241197164,1.0014902298469193,2948.975755490982,3742.7795825572875,2944.948688718559,0.11049543719196984,6.786480708334824,nan,400,checks_passed
10,expanded_tilted,energy_kBT,4,1500,-548.569705238712,0.9998548925910508,3030.3737642772035,4364.086312406785,3038.1973820394282,0.10678857421886652,6.8402798218398635,nan,400,checks_passed
10,expanded_tilted,local_beta_deg,4,1500,25.715588481770002,1.00067452380745,2415.902306620565,4397.885712453337,2412.5708306309834,0.06309252955696151,5.453270482446458,0.25,400,checks_passed
10,expanded_tilted,magnetization,4,1500,0.8485484781855509,0.99991889102511,3280.1222723759956,4708.963773561722,3257.837263654836,0.000315238587546246,7.4040220574086995,0.002,400,checks_passed
10,expanded_tilted,abs_muB,4,1500,0.8485492595486238,0.9999193906877463,3280.290951573016,4734.626634287691,3258.0411061100576,0.0003152061418370506,7.404402806780722,nan,400,checks_passed
10,expanded_tilted,particle_muB_0,4,1500,0.8421016302462249,1.000923962960255,3003.8952434166154,2415.4574673832567,2351.5211991557817,0.002224161300109888,6.7805114546206315,nan,400,checks_passed
10,expanded_tilted,particle_muB_1,4,1500,0.8621684056562023,1.000679504715338,3476.949065575295,3536.051287000493,3196.341678773587,0.0015380767253953792,7.848307299641762,nan,400,checks_passed
10,expanded_tilted,particle_muB_2,4,1500,0.8375975421901692,0.9997692846371503,3847.0319082148612,4792.455549774721,3887.137518821383,0.0014562701393113413,8.683672966662167,nan,400,checks_passed
10,expanded_tilted,particle_muB_3,4,1500,0.8406148676189035,0.999767842424763,3944.716605657559,4226.725744215816,3884.8859286740208,0.0014291380478963212,8.904170739147071,nan,400,checks_passed
10,expanded_tilted,particle_muB_4,4,1500,0.8593576366099943,1.0000959876593047,3458.748597238367,3344.9314919210337,3086.174351410374,0.0015837696848155676,7.807224480822276,nan,400,checks_passed
10,expanded_tilted,particle_muB_5,4,1500,0.8478017700421854,1.000699300654256,3174.4470295153546,3511.7074336992696,3060.8066460355494,0.001770955165847969,7.165487708963374,nan,400,checks_passed
10,expanded_tilted,particle_muB_6,4,1500,0.8450846252929136,1.0004736390336382,3703.756058977864,3536.9447610031757,3409.0699804168426,0.001672303139547467,8.360265038555793,nan,400,checks_passed
10,expanded_tilted,particle_muB_7,4,1500,0.8470363814279868,1.0009642309349298,3512.068605459963,4399.94850421652,3314.795004107666,0.0015365047145115781,7.927580517637923,nan,400,checks_passed
10,expanded_tilted,particle_muB_8,4,1500,0.8476215521979178,1.0003200724885235,3985.3438175592946,4120.409781477226,3745.975239636323,0.0014472237424593179,8.9958760928117,nan,400,checks_passed
10,expanded_tilted,particle_muB_9,4,1500,0.8086587157033833,1.0016285130728562,2968.6614746448154,2875.910701372182,2753.7074169097577,0.002000406954528481,6.700980394651005,nan,400,checks_passed
10,expanded_tilted,particle_muB_10,4,1500,0.8097542509786181,1.0010659851963992,3366.497294750595,3569.631263036979,3311.931809179334,0.0017817840352147708,7.5989911828759205,nan,400,checks_passed
10,expanded_tilted,particle_muB_11,4,1500,0.8666805872811947,1.0004718627348892,3432.459584640284,3273.087461146013,2978.113793196636,0.0016687648570518345,7.747883879167597,nan,400,checks_passed
10,expanded_tilted,particle_muB_12,4,1500,0.86612608896848,1.0017969353960758,3571.8647755813354,3514.2773463855383,3111.8453749434834,0.0017091781983389269,8.062554803888084,nan,400,checks_passed
10,expanded_tilted,particle_muB_13,4,1500,0.8374938543627389,1.0010986375838915,3422.8435200513773,4167.887191212658,3242.885349011033,0.0016168396986021725,7.726178116878999,nan,400,checks_passed
10,expanded_tilted,particle_muB_14,4,1500,0.8693990060788589,0.999766296236656,3838.799393885022,4095.680398131661,3540.4116228510597,0.0014387914099313064,8.665090208879205,nan,400,checks_passed
10,expanded_tilted,particle_muB_15,4,1500,0.8381661507897573,1.0021470292773789,3859.7722591959514,4644.16327359779,3776.178168484605,0.0014644717647568036,8.712430992080161,nan,400,checks_passed
10,expanded_tilted,particle_muB_16,4,1500,0.8714585454006628,1.0004211371122615,3459.801236399,5011.746123664293,3459.427625263447,0.0013709555517437385,7.809600539675159,nan,400,checks_passed
10,expanded_tilted,particle_muB_17,4,1500,0.8308862799707906,1.0014286786399025,3741.922479346633,4415.174023654561,3719.2038503171425,0.0016305987273602244,8.446415795996309,nan,400,checks_passed
10,expanded_tilted,particle_muB_18,4,1500,0.8326408502537426,1.0004952187119054,4054.6705559202805,4045.74306401545,3930.6019239330326,0.0015600992298222044,9.152363155600714,nan,400,checks_passed
10,expanded_tilted,particle_muB_19,4,1500,0.8623779086409801,1.000406259534873,3591.575306629525,4952.773314160001,3591.1820253053975,0.001315081807751038,8.107046196136801,nan,400,checks_passed
10,expanded_tilted,particle_muB_20,4,1500,0.8602908022692858,1.0008826369330817,3742.9480331141035,4217.152115376671,3709.2569515393366,0.0012880749931300627,8.44873071662575,nan,400,checks_passed
10,expanded_tilted,particle_muB_21,4,1500,0.8645988289656953,1.0004901782602587,3620.1811229738405,4308.560799775717,3673.696722161768,0.0013032147909484454,8.171616379073937,nan,400,checks_passed
10,expanded_tilted,particle_muB_22,4,1500,0.8648931750536828,1.0020505018837826,3774.082903467924,4493.1596717097345,3653.6213237787306,0.0012746646469578306,8.519009580555803,nan,400,checks_passed
10,expanded_tilted,particle_muB_23,4,1500,0.8480201605188212,1.0004466669933008,3595.3251513801233,4555.789287813695,3606.4373552078787,0.0013639620690445785,8.115510494397602,nan,400,checks_passed
10,expanded_tilted,particle_muB_24,4,1500,0.8475685011045735,1.0001068214775493,3649.4534197171542,4518.227901083889,3728.8578490424775,0.0014003363163527895,8.237690967995135,nan,400,checks_passed
10,expanded_tilted,particle_muB_25,4,1500,0.8509873797355894,1.0001747797997569,3531.716908719813,4502.1155936427085,3575.3652730270355,0.001239189793435262,7.971931446855329,nan,400,checks_passed
10,expanded_tilted,particle_muB_26,4,1500,0.8514234136505178,1.0001916662513013,3451.0597327577534,4132.542608831782,3413.9297606094215,0.0012973048842502754,7.789868871035921,nan,400,checks_passed
10,expanded_tilted,particle_beta_0,4,1500,28.852867421462374,1.0038129887872034,1281.433803312168,1939.1057354866416,1091.4181670649436,0.6398311022645452,2.892503192559294,nan,400,checks_passed
10,expanded_tilted,particle_beta_1,4,1500,26.58361997320295,1.002770273068472,1634.503689152543,2059.1633589188255,1376.5182434660962,0.48204780676096576,3.689466538890687,nan,400,checks_passed
10,expanded_tilted,particle_beta_2,4,1500,26.942389793681276,1.0010695285680398,1418.6444374708788,2380.1953885885987,1249.8075027064178,0.559213123339543,3.202220476691584,nan,400,checks_passed
10,expanded_tilted,particle_beta_3,4,1500,27.436515251096324,1.0078849426969951,1356.1762660240656,2516.5101347008576,1245.1217617720106,0.562370556559003,3.0612148430987958,nan,400,checks_passed
10,expanded_tilted,particle_beta_4,4,1500,26.56023773440737,1.0018560867883088,1769.8114505368228,1976.6118550581862,1478.330076808534,0.4648737091975325,3.9948885831433603,nan,400,checks_passed
10,expanded_tilted,particle_beta_5,4,1500,26.48522036679776,1.0016734673921137,2006.2903178457136,2456.5473866816183,1781.17010483898,0.4204496344670002,4.5286780593502245,nan,400,checks_passed
10,expanded_tilted,particle_beta_6,4,1500,25.481296566878548,1.0005116617930592,1805.9107870083244,1909.2317185328513,1449.747826192293,0.45801827695005126,4.0763734368464535,nan,400,checks_passed
10,expanded_tilted,particle_beta_7,4,1500,36.26693267290665,1.003504800203553,1352.2596342268089,2922.4309460285604,1283.2213777985107,0.5960068313066338,3.052374066502797,nan,400,checks_passed
10,expanded_tilted,particle_beta_8,4,1500,36.41389518424047,1.0003132896068712,1546.7663692986252,3602.1733442261234,1438.0736579934435,0.557335424696842,3.4914223815349987,nan,400,checks_passed
10,expanded_tilted,particle_beta_9,4,1500,20.97235541884125,1.0030298733830818,1591.2474543222886,742.9522868166216,832.6514149106779,0.6155812949082233,3.5918268504251523,nan,400,checks_passed
10,expanded_tilted,particle_beta_10,4,1500,20.746589997472967,1.0037262492318133,1643.4514866703273,1176.524643168964,1130.6013377511342,0.5140397278910331,3.709663862248061,nan,400,checks_passed
10,expanded_tilted,particle_beta_11,4,1500,29.532610084637408,1.0003348373160041,1799.5764925793967,2363.393220938591,1639.1052191011293,0.4774918890920854,4.062075416292504,nan,400,checks_passed
10,expanded_tilted,particle_beta_12,4,1500,30.56810232516633,1.0007137858573685,2046.6914236490097,2404.966017156639,1794.0149972750492,0.4670191931534196,4.619873037363843,nan,400,checks_passed
10,expanded_tilted,particle_beta_13,4,1500,22.83373464914078,1.0024600319449053,1486.0275718128855,1515.6853360132873,1079.3271074184609,0.5075270015873422,3.3543203594207003,nan,400,checks_passed
10,expanded_tilted,particle_beta_14,4,1500,40.834387913568236,1.0013089036764231,1982.1210612030916,3802.011082481438,1971.5391994701113,0.44309917447049924,4.474122254891289,nan,400,checks_passed
10,expanded_tilted,particle_beta_15,4,1500,22.47612285339348,1.0039098261306525,1949.806638221718,1611.8577350500477,1470.394931391144,0.4257745003541874,4.401180857998417,nan,400,checks_passed
10,expanded_tilted,particle_beta_16,4,1500,40.27831107899111,1.0013964296793376,2106.703271109691,3299.6013074064385,2061.310604207443,0.4255520850763712,4.755334159056381,nan,400,checks_passed
10,expanded_tilted,particle_beta_17,4,1500,22.523904826731098,1.001775446185278,2148.765852286122,1979.327875854519,1704.3144041110436,0.4089606494006816,4.850279485163462,nan,400,checks_passed
10,expanded_tilted,particle_beta_18,4,1500,22.3967638534886,1.0019010316005976,1899.748700967464,1284.2110089653493,1201.0552886638977,0.47976396004698446,4.288188097118681,nan,400,checks_passed
10,expanded_tilted,particle_beta_19,4,1500,20.065011954581962,1.000284712730122,2802.39473823048,3061.2671249630107,2557.630108507895,0.23914851549554467,6.325676524367725,nan,400,checks_passed
10,expanded_tilted,particle_beta_20,4,1500,20.190340484101064,1.0017426740466837,2500.2761300645216,2745.889830458312,2231.6047661605403,0.2600924304495398,5.643722422335409,nan,400,checks_passed
10,expanded_tilted,particle_beta_21,4,1500,23.52379500706306,1.0012017891521559,1783.2707045187306,3053.739038631249,1706.5169312757234,0.3767162724932486,4.0252693449209165,nan,400,checks_passed
10,expanded_tilted,particle_beta_22,4,1500,23.305803079981484,1.0010443413798906,2006.2954664390159,3463.6867775405344,1853.5190713785994,0.3555593389685387,4.52868968095918,nan,400,checks_passed
10,expanded_tilted,particle_beta_23,4,1500,19.84190438778472,1.0009047698222602,2334.1986143339254,2686.097302607834,2105.503241185507,0.2909741745038181,5.26884566848249,nan,400,checks_passed
10,expanded_tilted,particle_beta_24,4,1500,20.640924939595344,1.0015279614939454,2293.745193899082,2898.8458282626216,2094.78344841621,0.3085663603791533,5.17753260380815,nan,400,checks_passed
10,expanded_tilted,particle_beta_25,4,1500,16.276813669311135,1.0005422246624747,2610.4838832206233,3145.4802080763534,2400.1979652469986,0.1910701679785704,5.892487732743842,nan,400,checks_passed
10,expanded_tilted,particle_beta_26,4,1500,16.290437519266305,1.0010332179460484,3175.2925464642617,3519.3627048135527,3016.269392213377,0.17132502219840862,7.167396243347089,nan,400,checks_passed
